unique_id,forecast_units,recent_availability,n_days_observed,low_avail_days,assumed_future_availability,availability_data_gap,estimated_unmet_units,risk_fraction,risk_tier,name,l1_category_name_en,warehouse
619,26199.75501,0.6390476190476191,21.0,7.0,0.6390476190476191,False,9456.86,0.361,HIGH,Berry_1,Fruit and vegetable,Prague_1
620,14279.62545,0.5059999999999999,15.0,6.0,0.5059999999999999,False,7054.13,0.494,HIGH,Berry_1,Fruit and vegetable,Brno_1
617,12883.76198,0.46388888888888885,18.0,9.0,0.46388888888888885,False,6907.13,0.5361,HIGH,Berry_1,Fruit and vegetable,Prague_2
3097,25836.99236,0.7814285714285714,7.0,0.0,0.7814285714285714,False,5647.23,0.2186,HIGH,Watermelon_17,Fruit and vegetable,Brno_1
618,14089.61995,0.6321052631578947,19.0,6.0,0.6321052631578947,False,5183.5,0.3679,HIGH,Berry_1,Fruit and vegetable,Prague_3
567,10747.48787,0.5222222222222223,27.0,17.0,0.5222222222222223,False,5134.91,0.4778,HIGH,Strawberry_7,Fruit and vegetable,Budapest_1
4965,26713.44292,0.8228571428571428,28.0,3.0,0.8228571428571428,False,4732.1,0.1771,HIGH,Kohlrabi_10,Fruit and vegetable,Prague_1
4967,28629.782769999998,0.8496153846153847,26.0,2.0,0.8496153846153847,False,4305.48,0.1504,HIGH,Kohlrabi_10,Fruit and vegetable,Brno_1
369,21471.01324,0.8053571428571428,28.0,9.0,0.8053571428571428,False,4179.18,0.1946,HIGH,Roll_5,Bakery,Brno_1
2470,22669.79149,0.8484000000000002,25.0,4.0,0.8484000000000002,False,3436.74,0.1516,HIGH,Blueberry_17,Fruit and vegetable,Prague_1
2468,15923.98738,0.7859090909090909,22.0,4.0,0.7859090909090909,False,3409.18,0.2141,HIGH,Blueberry_17,Fruit and vegetable,Brno_1
2604,3412.06071,0.10444444444444446,18.0,18.0,0.10444444444444446,False,3055.69,0.8956,HIGH,Bag_1,Fruit and vegetable,Munich_1
4230,23813.84543,0.871785714285714,28.0,4.0,0.871785714285714,False,3053.28,0.1282,HIGH,Radish_13,Fruit and vegetable,Brno_1
1927,12965.5590527,0.7732142857142856,28.0,5.0,0.7732142857142856,False,2940.4,0.2268,HIGH,Pastry_81,Bakery,Brno_1
1215,7158.44279,0.5900000000000001,21.0,9.0,0.5900000000000001,False,2934.96,0.41,HIGH,Potato_22,Fruit and vegetable,Brno_1
653,58371.1019,0.9532142857142858,28.0,0.0,0.9532142857142858,False,2730.93,0.0468,LOW,Cucumber_10,Fruit and vegetable,Brno_1
1191,13937.691420000001,0.807142857142857,28.0,4.0,0.807142857142857,False,2687.98,0.1929,HIGH,Potato_21,Fruit and vegetable,Brno_1
525,48115.6419,0.9475,28.0,0.0,0.9475,False,2526.07,0.0525,MEDIUM,Roll_8,Bakery,Prague_1
4879,60239.2915,0.9585714285714285,28.0,0.0,0.9585714285714285,False,2495.63,0.0414,LOW,Roll_56,Bakery,Prague_1
5164,15689.42783,0.8466666666666667,24.0,1.0,0.8466666666666667,False,2405.71,0.1533,HIGH,Lemon_17,Fruit and vegetable,Prague_1
1692,14052.03568,0.8303703703703703,27.0,2.0,0.8303703703703703,False,2383.64,0.1696,HIGH,Blueberry_12,Fruit and vegetable,Budapest_1
4966,12641.30565,0.8125,28.0,5.0,0.8125,False,2370.24,0.1875,HIGH,Kohlrabi_10,Fruit and vegetable,Prague_3
1413,29767.49395,0.9210714285714284,28.0,2.0,0.9210714285714284,False,2349.51,0.0789,MEDIUM,Banana_5,Fruit and vegetable,Budapest_1
2873,4362.351682,0.4708,25.0,15.0,0.4708,False,2308.56,0.5292,HIGH,Grape_22,Fruit and vegetable,Prague_1
5342,17559.149409999998,0.8722222222222221,27.0,4.0,0.8722222222222221,False,2243.67,0.1278,HIGH,Radish_18,Fruit and vegetable,Budapest_1
3184,26114.61836,0.9160714285714286,28.0,1.0,0.9160714285714286,False,2191.76,0.0839,MEDIUM,Roll_30,Bakery,Brno_1
3209,10766.50684,0.8,23.0,2.0,0.8,False,2153.3,0.2,HIGH,Lettuce_26,Fruit and vegetable,Prague_1
2281,8737.35001,0.7550000000000001,18.0,3.0,0.7550000000000001,False,2140.65,0.245,HIGH,Strawberry_17,Fruit and vegetable,Budapest_1
3157,5411.48357,0.6158333333333333,12.0,5.0,0.6158333333333333,False,2078.91,0.3842,HIGH,Arugula_3,Fruit and vegetable,Budapest_1
4968,17898.38991,0.884642857142857,28.0,1.0,0.884642857142857,False,2064.71,0.1154,HIGH,Kohlrabi_10,Fruit and vegetable,Prague_2
4885,272890.3486,0.9924999999999999,28.0,0.0,0.9924999999999999,False,2046.68,0.0075,LOW,Roll_57,Bakery,Prague_1
5165,7661.7259,0.7346153846153847,26.0,8.0,0.7346153846153847,False,2033.3,0.2654,HIGH,Lemon_17,Fruit and vegetable,Prague_3
4062,4243.494806,0.5478571428571429,28.0,11.0,0.5478571428571429,False,1918.67,0.4521,HIGH,Bread_167,Bakery,Brno_1
4720,411868.409,0.9953571428571429,28.0,0.0,0.9953571428571429,False,1912.25,0.0046,LOW,Roll_51,Bakery,Brno_1
4599,13507.22531,0.8617857142857143,28.0,0.0,0.8617857142857143,False,1866.89,0.1382,HIGH,Lemon_13,Fruit and vegetable,Munich_1
2174,21431.29787,0.9137037037037038,27.0,1.0,0.9137037037037038,False,1849.44,0.0863,MEDIUM,Banana_8,Fruit and vegetable,Munich_1
1741,11300.11021,0.8375,28.0,1.0,0.8375,False,1836.27,0.1625,HIGH,Bread_70,Bakery,Prague_1
2561,54199.2248,0.9675,28.0,0.0,0.9675,False,1761.47,0.0325,LOW,Banana_10,Fruit and vegetable,Brno_1
1985,5304.37248,0.6724999999999999,8.0,1.0,0.6724999999999999,False,1737.18,0.3275,HIGH,Lemon_5,Fruit and vegetable,Budapest_1
2471,13298.82726,0.8704545454545454,22.0,0.0,0.8704545454545454,False,1722.8,0.1295,HIGH,Blueberry_17,Fruit and vegetable,Prague_2
3055,7767.32017,0.7784615384615384,13.0,3.0,0.7784615384615384,False,1720.76,0.2215,HIGH,Tomato_65,Fruit and vegetable,Munich_1
2760,6186.97408,0.7282142857142857,28.0,2.0,0.7282142857142857,False,1681.53,0.2718,HIGH,Bread_103,Bakery,Prague_1
2872,4386.374942,0.6166666666666667,21.0,7.0,0.6166666666666667,False,1681.44,0.3833,HIGH,Grape_22,Fruit and vegetable,Brno_1
2159,22125.78143,0.9249999999999998,28.0,0.0,0.9249999999999998,False,1659.43,0.075,MEDIUM,Roll_20,Bakery,Prague_1
2840,29182.39921,0.9450000000000001,28.0,2.0,0.9450000000000001,False,1605.03,0.055,MEDIUM,Avocado_5,Fruit and vegetable,Munich_1
3456,26458.24124,0.9396428571428571,28.0,0.0,0.9396428571428571,False,1596.94,0.0604,MEDIUM,Roll_34,Bakery,Prague_1
84,11607.79514,0.8639285714285713,28.0,3.0,0.8639285714285713,False,1579.49,0.1361,HIGH,Celery_0,Fruit and vegetable,Prague_1
3169,11525.411979999999,0.864642857142857,28.0,3.0,0.864642857142857,False,1560.05,0.1354,HIGH,Cucumber_23,Fruit and vegetable,Frankfurt_1
1022,15885.304180000001,0.9030769230769231,26.0,2.0,0.9030769230769231,False,1539.65,0.0969,MEDIUM,Raspberry_1,Fruit and vegetable,Munich_1
1324,5679.0444800000005,0.7295,20.0,4.0,0.7295,False,1536.18,0.2705,HIGH,Lime_2,Fruit and vegetable,Munich_1
2491,20187.91635,0.9249999999999999,28.0,0.0,0.9249999999999999,False,1514.09,0.075,MEDIUM,Pastry_108,Bakery,Brno_1
4891,6114.345574,0.7525,24.0,5.0,0.7525,False,1513.3,0.2475,HIGH,Lemon_15,Fruit and vegetable,Brno_1
1454,3392.180039,0.5539285714285713,28.0,11.0,0.5539285714285713,False,1513.15,0.4461,HIGH,Banana_6,Fruit and vegetable,Budapest_1
4126,17347.06678,0.9132142857142854,28.0,0.0,0.9132142857142854,False,1505.48,0.0868,MEDIUM,Roll_41,Bakery,Brno_1
4228,24959.73154,0.9403571428571429,28.0,1.0,0.9403571428571429,False,1488.67,0.0596,MEDIUM,Radish_13,Fruit and vegetable,Prague_1
3246,18149.29946,0.9185714285714287,28.0,0.0,0.9185714285714287,False,1477.87,0.0814,MEDIUM,Roll_31,Bakery,Prague_1
3686,13706.24211,0.8937037037037037,27.0,2.0,0.8937037037037037,False,1456.92,0.1063,HIGH,Kiwi_17,Fruit and vegetable,Prague_1
517,3222.217329,0.549,10.0,3.0,0.549,False,1453.22,0.451,HIGH,Tomato_11,Fruit and vegetable,Prague_2
1740,3401.521494,0.5910714285714287,28.0,8.0,0.5910714285714287,False,1390.98,0.4089,HIGH,Bread_70,Bakery,Prague_2
2694,22877.79536,0.9392857142857142,28.0,0.0,0.9392857142857142,False,1389.01,0.0607,MEDIUM,Roll_24,Bakery,Brno_1
4892,7452.814829,0.8144000000000001,25.0,3.0,0.8144000000000001,False,1383.24,0.1856,HIGH,Lemon_15,Fruit and vegetable,Prague_1
867,8318.83869,0.8346428571428571,28.0,4.0,0.8346428571428571,False,1375.58,0.1654,HIGH,Lettuce_7,Fruit and vegetable,Prague_1
3616,31821.4132,0.9571428571428571,28.0,0.0,0.9571428571428571,False,1363.77,0.0429,LOW,Bread_143,Bakery,Prague_1
394,27791.719559999998,0.9514285714285713,28.0,1.0,0.9514285714285713,False,1349.88,0.0486,LOW,Avocado_1,Fruit and vegetable,Brno_1
4465,7924.5077599999995,0.8314285714285713,28.0,2.0,0.8314285714285713,False,1335.85,0.1686,HIGH,Bun_3,Bakery,Brno_1
654,40876.2828,0.9675,28.0,0.0,0.9675,False,1328.48,0.0325,LOW,Cucumber_10,Fruit and vegetable,Prague_3
85,9364.5013,0.8588888888888889,27.0,2.0,0.8588888888888889,False,1321.44,0.1411,HIGH,Celery_0,Fruit and vegetable,Brno_1
64,5849.74172,0.7757142857142856,28.0,5.0,0.7757142857142856,False,1312.01,0.2243,HIGH,Banana_0,Fruit and vegetable,Frankfurt_1
5163,7732.42402,0.8335714285714287,28.0,6.0,0.8335714285714287,False,1286.9,0.1664,HIGH,Lemon_17,Fruit and vegetable,Prague_2
3455,19145.14895,0.9328571428571427,28.0,0.0,0.9328571428571427,False,1285.46,0.0671,MEDIUM,Roll_34,Bakery,Prague_2
1391,22181.07766,0.942142857142857,28.0,0.0,0.942142857142857,False,1283.33,0.0579,MEDIUM,Roll_12,Bakery,Prague_1
1671,11304.18059,0.887142857142857,28.0,3.0,0.887142857142857,False,1275.76,0.1129,HIGH,Lettuce_17,Fruit and vegetable,Brno_1
2469,10618.143,0.8799999999999999,23.0,1.0,0.8799999999999999,False,1274.18,0.12,HIGH,Blueberry_17,Fruit and vegetable,Prague_3
1640,9457.26196,0.8659259259259259,27.0,2.0,0.8659259259259259,False,1267.97,0.1341,HIGH,Banana_7,Fruit and vegetable,Prague_1
4229,14709.96529,0.9139285714285714,28.0,1.0,0.9139285714285714,False,1266.11,0.0861,MEDIUM,Radish_13,Fruit and vegetable,Prague_2
175,12345.11902,0.8974999999999999,28.0,2.0,0.8974999999999999,False,1265.37,0.1025,HIGH,Pastry_6,Bakery,Prague_1
1808,4078.88202,0.6905000000000001,20.0,7.0,0.6905000000000001,False,1262.41,0.3095,HIGH,Blueberry_14,Fruit and vegetable,Prague_1
86,7026.122186,0.8203846153846153,26.0,2.0,0.8203846153846153,False,1262.0,0.1796,HIGH,Celery_0,Fruit and vegetable,Prague_2
1078,3819.913761,0.6736842105263158,19.0,6.0,0.6736842105263158,False,1246.5,0.3263,HIGH,Berry_2,Fruit and vegetable,Prague_2
4743,10287.84155,0.8792857142857143,28.0,0.0,0.8792857142857143,False,1241.89,0.1207,HIGH,Bread_200,Bakery,Prague_1
4894,3756.921104,0.6730769230769229,26.0,6.0,0.6730769230769229,False,1228.22,0.3269,HIGH,Lemon_15,Fruit and vegetable,Prague_2
1042,6449.21589,0.8107692307692306,26.0,3.0,0.8107692307692306,False,1220.39,0.1892,HIGH,Carrot_10,Fruit and vegetable,Brno_1
4258,3966.52449,0.6942857142857143,28.0,0.0,0.6942857142857143,False,1212.62,0.3057,HIGH,Pastry_159,Bakery,Prague_2
526,30623.25951,0.9610714285714285,28.0,0.0,0.9610714285714285,False,1192.12,0.0389,LOW,Roll_8,Bakery,Prague_2
1471,6751.630455,0.8241666666666667,24.0,3.0,0.8241666666666667,False,1187.16,0.1758,HIGH,Watermelon_7,Fruit and vegetable,Brno_1
5166,12709.98179,0.9070833333333334,24.0,0.0,0.9070833333333334,False,1180.97,0.0929,MEDIUM,Lemon_17,Fruit and vegetable,Brno_1
3094,5851.498885,0.7999999999999999,8.0,1.0,0.7999999999999999,False,1170.3,0.2,HIGH,Watermelon_17,Fruit and vegetable,Prague_2
2246,6204.514966,0.8126666666666666,15.0,1.0,0.8126666666666666,False,1162.31,0.1873,HIGH,Asparagus_11,Fruit and vegetable,Prague_1
3211,8326.88167,0.8608333333333332,24.0,1.0,0.8608333333333332,False,1158.82,0.1392,HIGH,Lettuce_26,Fruit and vegetable,Brno_1
2173,4026.69675,0.7124999999999999,24.0,5.0,0.7124999999999999,False,1157.68,0.2875,HIGH,Banana_8,Fruit and vegetable,Frankfurt_1
5383,16898.81927,0.9321428571428573,28.0,0.0,0.9321428571428573,False,1146.71,0.0679,MEDIUM,Pastry_201,Bakery,Prague_1
3420,4955.36342,0.7707407407407407,27.0,4.0,0.7707407407407407,False,1136.06,0.2293,HIGH,Lettuce_28,Fruit and vegetable,Munich_1
3927,8107.1402100000005,0.86,1.0,0.0,0.86,False,1135.0,0.14,HIGH,Tomato_89,Fruit and vegetable,Munich_1
2846,8289.32633,0.8639285714285714,28.0,3.0,0.8639285714285714,False,1127.94,0.1361,HIGH,Tomato_61,Fruit and vegetable,Brno_1
652,66702.5663,0.9835714285714285,28.0,0.0,0.9835714285714285,False,1095.83,0.0164,LOW,Cucumber_10,Fruit and vegetable,Prague_1
520,2395.164183,0.5429999999999999,10.0,4.0,0.5429999999999999,False,1094.59,0.457,HIGH,Tomato_11,Fruit and vegetable,Prague_3
4789,4539.1542,0.76,15.0,4.0,0.76,False,1089.4,0.24,HIGH,Potato_73,Fruit and vegetable,Brno_1
2761,2574.497171,0.5792857142857144,28.0,4.0,0.5792857142857144,False,1083.13,0.4207,HIGH,Bread_103,Bakery,Prague_2
4177,2338.024545,0.5435714285714285,14.0,5.0,0.5435714285714285,False,1067.14,0.4564,HIGH,Pepper_23,Fruit and vegetable,Prague_1
5399,4675.71998,0.7724000000000001,25.0,5.0,0.7724000000000001,False,1064.19,0.2276,HIGH,Zucchini_13,Fruit and vegetable,Munich_1
2148,6889.74778,0.8459259259259261,27.0,4.0,0.8459259259259261,False,1061.53,0.1541,HIGH,Pepper_13,Fruit and vegetable,Munich_1
3215,4938.46881,0.7876470588235295,17.0,3.0,0.7876470588235295,False,1048.7,0.2124,HIGH,Kiwi_16,Fruit and vegetable,Frankfurt_1
1915,9828.16551,0.8951851851851851,27.0,2.0,0.8951851851851851,False,1030.14,0.1048,HIGH,Chicken_37,Meat and fish,Budapest_1
3208,5258.83513,0.8043478260869565,23.0,4.0,0.8043478260869565,False,1028.9,0.1957,HIGH,Lettuce_26,Fruit and vegetable,Prague_3
4175,2011.693374,0.48888888888888893,9.0,3.0,0.48888888888888893,False,1028.2,0.5111,HIGH,Pepper_23,Fruit and vegetable,Brno_1
4893,3637.577767,0.7192307692307691,26.0,8.0,0.7192307692307691,False,1021.32,0.2808,HIGH,Lemon_15,Fruit and vegetable,Prague_3
360,5292.409696,0.8076923076923078,26.0,2.0,0.8076923076923078,False,1017.77,0.1923,HIGH,Pepper_1,Fruit and vegetable,Prague_1
1071,3522.531674,0.7170588235294117,17.0,3.0,0.7170588235294117,False,996.67,0.2829,HIGH,Carrot_11,Fruit and vegetable,Budapest_1
180,11462.45196,0.9132142857142858,28.0,0.0,0.9132142857142858,False,994.78,0.0868,MEDIUM,Pastry_7,Bakery,Prague_1
524,24784.480649999998,0.96,28.0,0.0,0.96,False,991.38,0.04,LOW,Roll_8,Bakery,Prague_3
1193,12776.95973,0.9228571428571428,28.0,0.0,0.9228571428571428,False,985.65,0.0771,MEDIUM,Potato_21,Fruit and vegetable,Prague_1
3509,7393.70107,0.8671428571428571,28.0,0.0,0.8671428571428571,False,982.31,0.1329,HIGH,Roll_36,Bakery,Prague_1
2274,17057.67209,0.9425,28.0,1.0,0.9425,False,980.82,0.0575,MEDIUM,Tomato_47,Fruit and vegetable,Prague_1
518,4071.920379,0.7592307692307692,13.0,3.0,0.7592307692307692,False,980.39,0.2408,HIGH,Tomato_11,Fruit and vegetable,Prague_1
1739,5079.04495,0.807142857142857,28.0,1.0,0.807142857142857,False,979.53,0.1929,HIGH,Bread_70,Bakery,Prague_3
3928,5387.68654,0.82,1.0,0.0,0.82,False,969.78,0.18,HIGH,Tomato_89,Fruit and vegetable,Frankfurt_1
447,9104.26395,0.8938095238095238,21.0,2.0,0.8938095238095238,False,966.79,0.1062,HIGH,Cucumber_6,Fruit and vegetable,Prague_1
3685,9752.41735,0.9014814814814814,27.0,3.0,0.9014814814814814,False,960.79,0.0985,MEDIUM,Kiwi_17,Fruit and vegetable,Brno_1
4852,5994.8801300000005,0.8400000000000001,7.0,1.0,0.8400000000000001,False,959.18,0.16,HIGH,Strawberry_36,Fruit and vegetable,Munich_1
2668,11197.17315,0.9151851851851851,27.0,2.0,0.9151851851851851,False,949.69,0.0848,MEDIUM,Potato_43,Fruit and vegetable,Brno_1
4250,7852.63184,0.8792857142857142,28.0,1.0,0.8792857142857142,False,947.92,0.1207,HIGH,Pastry_158,Bakery,Prague_1
1318,6582.1937800000005,0.8575,28.0,3.0,0.8575,False,937.96,0.1425,HIGH,Asparagus_7,Fruit and vegetable,Munich_1
3464,7108.14051,0.8684000000000001,25.0,1.0,0.8684000000000001,False,935.43,0.1316,HIGH,Arugula_5,Fruit and vegetable,Prague_1
3478,1188.310571,0.2166666666666667,3.0,2.0,0.2166666666666667,False,930.84,0.7833,HIGH,Nectarine_10,Fruit and vegetable,Prague_1
3465,6352.79577,0.8538461538461538,26.0,2.0,0.8538461538461538,False,928.49,0.1462,HIGH,Arugula_5,Fruit and vegetable,Brno_1
4877,26712.73973,0.9653571428571429,28.0,0.0,0.9653571428571429,False,925.41,0.0346,LOW,Roll_56,Bakery,Prague_3
5347,11490.37092,0.9196296296296296,27.0,1.0,0.9196296296296296,False,923.49,0.0804,MEDIUM,Carrot_36,Fruit and vegetable,Brno_1
1807,2768.495804,0.6678947368421052,19.0,5.0,0.6678947368421052,False,919.43,0.3321,HIGH,Blueberry_14,Fruit and vegetable,Brno_1
4441,4910.7845,0.8135714285714287,28.0,4.0,0.8135714285714287,False,915.51,0.1864,HIGH,Roll_46,Bakery,Brno_1
2500,4550.40653,0.7988888888888889,27.0,4.0,0.7988888888888889,False,915.14,0.2011,HIGH,Banana_9,Fruit and vegetable,Brno_1
2849,5069.047356,0.8200000000000002,27.0,5.0,0.8200000000000002,False,912.43,0.18,HIGH,Tomato_61,Fruit and vegetable,Prague_2
4742,7122.28915,0.8724999999999999,28.0,1.0,0.8724999999999999,False,908.09,0.1275,HIGH,Bread_200,Bakery,Prague_2
177,6334.01216,0.8567857142857143,28.0,0.0,0.8567857142857143,False,907.12,0.1432,HIGH,Pastry_6,Bakery,Prague_2
2816,3443.22182,0.7366666666666667,6.0,1.0,0.7366666666666667,False,906.72,0.2633,HIGH,Tomato_59,Fruit and vegetable,Munich_1
3210,5923.4580399999995,0.8473913043478261,23.0,1.0,0.8473913043478261,False,903.97,0.1526,HIGH,Lettuce_26,Fruit and vegetable,Prague_2
4482,4301.891387,0.792,5.0,0.0,0.792,False,894.79,0.208,HIGH,Strawberry_33,Fruit and vegetable,Frankfurt_1
3458,8430.86347,0.8942857142857145,28.0,1.0,0.8942857142857145,False,891.26,0.1057,HIGH,Roll_35,Bakery,Brno_1
4201,4483.17167,0.8025925925925926,27.0,5.0,0.8025925925925926,False,885.01,0.1974,HIGH,Carrot_30,Fruit and vegetable,Budapest_1
3463,4030.658769,0.7804347826086958,23.0,4.0,0.7804347826086958,False,884.99,0.2196,HIGH,Arugula_5,Fruit and vegetable,Prague_2
3693,7611.7934,0.8842857142857142,28.0,0.0,0.8842857142857142,False,880.79,0.1157,HIGH,Pastry_137,Bakery,Prague_1
2282,4120.63407,0.788695652173913,23.0,4.0,0.788695652173913,False,870.71,0.2113,HIGH,Chicken_50,Meat and fish,Budapest_1
868,4814.047545,0.8200000000000001,26.0,4.0,0.8200000000000001,False,866.53,0.18,HIGH,Lettuce_7,Fruit and vegetable,Prague_3
1077,4293.983088,0.7999999999999999,22.0,2.0,0.7999999999999999,False,858.8,0.2,HIGH,Berry_2,Fruit and vegetable,Brno_1
1080,5909.510128,0.8552,25.0,2.0,0.8552,False,855.7,0.1448,HIGH,Berry_2,Fruit and vegetable,Prague_1
3914,4600.876825,0.8165217391304348,23.0,4.0,0.8165217391304348,False,844.16,0.1835,HIGH,Mushroom_22,Fruit and vegetable,Munich_1
4357,2182.61193,0.6154166666666667,24.0,6.0,0.6154166666666667,False,839.4,0.3846,HIGH,Toust_31,Bakery,Brno_1
1684,6470.7726,0.8703703703703703,27.0,1.0,0.8703703703703703,False,838.8,0.1296,HIGH,Kiwi_8,Fruit and vegetable,Prague_1
3470,6605.24856,0.8730769230769229,13.0,1.0,0.8730769230769229,False,838.36,0.1269,HIGH,Zucchini_8,Fruit and vegetable,Budapest_1
4324,3374.149445,0.7529166666666667,24.0,5.0,0.7529166666666667,False,833.7,0.2471,HIGH,Chicken_82,Meat and fish,Budapest_1
4782,4172.223375,0.8004166666666667,24.0,5.0,0.8004166666666667,False,832.71,0.1996,HIGH,Potato_72,Fruit and vegetable,Brno_1
195,2410.050534,0.6553846153846153,13.0,4.0,0.6553846153846153,False,830.54,0.3446,HIGH,Watermelon_3,Fruit and vegetable,Munich_1
176,6172.6633,0.8667857142857144,28.0,0.0,0.8667857142857144,False,822.29,0.1332,HIGH,Pastry_6,Bakery,Prague_3
2919,3581.153927,0.7707692307692308,13.0,3.0,0.7707692307692308,False,820.91,0.2292,HIGH,Lettuce_25,Fruit and vegetable,Prague_1
1233,4670.5585,0.8242857142857142,28.0,5.0,0.8242857142857142,False,820.68,0.1757,HIGH,Tomato_26,Fruit and vegetable,Munich_1
1474,4859.559749,0.8316000000000001,25.0,3.0,0.8316000000000001,False,818.35,0.1684,HIGH,Watermelon_7,Fruit and vegetable,Prague_1
793,6283.640305,0.8700000000000001,21.0,2.0,0.8700000000000001,False,816.87,0.13,HIGH,Carrot_7,Fruit and vegetable,Munich_1
2307,3556.647625,0.7709090909090908,22.0,5.0,0.7709090909090908,False,814.8,0.2291,HIGH,Pepper_15,Fruit and vegetable,Prague_1
1641,4627.63039,0.824074074074074,27.0,2.0,0.824074074074074,False,814.12,0.1759,HIGH,Banana_7,Fruit and vegetable,Prague_2
1691,3992.88739,0.7973913043478262,23.0,4.0,0.7973913043478262,False,808.99,0.2026,HIGH,Chicken_34,Meat and fish,Budapest_1
4176,1437.3130390000001,0.44,22.0,14.0,0.44,False,804.9,0.56,HIGH,Pepper_23,Fruit and vegetable,Prague_2
3462,4033.277546,0.8021428571428572,28.0,5.0,0.8021428571428572,False,798.01,0.1979,HIGH,Arugula_5,Fruit and vegetable,Prague_3
1558,7236.01614,0.8899999999999999,28.0,3.0,0.8899999999999999,False,795.96,0.11,HIGH,Vegetable_10,Fruit and vegetable,Brno_1
4260,6961.11944,0.8857142857142859,28.0,0.0,0.8857142857142859,False,795.56,0.1143,HIGH,Pastry_159,Bakery,Prague_1
2525,3279.78739,0.7578947368421053,19.0,4.0,0.7578947368421053,False,794.05,0.2421,HIGH,Blueberry_18,Fruit and vegetable,Budapest_1
3153,5100.27838,0.8460714285714285,28.0,3.0,0.8460714285714285,False,785.08,0.1539,HIGH,Broccoli_8,Fruit and vegetable,Prague_3
2247,2181.827319,0.6427272727272727,11.0,4.0,0.6427272727272727,False,779.51,0.3573,HIGH,Asparagus_11,Fruit and vegetable,Prague_3
2306,4453.381352,0.8250000000000001,24.0,5.0,0.8250000000000001,False,779.34,0.175,HIGH,Pepper_15,Fruit and vegetable,Brno_1
4065,1788.696224,0.5657142857142857,28.0,9.0,0.5657142857142857,False,776.81,0.4343,HIGH,Toust_28,Bakery,Prague_1
2556,4963.7117100000005,0.845,28.0,2.0,0.845,False,769.38,0.155,HIGH,Cucumber_18,Fruit and vegetable,Prague_1
4713,7049.3831549999995,0.892142857142857,28.0,3.0,0.892142857142857,False,760.33,0.1079,HIGH,Mango_10,Fruit and vegetable,Prague_1
889,3413.82962,0.777857142857143,28.0,7.0,0.777857142857143,False,758.36,0.2221,HIGH,Carrot_9,Fruit and vegetable,Prague_2
1654,776.60444,0.027500000000000007,12.0,12.0,0.027500000000000007,False,755.25,0.9725,HIGH,Bag_0,Fruit and vegetable,Brno_1
3617,18527.61215,0.9592857142857142,28.0,0.0,0.9592857142857142,False,754.34,0.0407,LOW,Bread_143,Bakery,Prague_2
2160,16659.68051,0.9549999999999998,28.0,0.0,0.9549999999999998,False,749.69,0.045,LOW,Roll_20,Bakery,Prague_2
3200,7358.23207,0.8982142857142855,28.0,0.0,0.8982142857142855,False,748.96,0.1018,HIGH,Mushroom_17,Fruit and vegetable,Brno_1
1643,4190.42138,0.8218518518518516,27.0,3.0,0.8218518518518516,False,746.52,0.1781,HIGH,Banana_7,Fruit and vegetable,Prague_3
3935,2877.190932,0.740952380952381,21.0,5.0,0.740952380952381,False,745.33,0.259,HIGH,Sweet Potato_13,Fruit and vegetable,Munich_1
2944,8901.71222,0.9166666666666666,27.0,1.0,0.9166666666666666,False,741.81,0.0833,MEDIUM,Parsley_6,Fruit and vegetable,Budapest_1
4422,1231.947667,0.397857142857143,28.0,28.0,0.397857142857143,False,741.81,0.6021,HIGH,Roll_45,Bakery,Prague_1
4529,6138.231914,0.8796296296296298,27.0,2.0,0.8796296296296298,False,738.86,0.1204,HIGH,Tomato_102,Fruit and vegetable,Brno_1
38,4985.205565,0.8518181818181819,11.0,2.0,0.8518181818181819,False,738.72,0.1482,HIGH,Potato_0,Fruit and vegetable,Budapest_1
2562,50373.7266,0.9853571428571428,28.0,0.0,0.9853571428571428,False,737.62,0.0146,LOW,Banana_10,Fruit and vegetable,Prague_1
3419,2618.742768,0.7184999999999999,20.0,6.0,0.7184999999999999,False,737.18,0.2815,HIGH,Lettuce_28,Fruit and vegetable,Frankfurt_1
4744,5517.2409959999995,0.8671428571428572,28.0,1.0,0.8671428571428572,False,733.0,0.1329,HIGH,Bread_200,Bakery,Prague_3
5337,1880.367815,0.6103571428571428,28.0,9.0,0.6103571428571428,False,732.67,0.3896,HIGH,Tangerine_0,Fruit and vegetable,Prague_1
4278,3425.970035,0.7866666666666667,24.0,5.0,0.7866666666666667,False,730.87,0.2133,HIGH,Lemon_12,Fruit and vegetable,Budapest_1
3086,5718.33631,0.874074074074074,27.0,3.0,0.874074074074074,False,720.09,0.1259,HIGH,Cucumber_21,Fruit and vegetable,Prague_1
3155,7664.47819,0.9064285714285715,28.0,2.0,0.9064285714285715,False,717.18,0.0936,MEDIUM,Broccoli_8,Fruit and vegetable,Brno_1
256,5227.50533,0.8632142857142858,28.0,2.0,0.8632142857142858,False,715.05,0.1368,HIGH,Cucumber_2,Fruit and vegetable,Brno_1
914,5196.66745,0.8634615384615386,26.0,4.0,0.8634615384615386,False,709.54,0.1365,HIGH,Leek_1,Fruit and vegetable,Prague_2
3457,15161.23799,0.9532142857142857,28.0,0.0,0.9532142857142857,False,709.33,0.0468,LOW,Roll_34,Bakery,Prague_3
5304,2560.787735,0.7233333333333333,3.0,1.0,0.7233333333333333,False,708.48,0.2767,HIGH,Strawberry_43,Fruit and vegetable,Munich_1
649,7764.40195,0.9087999999999999,25.0,3.0,0.9087999999999999,False,708.11,0.0912,MEDIUM,Carrot_5,Fruit and vegetable,Budapest_1
321,3883.815541,0.8185185185185188,27.0,3.0,0.8185185185185188,False,704.84,0.1815,HIGH,Strawberry_5,Fruit and vegetable,Prague_1
1810,1773.444131,0.603,20.0,8.0,0.603,False,704.06,0.397,HIGH,Blueberry_14,Fruit and vegetable,Prague_3
1655,755.0694,0.06875000000000002,16.0,16.0,0.06875000000000002,False,703.16,0.9313,HIGH,Bag_0,Fruit and vegetable,Prague_1
4425,7825.57124,0.9107142857142855,28.0,0.0,0.9107142857142855,False,698.71,0.0893,MEDIUM,Pastry_165,Bakery,Brno_1
3831,2344.4635,0.7057142857142857,21.0,5.0,0.7057142857142857,False,689.94,0.2943,HIGH,Bell Pepper_16,Fruit and vegetable,Brno_1
2871,2224.838675,0.6913043478260869,23.0,6.0,0.6913043478260869,False,686.8,0.3087,HIGH,Grape_22,Fruit and vegetable,Prague_2
4436,1202.911065,0.42909090909090913,22.0,16.0,0.42909090909090913,False,686.75,0.5709,HIGH,Cucumber_31,Fruit and vegetable,Prague_1
866,5023.5188,0.8634615384615383,26.0,3.0,0.8634615384615383,False,685.9,0.1365,HIGH,Lettuce_7,Fruit and vegetable,Prague_2
1392,10108.28064,0.9324999999999999,28.0,0.0,0.9324999999999999,False,682.31,0.0675,MEDIUM,Roll_12,Bakery,Prague_3
3096,20987.18776,0.9675,8.0,0.0,0.9675,False,682.08,0.0325,LOW,Watermelon_17,Fruit and vegetable,Prague_1
2918,2494.521565,0.7266666666666666,12.0,4.0,0.7266666666666666,False,681.84,0.2733,HIGH,Lettuce_25,Fruit and vegetable,Prague_3
2095,4999.5603,0.8642857142857142,28.0,3.0,0.8642857142857142,False,678.51,0.1357,HIGH,Tomato_44,Fruit and vegetable,Prague_1
2440,12461.50111,0.9457142857142857,28.0,0.0,0.9457142857142857,False,676.48,0.0543,MEDIUM,Avocado_4,Fruit and vegetable,Munich_1
1479,18377.67646,0.9633333333333333,27.0,0.0,0.9633333333333333,False,673.85,0.0367,LOW,Bread_60,Bakery,Budapest_1
43,5268.00977,0.8729629629629628,27.0,3.0,0.8729629629629628,False,669.23,0.127,HIGH,Apple_0,Fruit and vegetable,Prague_1
3684,7760.86826,0.9139285714285714,28.0,1.0,0.9139285714285714,False,667.99,0.0861,MEDIUM,Kiwi_17,Fruit and vegetable,Prague_2
361,2029.362519,0.6709999999999999,20.0,5.0,0.6709999999999999,False,667.66,0.329,HIGH,Pepper_1,Fruit and vegetable,Brno_1
3067,2330.026726,0.7135,20.0,6.0,0.7135,False,667.55,0.2865,HIGH,Cauliflower_4,Fruit and vegetable,Brno_1
4427,3973.056839,0.8322222222222222,27.0,4.0,0.8322222222222222,False,666.59,0.1678,HIGH,Broccoli_9,Fruit and vegetable,Brno_1
1722,3461.2055100000002,0.8076190476190478,21.0,5.0,0.8076190476190478,False,665.87,0.1924,HIGH,Asparagus_10,Fruit and vegetable,Budapest_1
338,8561.84964,0.9225,24.0,1.0,0.9225,False,663.54,0.0775,MEDIUM,Cucumber_3,Fruit and vegetable,Frankfurt_1
2300,1456.28964287,0.5489285714285714,28.0,9.0,0.5489285714285714,False,656.89,0.4511,HIGH,Croissant_17,Bakery,Brno_1
4714,5334.778928,0.8770833333333333,24.0,1.0,0.8770833333333333,False,655.73,0.1229,HIGH,Mango_10,Fruit and vegetable,Brno_1
2977,11122.57986,0.9410714285714287,28.0,2.0,0.9410714285714287,False,655.44,0.0589,MEDIUM,Tomato_63,Fruit and vegetable,Munich_1
112,5020.28454,0.8695454545454545,22.0,2.0,0.8695454545454545,False,654.92,0.1305,HIGH,Lettuce_2,Fruit and vegetable,Munich_1
5138,3731.618138,0.8251851851851851,27.0,2.0,0.8251851851851851,False,652.34,0.1748,HIGH,Lemon_16,Fruit and vegetable,Prague_3
3849,2883.75889,0.7739285714285714,28.0,3.0,0.7739285714285714,False,651.94,0.2261,HIGH,Pastry_146,Bakery,Brno_1
2385,6691.869266,0.9029166666666666,24.0,2.0,0.9029166666666666,False,649.67,0.0971,MEDIUM,Tomato_48,Fruit and vegetable,Brno_1
122,7495.86852,0.9135714285714286,28.0,2.0,0.9135714285714286,False,647.86,0.0864,MEDIUM,Bread_4,Bakery,Munich_1
2916,2277.612995,0.7158333333333333,12.0,3.0,0.7158333333333333,False,647.22,0.2842,HIGH,Lettuce_25,Fruit and vegetable,Prague_2
1213,5712.17224,0.887037037037037,27.0,2.0,0.887037037037037,False,645.26,0.113,HIGH,Potato_22,Fruit and vegetable,Prague_3
754,1901.0970379999999,0.6608333333333334,24.0,7.0,0.6608333333333334,False,644.79,0.3392,HIGH,Lemon_2,Fruit and vegetable,Munich_1
2094,2689.1666609999997,0.7603846153846153,26.0,8.0,0.7603846153846153,False,644.37,0.2396,HIGH,Tomato_44,Fruit and vegetable,Prague_3
890,2664.79491,0.7596153846153846,26.0,5.0,0.7596153846153846,False,640.58,0.2404,HIGH,Carrot_9,Fruit and vegetable,Brno_1
738,2303.882314,0.722,20.0,6.0,0.722,False,640.48,0.278,HIGH,Croissant_6,Bakery,Munich_1
4187,2631.497512,0.7592307692307692,13.0,1.0,0.7592307692307692,False,633.58,0.2408,HIGH,Arugula_7,Fruit and vegetable,Budapest_1
2503,4084.83799,0.8451851851851852,27.0,1.0,0.8451851851851852,False,632.39,0.1548,HIGH,Banana_9,Fruit and vegetable,Prague_2
3088,3255.077334,0.8060714285714287,28.0,7.0,0.8060714285714287,False,631.25,0.1939,HIGH,Cucumber_21,Fruit and vegetable,Prague_3
5139,4155.203956,0.8485714285714286,28.0,4.0,0.8485714285714286,False,629.22,0.1514,HIGH,Lemon_16,Fruit and vegetable,Prague_2
5302,3026.020582,0.7922222222222223,27.0,5.0,0.7922222222222223,False,628.74,0.2078,HIGH,Bread_226,Bakery,Budapest_1
2679,8338.46051,0.925,4.0,0.0,0.925,False,625.38,0.075,MEDIUM,Apricot_8,Fruit and vegetable,Prague_1
2913,1618.597482,0.6138461538461539,26.0,9.0,0.6138461538461539,False,625.03,0.3862,HIGH,Banana_11,Fruit and vegetable,Budapest_1
4528,5748.378103,0.8921428571428571,28.0,1.0,0.8921428571428571,False,620.0,0.1079,HIGH,Tomato_102,Fruit and vegetable,Prague_1
3507,3101.786831,0.8010714285714285,28.0,5.0,0.8010714285714285,False,617.03,0.1989,HIGH,Roll_36,Bakery,Prague_2
2093,2998.402726,0.7944444444444444,27.0,4.0,0.7944444444444444,False,616.34,0.2056,HIGH,Tomato_44,Fruit and vegetable,Prague_2
1690,1885.292706,0.6733333333333333,24.0,7.0,0.6733333333333333,False,615.86,0.3267,HIGH,Grape_12,Fruit and vegetable,Frankfurt_1
4639,19358.71432,0.9682142857142857,28.0,0.0,0.9682142857142857,False,615.33,0.0318,LOW,Cucumber_32,Fruit and vegetable,Munich_1
1021,4885.53965,0.8740740740740741,27.0,2.0,0.8740740740740741,False,615.22,0.1259,HIGH,Raspberry_1,Fruit and vegetable,Frankfurt_1
4886,4977.45767,0.8766666666666667,15.0,2.0,0.8766666666666667,False,613.89,0.1233,HIGH,Bell Pepper_21,Fruit and vegetable,Munich_1
5057,3414.276086,0.8210714285714286,28.0,5.0,0.8210714285714286,False,610.91,0.1789,HIGH,Carrot_34,Fruit and vegetable,Budapest_1
4623,4605.7863099999995,0.8674999999999999,28.0,0.0,0.8674999999999999,False,610.27,0.1325,HIGH,Roll_48,Bakery,Prague_1
1079,3446.854413,0.8233333333333334,24.0,4.0,0.8233333333333334,False,608.94,0.1767,HIGH,Berry_2,Fruit and vegetable,Prague_3
5382,7187.44513,0.9157142857142857,28.0,0.0,0.9157142857142857,False,605.8,0.0843,MEDIUM,Pastry_201,Bakery,Prague_3
3089,4216.96042,0.8566666666666668,27.0,4.0,0.8566666666666668,False,604.43,0.1433,HIGH,Cucumber_21,Fruit and vegetable,Brno_1
887,4043.51041,0.8539285714285715,28.0,2.0,0.8539285714285715,False,590.64,0.1461,HIGH,Carrot_9,Fruit and vegetable,Prague_3
1020,3656.777913,0.8389285714285715,28.0,1.0,0.8389285714285715,False,589.0,0.1611,HIGH,Pastry_43,Bakery,Brno_1
2129,24613.75504,0.9760714285714286,28.0,0.0,0.9760714285714286,False,588.97,0.0239,LOW,Grape_15,Fruit and vegetable,Brno_1
1642,5014.22012,0.8825925925925925,27.0,2.0,0.8825925925925925,False,588.71,0.1174,HIGH,Banana_7,Fruit and vegetable,Brno_1
888,6838.70071,0.9139285714285714,28.0,1.0,0.9139285714285714,False,588.62,0.0861,MEDIUM,Carrot_9,Fruit and vegetable,Prague_1
115,3057.921133,0.807777777777778,27.0,6.0,0.807777777777778,False,587.8,0.1922,HIGH,Avocado_0,Fruit and vegetable,Brno_1
235,2604.9604640000002,0.7753571428571429,28.0,9.0,0.7753571428571429,False,585.19,0.2246,HIGH,Pastry_11,Bakery,Brno_1
2275,13526.67222,0.9567857142857142,28.0,0.0,0.9567857142857142,False,584.55,0.0432,LOW,Tomato_47,Fruit and vegetable,Brno_1
4319,2221.7501939999997,0.7372,25.0,9.0,0.7372,False,583.88,0.2628,HIGH,Raspberry_9,Fruit and vegetable,Budapest_1
1536,2722.37626,0.7860714285714285,28.0,9.0,0.7860714285714285,False,582.39,0.2139,HIGH,Roll_14,Bakery,Brno_1
320,2910.908114,0.8003571428571429,28.0,5.0,0.8003571428571429,False,581.14,0.1996,HIGH,Strawberry_5,Fruit and vegetable,Brno_1
83,6417.9415500000005,0.9096296296296296,27.0,1.0,0.9096296296296296,False,579.99,0.0904,MEDIUM,Celery_0,Fruit and vegetable,Prague_3
1132,2048.742458,0.7184615384615385,26.0,6.0,0.7184615384615385,False,576.8,0.2815,HIGH,Mango_5,Fruit and vegetable,Prague_1
1809,2074.389117,0.722,25.0,5.0,0.722,False,576.68,0.278,HIGH,Blueberry_14,Fruit and vegetable,Prague_2
2759,2574.6208970000002,0.7760714285714286,28.0,0.0,0.7760714285714286,False,576.53,0.2239,HIGH,Bread_103,Bakery,Prague_3
3302,2663.570689,0.7837037037037036,27.0,4.0,0.7837037037037036,False,576.12,0.2163,HIGH,Bread_128,Bakery,Budapest_1
4913,4108.816524,0.8600000000000001,26.0,4.0,0.8600000000000001,False,575.23,0.14,HIGH,Salad_56,Fruit and vegetable,Munich_1
3595,1934.677819,0.7028,25.0,8.0,0.7028,False,574.99,0.2972,HIGH,Tomato_77,Fruit and vegetable,Frankfurt_1
4694,1414.946501,0.5942857142857143,28.0,8.0,0.5942857142857143,False,574.06,0.4057,HIGH,Bread_196,Bakery,Prague_2
667,944.491455,0.3946428571428572,28.0,28.0,0.3946428571428572,False,571.75,0.6054,HIGH,Roll_10,Bakery,Brno_1
5141,6517.94442,0.9125000000000002,28.0,1.0,0.9125000000000002,False,570.32,0.0875,MEDIUM,Lemon_16,Fruit and vegetable,Brno_1
4700,1915.228857,0.7025,28.0,2.0,0.7025,False,569.78,0.2975,HIGH,Bread_197,Bakery,Prague_1
5348,9414.74153,0.9396428571428571,28.0,2.0,0.9396428571428571,False,568.25,0.0604,MEDIUM,Carrot_36,Fruit and vegetable,Prague_3
2432,8864.66779,0.935925925925926,27.0,1.0,0.935925925925926,False,568.0,0.0641,MEDIUM,Apple_69,Fruit and vegetable,Brno_1
1672,12616.35738,0.9550000000000001,28.0,0.0,0.9550000000000001,False,567.74,0.045,LOW,Lettuce_17,Fruit and vegetable,Prague_1
2161,12209.109410000001,0.9535714285714285,28.0,0.0,0.9535714285714285,False,566.85,0.0464,LOW,Roll_20,Bakery,Prague_3
2800,3966.581654,0.8574074074074074,27.0,4.0,0.8574074074074074,False,565.61,0.1426,HIGH,Radish_11,Fruit and vegetable,Munich_1
1609,1790.1977200000001,0.6849999999999999,6.0,1.0,0.6849999999999999,False,563.91,0.315,HIGH,Grape_10,Fruit and vegetable,Brno_1
4688,6678.33635,0.9157142857142856,28.0,1.0,0.9157142857142856,False,562.89,0.0843,MEDIUM,Bread_194,Bakery,Brno_1
5358,2939.531489,0.8087499999999999,24.0,5.0,0.8087499999999999,False,562.19,0.1913,HIGH,Lemon_18,Fruit and vegetable,Frankfurt_1
537,2404.393977,0.7682608695652174,23.0,6.0,0.7682608695652174,False,557.19,0.2317,HIGH,Chicken_14,Meat and fish,Budapest_1
3618,15101.11054,0.9632142857142857,28.0,0.0,0.9632142857142857,False,555.51,0.0368,LOW,Bread_143,Bakery,Prague_3
4337,4558.86978,0.8782142857142856,28.0,1.0,0.8782142857142856,False,555.21,0.1218,HIGH,Pastry_163,Bakery,Prague_1
3449,2928.108007,0.8104761904761906,21.0,2.0,0.8104761904761906,False,554.95,0.1895,HIGH,Asparagus_18,Fruit and vegetable,Prague_3
869,7561.80392,0.9266666666666666,27.0,2.0,0.9266666666666666,False,554.53,0.0733,MEDIUM,Lettuce_7,Fruit and vegetable,Brno_1
1026,6151.910159999999,0.91,23.0,1.0,0.91,False,553.67,0.09,MEDIUM,Fig_1,Fruit and vegetable,Prague_1
971,1863.5511724,0.7032142857142858,28.0,11.0,0.7032142857142858,False,553.08,0.2968,HIGH,Pastry_41,Bakery,Brno_1
2270,6277.56222,0.9121739130434783,23.0,3.0,0.9121739130434783,False,551.33,0.0878,MEDIUM,Carrot_18,Fruit and vegetable,Budapest_1
2697,5881.19069,0.906818181818182,22.0,2.0,0.906818181818182,False,548.02,0.0932,MEDIUM,Blueberry_20,Fruit and vegetable,Munich_1
5413,3973.22227,0.8626923076923076,26.0,3.0,0.8626923076923076,False,545.55,0.1373,HIGH,Raspberry_12,Fruit and vegetable,Prague_1
3249,12643.4836,0.957037037037037,27.0,1.0,0.957037037037037,False,543.2,0.043,LOW,Avocado_6,Fruit and vegetable,Budapest_1
234,2989.822324,0.8185185185185188,27.0,4.0,0.8185185185185188,False,542.6,0.1815,HIGH,Bread_9,Bakery,Budapest_1
1835,4805.24372,0.8875,4.0,0.0,0.8875,False,540.59,0.1125,HIGH,Kiwi_10,Fruit and vegetable,Munich_1
449,3924.9516,0.8623529411764705,17.0,2.0,0.8623529411764705,False,540.26,0.1376,HIGH,Cucumber_6,Fruit and vegetable,Prague_2
4537,2069.824777,0.74,2.0,1.0,0.74,False,538.15,0.26,HIGH,Peach_17,Fruit and vegetable,Brno_1
2502,3885.95454,0.8621428571428572,28.0,2.0,0.8621428571428572,False,535.71,0.1379,HIGH,Banana_9,Fruit and vegetable,Prague_3
3728,4683.05449,0.8860714285714286,28.0,2.0,0.8860714285714286,False,533.53,0.1139,HIGH,Banana_13,Fruit and vegetable,Prague_3
1585,2387.708321,0.7766666666666667,6.0,1.0,0.7766666666666667,False,533.25,0.2233,HIGH,Tomato_34,Fruit and vegetable,Munich_1
4066,996.404182,0.4667857142857143,28.0,21.0,0.4667857142857143,False,531.3,0.5332,HIGH,Toust_28,Bakery,Prague_3
3522,5129.775998,0.8966666666666666,24.0,2.0,0.8966666666666666,False,530.08,0.1033,HIGH,Lemon_9,Fruit and vegetable,Brno_1
179,6281.68826,0.9157142857142857,28.0,0.0,0.9157142857142857,False,529.46,0.0843,MEDIUM,Pastry_7,Bakery,Prague_3
5037,3590.14003,0.8535714285714286,28.0,4.0,0.8535714285714286,False,525.7,0.1464,HIGH,Blackberry_3,Fruit and vegetable,Munich_1
257,4627.04331,0.8864285714285715,28.0,2.0,0.8864285714285715,False,525.5,0.1136,HIGH,Cucumber_2,Fruit and vegetable,Prague_1
2558,4375.30473,0.8800000000000001,28.0,2.0,0.8800000000000001,False,525.04,0.12,HIGH,Cucumber_18,Fruit and vegetable,Brno_1
319,1971.92537,0.7344444444444443,27.0,4.0,0.7344444444444443,False,523.66,0.2656,HIGH,Strawberry_5,Fruit and vegetable,Prague_2
1660,3599.934395,0.8546428571428571,28.0,0.0,0.8546428571428571,False,523.28,0.1454,HIGH,Pastry_68,Bakery,Prague_1
3090,10862.41193,0.9521428571428571,28.0,0.0,0.9521428571428571,False,519.84,0.0479,LOW,Banana_12,Fruit and vegetable,Budapest_1
4519,6070.99534,0.9146428571428571,28.0,2.0,0.9146428571428571,False,518.2,0.0854,MEDIUM,Apple_120,Fruit and vegetable,Budapest_1
2681,4707.139666,0.89,3.0,0.0,0.89,False,517.79,0.11,HIGH,Apricot_8,Fruit and vegetable,Brno_1
3687,6350.03308,0.9184615384615384,26.0,0.0,0.9184615384615384,False,517.77,0.0815,MEDIUM,Kiwi_17,Fruit and vegetable,Prague_3
5075,4832.9271,0.8932142857142857,28.0,0.0,0.8932142857142857,False,516.09,0.1068,HIGH,Bread_216,Bakery,Prague_1
3201,3930.781316,0.8689285714285714,28.0,3.0,0.8689285714285714,False,515.21,0.1311,HIGH,Mushroom_17,Fruit and vegetable,Prague_2
2476,2381.769276,0.7839130434782607,23.0,4.0,0.7839130434782607,False,514.67,0.2161,HIGH,Raspberry_4,Fruit and vegetable,Budapest_1
2092,3456.920717,0.8512000000000001,25.0,3.0,0.8512000000000001,False,514.39,0.1488,HIGH,Tomato_44,Fruit and vegetable,Brno_1
4315,4696.1981,0.891,20.0,3.0,0.891,False,511.89,0.109,HIGH,Lettuce_35,Fruit and vegetable,Budapest_1
2566,11641.78799,0.9560714285714285,28.0,0.0,0.9560714285714285,False,511.41,0.0439,LOW,Orange_14,Fruit and vegetable,Brno_1
2984,9718.27448,0.9474999999999999,28.0,1.0,0.9474999999999999,False,510.21,0.0525,MEDIUM,Kohlrabi_2,Fruit and vegetable,Budapest_1
2,5472.170305,0.906818181818182,22.0,2.0,0.906818181818182,False,509.91,0.0932,MEDIUM,Blueberry_0,Fruit and vegetable,Munich_1
442,4010.02634,0.8730769230769231,26.0,3.0,0.8730769230769231,False,508.96,0.1269,HIGH,Turkey_1,Meat and fish,Budapest_1
4227,13207.92669,0.9614814814814815,27.0,1.0,0.9614814814814815,False,508.75,0.0385,LOW,Radish_13,Fruit and vegetable,Prague_3
303,3170.888284,0.8417857142857141,28.0,2.0,0.8417857142857141,False,501.68,0.1582,HIGH,Donut_1,Bakery,Prague_1
2172,3393.05324,0.8523809523809525,21.0,2.0,0.8523809523809525,False,500.88,0.1476,HIGH,Chicken_48,Meat and fish,Budapest_1
146,12611.1241,0.9603571428571429,28.0,0.0,0.9603571428571429,False,499.94,0.0396,LOW,Bread_5,Bakery,Munich_1
1043,3899.967485,0.8721428571428571,28.0,3.0,0.8721428571428571,False,498.64,0.1279,HIGH,Carrot_10,Fruit and vegetable,Prague_2
192,11516.85726,0.9567857142857144,28.0,0.0,0.9567857142857144,False,497.69,0.0432,LOW,Bread_7,Bakery,Brno_1
4600,3845.755268,0.8710714285714286,28.0,4.0,0.8710714285714286,False,495.83,0.1289,HIGH,Lemon_13,Fruit and vegetable,Frankfurt_1
1176,5570.81331,0.9110714285714288,28.0,2.0,0.9110714285714288,False,495.4,0.0889,MEDIUM,Bell Pepper_5,Fruit and vegetable,Prague_2
4699,985.691816,0.49785714285714283,28.0,19.0,0.49785714285714283,False,494.96,0.5021,HIGH,Bread_197,Bakery,Prague_2
4064,1123.612303,0.5625000000000001,28.0,11.0,0.5625000000000001,False,491.58,0.4375,HIGH,Toust_28,Bakery,Prague_2
1484,1400.711307,0.65,28.0,8.0,0.65,False,490.25,0.35,HIGH,Donut_10,Bakery,Brno_1
1879,3332.759532,0.8535294117647059,17.0,3.0,0.8535294117647059,False,488.15,0.1465,HIGH,Nectarine_7,Fruit and vegetable,Prague_2
3870,6158.04662,0.9207407407407406,27.0,1.0,0.9207407407407406,False,488.08,0.0793,MEDIUM,Avocado_7,Fruit and vegetable,Brno_1
2501,7882.07707,0.9382142857142856,28.0,0.0,0.9382142857142856,False,487.0,0.0618,MEDIUM,Banana_9,Fruit and vegetable,Prague_1
1881,7264.831989,0.9329999999999998,20.0,1.0,0.9329999999999998,False,486.74,0.067,MEDIUM,Nectarine_7,Fruit and vegetable,Brno_1
318,2179.218001,0.7776923076923078,26.0,3.0,0.7776923076923078,False,484.46,0.2223,HIGH,Strawberry_5,Fruit and vegetable,Prague_3
5213,15751.137920000001,0.9692592592592592,27.0,0.0,0.9692592592592592,False,484.2,0.0307,LOW,Bread_222,Bakery,Budapest_1
2826,6376.53759,0.9240740740740742,27.0,0.0,0.9240740740740742,False,484.14,0.0759,MEDIUM,Roll_26,Bakery,Budapest_1
1745,2406.047876,0.799090909090909,11.0,2.0,0.799090909090909,False,483.4,0.2009,HIGH,Grapefruit_0,Fruit and vegetable,Budapest_1
5339,1403.365308,0.6558333333333334,24.0,9.0,0.6558333333333334,False,482.99,0.3442,HIGH,Tangerine_0,Fruit and vegetable,Brno_1
1155,2327.500853,0.792962962962963,27.0,4.0,0.792962962962963,False,481.88,0.207,HIGH,Bread_47,Bakery,Budapest_1
4437,855.730214,0.44272727272727275,22.0,15.0,0.44272727272727275,False,476.88,0.5573,HIGH,Cucumber_31,Fruit and vegetable,Brno_1
3245,9817.37174,0.9514285714285714,28.0,0.0,0.9514285714285714,False,476.84,0.0486,LOW,Roll_31,Bakery,Prague_3
1880,3539.313014,0.866,20.0,2.0,0.866,False,474.27,0.134,HIGH,Nectarine_7,Fruit and vegetable,Prague_3
616,2337.329583,0.7973913043478261,23.0,4.0,0.7973913043478261,False,473.56,0.2026,HIGH,Chicken_16,Meat and fish,Budapest_1
2563,26892.317,0.9825,28.0,0.0,0.9825,False,470.62,0.0175,LOW,Banana_10,Fruit and vegetable,Prague_3
181,7964.78931,0.9410714285714283,28.0,1.0,0.9410714285714283,False,469.35,0.0589,MEDIUM,Pastry_7,Bakery,Prague_2
3535,2792.1039570000003,0.8325925925925924,27.0,2.0,0.8325925925925924,False,467.42,0.1674,HIGH,Herb_13,Fruit and vegetable,Munich_1
3068,2830.048636,0.8350000000000001,24.0,3.0,0.8350000000000001,False,466.96,0.165,HIGH,Cauliflower_4,Fruit and vegetable,Prague_1
2986,4071.59878,0.8853571428571428,28.0,1.0,0.8853571428571428,False,466.78,0.1146,HIGH,Bread_116,Bakery,Prague_1
1422,1862.770105,0.7507692307692309,13.0,2.0,0.7507692307692309,False,464.26,0.2492,HIGH,Strawberry_13,Fruit and vegetable,Frankfurt_1
1686,2986.483217,0.8446153846153845,26.0,3.0,0.8446153846153845,False,464.05,0.1554,HIGH,Kiwi_8,Fruit and vegetable,Prague_3
3611,2434.96538,0.8094736842105263,19.0,4.0,0.8094736842105263,False,463.92,0.1905,HIGH,Fig_2,Fruit and vegetable,Munich_1
5363,3195.4259349999998,0.8557142857142858,28.0,0.0,0.8557142857142858,False,461.05,0.1443,HIGH,Baguette_41,Bakery,Prague_1
3451,5482.310543,0.9159999999999998,25.0,0.0,0.9159999999999998,False,460.51,0.084,MEDIUM,Asparagus_18,Fruit and vegetable,Prague_1
2672,2212.668966,0.7921428571428571,28.0,4.0,0.7921428571428571,False,459.92,0.2079,HIGH,Baguette_21,Bakery,Prague_1
3976,4341.2721440000005,0.8944444444444445,27.0,2.0,0.8944444444444445,False,458.25,0.1056,HIGH,Beef_23,Meat and fish,Munich_1
2847,4786.73109,0.9042857142857145,28.0,1.0,0.9042857142857145,False,458.16,0.0957,MEDIUM,Tomato_61,Fruit and vegetable,Prague_3
2890,5237.61022,0.9127272727272728,22.0,1.0,0.9127272727272728,False,457.1,0.0873,MEDIUM,Grape_23,Fruit and vegetable,Munich_1
2237,1198.984372,0.6196428571428572,28.0,7.0,0.6196428571428572,False,456.04,0.3804,HIGH,Pastry_92,Bakery,Prague_1
3048,2035.105096,0.7765217391304349,23.0,7.0,0.7765217391304349,False,454.8,0.2235,HIGH,Bell Pepper_12,Fruit and vegetable,Brno_1
3955,2836.56085,0.84,18.0,4.0,0.84,False,453.85,0.16,HIGH,Kiwi_19,Fruit and vegetable,Brno_1
4698,1049.904297,0.567857142857143,28.0,7.0,0.567857142857143,False,453.71,0.4321,HIGH,Bread_197,Bakery,Prague_3
1059,5683.2218299999995,0.9203571428571429,28.0,2.0,0.9203571428571429,False,452.63,0.0796,MEDIUM,Broccoli_4,Fruit and vegetable,Munich_1
199,3352.7286990000002,0.865263157894737,19.0,2.0,0.865263157894737,False,451.74,0.1347,HIGH,Lettuce_3,Fruit and vegetable,Munich_1
4780,3157.935825,0.8571428571428571,28.0,2.0,0.8571428571428571,False,451.13,0.1429,HIGH,Potato_72,Fruit and vegetable,Prague_1
1728,2108.397966,0.7871428571428571,28.0,2.0,0.7871428571428571,False,448.79,0.2129,HIGH,Pastry_70,Bakery,Brno_1
3188,3412.1301750000002,0.8685714285714285,7.0,1.0,0.8685714285714285,False,448.45,0.1314,HIGH,Peach_13,Fruit and vegetable,Brno_1
4022,1722.549581,0.74,2.0,1.0,0.74,False,447.86,0.26,HIGH,Apricot_13,Fruit and vegetable,Brno_1
4339,2807.7205559999998,0.8407142857142859,28.0,0.0,0.8407142857142859,False,447.23,0.1593,HIGH,Pastry_163,Bakery,Prague_3
4178,1023.518823,0.5633333333333334,18.0,8.0,0.5633333333333334,False,446.94,0.4367,HIGH,Pepper_23,Fruit and vegetable,Prague_3
2682,3643.546975,0.8775,4.0,0.0,0.8775,False,446.33,0.1225,HIGH,Apricot_8,Fruit and vegetable,Prague_2
3830,1886.945091,0.7638461538461538,26.0,5.0,0.7638461538461538,False,445.61,0.2362,HIGH,Bell Pepper_16,Fruit and vegetable,Prague_1
1024,5020.056075,0.91125,24.0,0.0,0.91125,False,445.53,0.0888,MEDIUM,Fig_1,Fruit and vegetable,Brno_1
4259,3002.078091,0.8517857142857144,28.0,0.0,0.8517857142857144,False,444.95,0.1482,HIGH,Pastry_159,Bakery,Prague_3
101,4694.030706,0.9057142857142857,28.0,0.0,0.9057142857142857,False,442.58,0.0943,MEDIUM,Bread_1,Bakery,Prague_1
446,4976.47162,0.9114285714285714,7.0,0.0,0.9114285714285714,False,440.77,0.0886,MEDIUM,Cucumber_6,Fruit and vegetable,Brno_1
2560,27812.83595,0.9842857142857142,28.0,0.0,0.9842857142857142,False,437.06,0.0157,LOW,Banana_10,Fruit and vegetable,Prague_2
448,4826.1734,0.9094444444444445,18.0,1.0,0.9094444444444445,False,437.04,0.0906,MEDIUM,Cucumber_6,Fruit and vegetable,Prague_3
2315,3568.815983,0.8776923076923075,26.0,2.0,0.8776923076923075,False,436.49,0.1223,HIGH,Parsley_4,Fruit and vegetable,Budapest_1
2917,2448.57837,0.822,15.0,2.0,0.822,False,435.85,0.178,HIGH,Lettuce_25,Fruit and vegetable,Brno_1
111,2316.332067,0.8118518518518519,27.0,4.0,0.8118518518518519,False,435.81,0.1881,HIGH,Lettuce_2,Fruit and vegetable,Frankfurt_1
4527,3737.697309,0.8839999999999999,25.0,1.0,0.8839999999999999,False,433.57,0.116,HIGH,Tomato_102,Fruit and vegetable,Prague_2
2673,2422.213511,0.8211538461538462,26.0,5.0,0.8211538461538462,False,433.2,0.1788,HIGH,Mix meat_2,Meat and fish,Munich_1
3,2835.94899,0.8483999999999999,25.0,3.0,0.8483999999999999,False,429.93,0.1516,HIGH,Ginger_0,Fruit and vegetable,Budapest_1
3418,3428.952814,0.874642857142857,28.0,0.0,0.874642857142857,False,429.84,0.1254,HIGH,Bread_134,Bakery,Brno_1
4878,15009.89862,0.9714285714285713,28.0,0.0,0.9714285714285713,False,428.85,0.0286,LOW,Roll_56,Bakery,Prague_2
3450,1791.561426,0.7608333333333333,12.0,4.0,0.7608333333333333,False,428.48,0.2392,HIGH,Asparagus_18,Fruit and vegetable,Brno_1
3887,7735.1609960000005,0.9446153846153847,26.0,1.0,0.9446153846153847,False,428.41,0.0554,MEDIUM,Croissant_29,Bakery,Munich_1
3805,4271.77865,0.9000000000000001,28.0,1.0,0.9000000000000001,False,427.18,0.1,HIGH,Bread_151,Bakery,Prague_2
3066,1491.123216,0.7136363636363636,22.0,8.0,0.7136363636363636,False,427.0,0.2864,HIGH,Cauliflower_4,Fruit and vegetable,Prague_3
3571,5283.50905,0.9193333333333332,15.0,1.0,0.9193333333333332,False,426.2,0.0807,MEDIUM,Watermelon_20,Fruit and vegetable,Munich_1
2669,6051.1172,0.9296428571428572,28.0,0.0,0.9296428571428572,False,425.74,0.0704,MEDIUM,Pork_22,Meat and fish,Budapest_1
359,1142.165743,0.6284210526315789,19.0,7.0,0.6284210526315789,False,424.4,0.3716,HIGH,Pepper_1,Fruit and vegetable,Prague_2
3091,6062.15427,0.93,28.0,3.0,0.93,False,424.35,0.07,MEDIUM,Cucumber_22,Fruit and vegetable,Budapest_1
1452,5660.4457,0.9251851851851853,27.0,1.0,0.9251851851851853,False,423.49,0.0748,MEDIUM,Chicken_31,Meat and fish,Brno_1
3329,1321.278072,0.6795652173913044,23.0,8.0,0.6795652173913044,False,423.38,0.3204,HIGH,Blueberry_25,Fruit and vegetable,Brno_1
2249,2603.509586,0.838,15.0,1.0,0.838,False,421.77,0.162,HIGH,Asparagus_11,Fruit and vegetable,Prague_2
4597,1416.435666,0.7023076923076924,13.0,4.0,0.7023076923076924,False,421.66,0.2977,HIGH,Blueberry_33,Fruit and vegetable,Budapest_1
3941,1359.4528945,0.6900000000000001,28.0,7.0,0.6900000000000001,False,421.43,0.31,HIGH,Bread_158,Bakery,Brno_1
4689,2243.489546,0.814,15.0,1.0,0.814,False,417.29,0.186,HIGH,Radish_15,Fruit and vegetable,Munich_1
1878,5782.810808,0.9281818181818181,22.0,1.0,0.9281818181818181,False,415.31,0.0718,MEDIUM,Nectarine_7,Fruit and vegetable,Prague_1
3779,2241.14856,0.8148148148148148,27.0,4.0,0.8148148148148148,False,415.03,0.1852,HIGH,Bread_148,Bakery,Budapest_1
3270,3205.247443,0.8707142857142857,28.0,3.0,0.8707142857142857,False,414.39,0.1293,HIGH,Tomato_68,Fruit and vegetable,Prague_1
2774,1125.669731,0.6319999999999999,20.0,6.0,0.6319999999999999,False,414.25,0.368,HIGH,Chicken_55,Meat and fish,Budapest_1
1050,3185.806999,0.8699999999999999,20.0,3.0,0.8699999999999999,False,414.15,0.13,HIGH,Potato_19,Fruit and vegetable,Munich_1
2032,3132.281996,0.8679166666666666,24.0,3.0,0.8679166666666666,False,413.72,0.1321,HIGH,Lettuce_22,Fruit and vegetable,Budapest_1
3292,1707.277718,0.7581481481481481,27.0,5.0,0.7581481481481481,False,412.91,0.2419,HIGH,Salad_35,Fruit and vegetable,Munich_1
2519,5052.766386,0.9185714285714285,21.0,1.0,0.9185714285714285,False,411.44,0.0814,MEDIUM,Roll_23,Bakery,Prague_1
3017,6766.494941,0.9392857142857142,28.0,1.0,0.9392857142857142,False,410.82,0.0607,MEDIUM,Asparagus_14,Fruit and vegetable,Munich_1
2201,3330.874722,0.8767857142857143,28.0,1.0,0.8767857142857143,False,410.41,0.1232,HIGH,Bread_85,Bakery,Prague_1
3837,4402.129214,0.9069230769230769,26.0,2.0,0.9069230769230769,False,409.74,0.0931,MEDIUM,Pastry_145,Bakery,Munich_1
2527,4795.70986,0.914642857142857,28.0,3.0,0.914642857142857,False,409.35,0.0854,MEDIUM,Onion_21,Fruit and vegetable,Munich_1
2603,456.24235,0.104375,16.0,16.0,0.104375,False,408.62,0.8956,HIGH,Bag_1,Fruit and vegetable,Frankfurt_1
2318,3703.111945,0.8899999999999999,28.0,2.0,0.8899999999999999,False,407.34,0.11,HIGH,Eggplant_4,Fruit and vegetable,Prague_1
2605,3371.586301,0.8792857142857142,28.0,0.0,0.8792857142857142,False,407.0,0.1207,HIGH,Bread_97,Bakery,Prague_1
4074,5794.27854,0.93,28.0,0.0,0.93,False,405.6,0.07,MEDIUM,Roll_40,Bakery,Prague_1
731,11681.67737,0.9653571428571429,28.0,0.0,0.9653571428571429,False,404.69,0.0346,LOW,Zucchini_1,Fruit and vegetable,Prague_1
3508,3026.694361,0.8671428571428571,28.0,1.0,0.8671428571428571,False,402.12,0.1329,HIGH,Roll_36,Bakery,Prague_3
3332,1911.14624,0.79,23.0,5.0,0.79,False,401.34,0.21,HIGH,Blueberry_25,Fruit and vegetable,Prague_1
2221,1361.67257,0.7057142857142857,14.0,3.0,0.7057142857142857,False,400.72,0.2943,HIGH,Grape_17,Fruit and vegetable,Budapest_1
1287,1259.379771,0.6845454545454546,22.0,6.0,0.6845454545454546,False,397.28,0.3155,HIGH,Lemon_3,Fruit and vegetable,Budapest_1
4133,2027.400954,0.8042307692307692,26.0,2.0,0.8042307692307692,False,396.9,0.1958,HIGH,Salad_51,Fruit and vegetable,Budapest_1
1256,1804.60039,0.7803999999999999,25.0,5.0,0.7803999999999999,False,396.29,0.2196,HIGH,Pea_0,Fruit and vegetable,Prague_1
2848,9165.55853,0.9567857142857142,28.0,1.0,0.9567857142857142,False,396.08,0.0432,LOW,Tomato_61,Fruit and vegetable,Prague_1
2757,3249.252933,0.8785714285714284,28.0,1.0,0.8785714285714284,False,394.55,0.1214,HIGH,Roll_25,Bakery,Prague_1
1212,11262.03181,0.9651851851851853,27.0,1.0,0.9651851851851853,False,392.09,0.0348,LOW,Potato_22,Fruit and vegetable,Prague_1
3247,8497.02652,0.9539285714285713,28.0,0.0,0.9539285714285713,False,391.47,0.0461,LOW,Roll_31,Bakery,Prague_2
4813,2222.3688921,0.8239285714285715,28.0,4.0,0.8239285714285715,False,391.3,0.1761,HIGH,Bread_202,Bakery,Brno_1
82,7346.07917,0.9467857142857142,28.0,0.0,0.9467857142857142,False,390.92,0.0532,MEDIUM,Onion_1,Fruit and vegetable,Munich_1
1556,7099.51625,0.9450000000000001,28.0,2.0,0.9450000000000001,False,390.47,0.055,MEDIUM,Vegetable_10,Fruit and vegetable,Prague_1
5033,1535.136876,0.7468421052631579,19.0,4.0,0.7468421052631579,False,388.63,0.2532,HIGH,Physalis_2,Fruit and vegetable,Brno_1
5146,2631.71893,0.8525925925925926,27.0,3.0,0.8525925925925926,False,387.93,0.1474,HIGH,Bread_217,Bakery,Munich_1
3652,2199.093676,0.8237500000000001,24.0,3.0,0.8237500000000001,False,387.59,0.1762,HIGH,Salad_43,Fruit and vegetable,Budapest_1
1186,3081.7335860000003,0.8742857142857143,28.0,4.0,0.8742857142857143,False,387.42,0.1257,HIGH,Pear_11,Fruit and vegetable,Brno_1
1662,2076.922946,0.8139285714285716,28.0,0.0,0.8139285714285716,False,386.46,0.1861,HIGH,Pastry_68,Bakery,Prague_2
459,2749.527025,0.8596296296296295,27.0,3.0,0.8596296296296295,False,385.95,0.1404,HIGH,Cabbage_1,Fruit and vegetable,Brno_1
4165,1839.32682,0.7907142857142857,28.0,4.0,0.7907142857142857,False,384.94,0.2093,HIGH,Zucchini_10,Fruit and vegetable,Budapest_1
4673,1844.120304,0.7914285714285715,21.0,5.0,0.7914285714285715,False,384.63,0.2086,HIGH,Lettuce_37,Fruit and vegetable,Prague_1
3173,2836.206017,0.8646153846153847,26.0,2.0,0.8646153846153847,False,383.98,0.1354,HIGH,Asparagus_15,Fruit and vegetable,Brno_1
1189,3354.071051,0.8855555555555555,27.0,3.0,0.8855555555555555,False,383.85,0.1144,HIGH,Pear_11,Fruit and vegetable,Prague_1
2518,8608.77919,0.9554545454545454,11.0,0.0,0.9554545454545454,False,383.48,0.0445,LOW,Roll_23,Bakery,Brno_1
5233,5259.520443,0.927142857142857,28.0,2.0,0.927142857142857,False,383.19,0.0729,MEDIUM,Pepper_30,Fruit and vegetable,Prague_2
4438,704.772551,0.456842105263158,19.0,11.0,0.456842105263158,False,382.8,0.5432,HIGH,Cucumber_31,Fruit and vegetable,Prague_3
1689,7691.76565,0.9503846153846153,26.0,1.0,0.9503846153846153,False,381.63,0.0496,LOW,Grape_12,Fruit and vegetable,Munich_1
4859,4412.074045,0.9135714285714286,28.0,1.0,0.9135714285714286,False,381.33,0.0864,MEDIUM,Roll_55,Bakery,Brno_1
1060,7790.09225,0.9510714285714286,28.0,1.0,0.9510714285714286,False,381.16,0.0489,LOW,Tomato_24,Fruit and vegetable,Budapest_1
720,4468.61677,0.914814814814815,27.0,0.0,0.914814814814815,False,380.66,0.0852,MEDIUM,Lemon_1,Fruit and vegetable,Budapest_1
2534,4016.155085,0.9057142857142858,28.0,0.0,0.9057142857142858,False,378.67,0.0943,MEDIUM,Baguette_19,Bakery,Prague_1
3886,3462.273272,0.8907692307692308,26.0,4.0,0.8907692307692308,False,378.19,0.1092,HIGH,Carrot_28,Fruit and vegetable,Munich_1
1685,3517.529394,0.8925000000000001,28.0,3.0,0.8925000000000001,False,378.13,0.1075,HIGH,Kiwi_8,Fruit and vegetable,Brno_1
2753,1677.267544,0.775,6.0,2.0,0.775,False,377.39,0.225,HIGH,Apple_78,Fruit and vegetable,Frankfurt_1
201,622.665422,0.3946428571428572,28.0,28.0,0.3946428571428572,False,376.93,0.6053,HIGH,Pastry_8,Bakery,Brno_1
116,4875.661182,0.9228571428571429,28.0,1.0,0.9228571428571429,False,376.12,0.0771,MEDIUM,Avocado_0,Fruit and vegetable,Prague_1
2147,3524.494313,0.8936363636363637,22.0,2.0,0.8936363636363637,False,374.88,0.1064,HIGH,Pepper_13,Fruit and vegetable,Frankfurt_1
2976,5020.7812,0.9257692307692308,26.0,1.0,0.9257692307692308,False,372.7,0.0742,MEDIUM,Tomato_63,Fruit and vegetable,Frankfurt_1
2768,2747.127935,0.8646153846153847,26.0,2.0,0.8646153846153847,False,371.92,0.1354,HIGH,Lemon_8,Fruit and vegetable,Munich_1
4429,2020.301557,0.8159259259259259,27.0,5.0,0.8159259259259259,False,371.89,0.1841,HIGH,Broccoli_9,Fruit and vegetable,Prague_3
3477,819.675938,0.55,1.0,0.0,0.55,False,368.85,0.45,HIGH,Nectarine_10,Fruit and vegetable,Prague_3
1065,2923.775308,0.8742307692307694,26.0,3.0,0.8742307692307694,False,367.72,0.1258,HIGH,Melon_4,Fruit and vegetable,Munich_1
1620,1758.780698,0.7916000000000001,25.0,4.0,0.7916000000000001,False,366.53,0.2084,HIGH,Blueberry_11,Fruit and vegetable,Prague_1
2272,4962.750511,0.9261538461538462,26.0,1.0,0.9261538461538462,False,366.48,0.0738,MEDIUM,Roll_21,Bakery,Munich_1
2744,1904.508771,0.807857142857143,28.0,0.0,0.807857142857143,False,365.94,0.1921,HIGH,Bread_102,Bakery,Prague_1
2041,2432.987048,0.85,1.0,0.0,0.85,False,364.95,0.15,HIGH,Tomato_42,Fruit and vegetable,Frankfurt_1
3692,4685.70814,0.922142857142857,28.0,1.0,0.922142857142857,False,364.82,0.0779,MEDIUM,Pastry_137,Bakery,Prague_2
4781,2006.753442,0.8186363636363635,22.0,3.0,0.8186363636363635,False,363.95,0.1814,HIGH,Potato_72,Fruit and vegetable,Prague_3
2386,4518.65611,0.9196428571428573,28.0,2.0,0.9196428571428573,False,363.11,0.0804,MEDIUM,Tomato_48,Fruit and vegetable,Prague_2
4073,3372.726826,0.8925,28.0,0.0,0.8925,False,362.57,0.1075,HIGH,Roll_40,Bakery,Prague_3
1082,1959.995044,0.8161904761904762,21.0,5.0,0.8161904761904762,False,360.27,0.1838,HIGH,Onion_10,Fruit and vegetable,Prague_1
4926,1656.948817,0.7828571428571429,28.0,5.0,0.7828571428571429,False,359.79,0.2171,HIGH,Cabbage_21,Fruit and vegetable,Brno_1
1967,3257.100901,0.8895652173913043,23.0,3.0,0.8895652173913043,False,359.7,0.1104,HIGH,Basil_0,Fruit and vegetable,Budapest_1
3214,2261.915078,0.8413333333333333,15.0,2.0,0.8413333333333333,False,358.89,0.1587,HIGH,Potato_53,Fruit and vegetable,Budapest_1
597,4286.61002,0.9164285714285713,28.0,1.0,0.9164285714285713,False,358.24,0.0836,MEDIUM,Celery_4,Fruit and vegetable,Brno_1
3862,1990.071862,0.82,28.0,2.0,0.82,False,358.21,0.18,HIGH,Roll_39,Bakery,Prague_1
4251,2289.381742,0.8435714285714283,28.0,1.0,0.8435714285714283,False,358.12,0.1564,HIGH,Pastry_158,Bakery,Prague_2
815,3515.675525,0.8981481481481481,27.0,2.0,0.8981481481481481,False,358.08,0.1019,HIGH,Spinach_3,Fruit and vegetable,Budapest_1
5005,2301.966518,0.8445454545454546,22.0,3.0,0.8445454545454546,False,357.85,0.1555,HIGH,Avocado_14,Fruit and vegetable,Brno_1
362,1121.792293,0.6810526315789475,19.0,7.0,0.6810526315789475,False,357.79,0.3189,HIGH,Pepper_1,Fruit and vegetable,Prague_3
5189,4082.12057,0.9125925925925925,27.0,1.0,0.9125925925925925,False,356.81,0.0874,MEDIUM,Roll_59,Bakery,Budapest_1
2889,2247.185729,0.8417391304347825,23.0,3.0,0.8417391304347825,False,355.64,0.1583,HIGH,Grape_23,Fruit and vegetable,Frankfurt_1
5411,1478.315876,0.7596428571428572,28.0,6.0,0.7596428571428572,False,355.32,0.2404,HIGH,Salad_61,Fruit and vegetable,Prague_1
5032,1443.263913,0.7542307692307693,26.0,5.0,0.7542307692307693,False,354.71,0.2458,HIGH,Physalis_2,Fruit and vegetable,Prague_2
4325,1991.514762,0.822,15.0,3.0,0.822,False,354.49,0.178,HIGH,Cabbage_16,Fruit and vegetable,Budapest_1
4127,4238.95919,0.9164285714285716,28.0,0.0,0.9164285714285716,False,354.26,0.0836,MEDIUM,Tomato_92,Fruit and vegetable,Budapest_1
2241,5569.09264,0.9364285714285715,28.0,1.0,0.9364285714285715,False,354.04,0.0636,MEDIUM,Kiwi_13,Fruit and vegetable,Munich_1
3569,583.796055,0.3946428571428572,28.0,28.0,0.3946428571428572,False,353.41,0.6054,HIGH,Roll_37,Bakery,Brno_1
3485,827.186052,0.5728571428571428,28.0,10.0,0.5728571428571428,False,353.33,0.4271,HIGH,Toust_22,Bakery,Prague_1
258,2463.802287,0.8571428571428571,28.0,3.0,0.8571428571428571,False,351.97,0.1429,HIGH,Cucumber_2,Fruit and vegetable,Prague_3
2354,882.162999,0.6028571428571429,7.0,3.0,0.6028571428571429,False,350.34,0.3971,HIGH,Lime_6,Fruit and vegetable,Brno_1
2559,2865.701011,0.8778571428571427,28.0,1.0,0.8778571428571427,False,350.02,0.1221,HIGH,Cucumber_18,Fruit and vegetable,Prague_3
737,691.126808,0.495,2.0,1.0,0.495,False,349.02,0.505,HIGH,Melon_2,Fruit and vegetable,Budapest_1
1025,3464.306382,0.8996000000000001,25.0,3.0,0.8996000000000001,False,347.82,0.1004,HIGH,Fig_1,Fruit and vegetable,Prague_2
1367,2522.554366,0.8621428571428573,28.0,0.0,0.8621428571428573,False,347.75,0.1379,HIGH,Bread_56,Bakery,Prague_1
3042,2719.521793,0.8721428571428572,28.0,3.0,0.8721428571428572,False,347.71,0.1279,HIGH,Pear_25,Fruit and vegetable,Munich_1
733,3149.484063,0.8899999999999999,28.0,4.0,0.8899999999999999,False,346.44,0.11,HIGH,Beef_2,Meat and fish,Munich_1
1653,373.624191,0.0735714285714286,14.0,14.0,0.0735714285714286,False,346.14,0.9264,HIGH,Bag_0,Fruit and vegetable,Prague_2
5271,4049.571212,0.915,28.0,0.0,0.915,False,344.21,0.085,MEDIUM,Bread_224,Bakery,Brno_1
4748,3246.74609,0.8942857142857141,28.0,3.0,0.8942857142857141,False,343.23,0.1057,HIGH,Potato_71,Fruit and vegetable,Brno_1
1687,2834.8554,0.8789285714285715,28.0,2.0,0.8789285714285715,False,343.22,0.1211,HIGH,Kiwi_8,Fruit and vegetable,Prague_2
3095,11936.46874,0.97125,8.0,0.0,0.97125,False,343.17,0.0287,LOW,Watermelon_17,Fruit and vegetable,Prague_3
493,7331.96265,0.9532142857142857,28.0,1.0,0.9532142857142857,False,343.03,0.0468,LOW,Soup_0,Fruit and vegetable,Munich_1
3203,6386.22425,0.9462962962962963,27.0,0.0,0.9462962962962963,False,342.96,0.0537,MEDIUM,Mushroom_17,Fruit and vegetable,Prague_1
953,2543.135609,0.8651851851851853,27.0,3.0,0.8651851851851853,False,342.85,0.1348,HIGH,Beef_4,Meat and fish,Munich_1
877,1801.81024,0.8104,25.0,5.0,0.8104,False,341.62,0.1896,HIGH,Potato_15,Fruit and vegetable,Budapest_1
2557,3314.677005,0.8974999999999999,28.0,1.0,0.8974999999999999,False,339.75,0.1025,HIGH,Cucumber_18,Fruit and vegetable,Prague_2
2787,1960.397731,0.8267857142857142,28.0,3.0,0.8267857142857142,False,339.57,0.1732,HIGH,Chicken_57,Meat and fish,Budapest_1
3308,1550.026364,0.7810714285714286,28.0,5.0,0.7810714285714286,False,339.35,0.2189,HIGH,Pastry_124,Bakery,Prague_1
305,1819.410721,0.8135714285714286,28.0,3.0,0.8135714285714286,False,339.19,0.1864,HIGH,Donut_1,Bakery,Prague_2
519,1206.112498,0.719,10.0,2.0,0.719,False,338.92,0.281,HIGH,Tomato_11,Fruit and vegetable,Brno_1
2844,7280.16166,0.9535714285714285,28.0,1.0,0.9535714285714285,False,338.01,0.0464,LOW,Bell Pepper_10,Fruit and vegetable,Prague_1
5400,1570.960685,0.7859999999999999,25.0,5.0,0.7859999999999999,False,336.19,0.214,HIGH,Zucchini_13,Fruit and vegetable,Frankfurt_1
3202,4064.225826,0.9173076923076924,26.0,2.0,0.9173076923076924,False,336.08,0.0827,MEDIUM,Mushroom_17,Fruit and vegetable,Prague_3
3092,2816.8196,0.8807142857142856,28.0,2.0,0.8807142857142856,False,336.01,0.1193,HIGH,Orange_16,Fruit and vegetable,Munich_1
3694,4216.88276,0.9203571428571428,28.0,0.0,0.9203571428571428,False,335.84,0.0796,MEDIUM,Pastry_137,Bakery,Prague_3
2651,978.143512,0.6567857142857143,28.0,6.0,0.6567857142857143,False,335.71,0.3432,HIGH,Croissant_18,Bakery,Prague_1
3570,552.9662015,0.39464285714285713,28.0,28.0,0.39464285714285713,False,334.74,0.6054,HIGH,Pastry_133,Bakery,Brno_1
4924,6387.11662,0.9478571428571428,14.0,0.0,0.9478571428571428,False,333.04,0.0521,MEDIUM,Spinach_12,Fruit and vegetable,Budapest_1
736,3540.253497,0.9067857142857143,28.0,2.0,0.9067857142857143,False,330.0,0.0932,MEDIUM,Zucchini_2,Fruit and vegetable,Munich_1
1473,3048.00255,0.8917391304347825,23.0,1.0,0.8917391304347825,False,329.98,0.1083,HIGH,Watermelon_7,Fruit and vegetable,Prague_3
3413,2646.410146,0.8753571428571426,28.0,0.0,0.8753571428571426,False,329.86,0.1246,HIGH,Bun_0,Bakery,Prague_1
2144,1414.717036,0.7670370370370371,27.0,7.0,0.7670370370370371,False,329.58,0.233,HIGH,Beet_2,Fruit and vegetable,Brno_1
1405,10925.32345,0.97,28.0,1.0,0.97,False,327.76,0.03,LOW,Lime_4,Fruit and vegetable,Brno_1
151,4136.71606,0.9210714285714285,28.0,3.0,0.9210714285714285,False,326.51,0.0789,MEDIUM,Orange_0,Fruit and vegetable,Budapest_1
3531,1353.695363,0.7595652173913043,23.0,5.0,0.7595652173913043,False,325.48,0.2404,HIGH,Grapefruit_3,Fruit and vegetable,Budapest_1
5112,3531.4677030000003,0.9082142857142859,28.0,3.0,0.9082142857142859,False,324.14,0.0918,MEDIUM,Salmon_17,Meat and fish,Munich_1
4252,3096.189087,0.8953571428571429,28.0,0.0,0.8953571428571429,False,323.99,0.1046,HIGH,Pastry_158,Bakery,Prague_3
1346,2104.611709,0.8460714285714286,28.0,1.0,0.8460714285714286,False,323.96,0.1539,HIGH,Pastry_59,Bakery,Prague_2
4646,6787.57192,0.9523076923076922,26.0,0.0,0.9523076923076922,False,323.71,0.0477,LOW,Pear_32,Fruit and vegetable,Munich_1
65,12559.10032,0.9742857142857143,28.0,0.0,0.9742857142857143,False,322.95,0.0257,LOW,Banana_0,Fruit and vegetable,Munich_1
4695,2991.001381,0.892142857142857,28.0,0.0,0.892142857142857,False,322.6,0.1079,HIGH,Bread_196,Bakery,Prague_1
1472,2929.457558,0.8904,25.0,0.0,0.8904,False,321.07,0.1096,HIGH,Watermelon_7,Fruit and vegetable,Prague_2
5414,1149.402827,0.7212,25.0,8.0,0.7212,False,320.45,0.2788,HIGH,Raspberry_12,Fruit and vegetable,Brno_1
1441,3353.947109,0.9048148148148148,27.0,4.0,0.9048148148148148,False,319.25,0.0952,MEDIUM,Pineapple_3,Fruit and vegetable,Brno_1
2304,1848.977895,0.8273913043478259,23.0,5.0,0.8273913043478259,False,319.15,0.1726,HIGH,Pepper_15,Fruit and vegetable,Prague_3
5381,2605.146311,0.8778571428571429,28.0,1.0,0.8778571428571429,False,318.2,0.1221,HIGH,Pastry_201,Bakery,Prague_2
3105,2542.382006,0.8751851851851852,27.0,3.0,0.8751851851851852,False,317.33,0.1248,HIGH,Salmon_11,Meat and fish,Munich_1
1032,26096.4462,0.9878571428571428,28.0,0.0,0.9878571428571428,False,316.89,0.0121,LOW,Roll_11,Bakery,Brno_1
4338,3356.5685399999998,0.9060714285714289,28.0,0.0,0.9060714285714289,False,315.28,0.0939,MEDIUM,Pastry_163,Bakery,Prague_2
5083,14894.27248,0.9789285714285715,28.0,0.0,0.9789285714285715,False,313.84,0.0211,LOW,Tomato_113,Fruit and vegetable,Prague_1
1451,3986.70397,0.9214285714285715,28.0,2.0,0.9214285714285715,False,313.24,0.0786,MEDIUM,Chicken_31,Meat and fish,Prague_2
5274,2218.991852,0.8589285714285715,28.0,2.0,0.8589285714285715,False,313.04,0.1411,HIGH,Bread_225,Bakery,Prague_2
3347,1467.3936840000001,0.7867857142857144,28.0,2.0,0.7867857142857144,False,312.87,0.2132,HIGH,Pastry_127,Bakery,Prague_1
3482,4476.197715,0.9303571428571428,28.0,1.0,0.9303571428571428,False,311.74,0.0696,MEDIUM,Bread_135,Bakery,Brno_1
2598,1530.899062,0.7964999999999999,20.0,4.0,0.7964999999999999,False,311.54,0.2035,HIGH,Salad_28,Fruit and vegetable,Budapest_1
3806,6317.46307,0.9507142857142856,28.0,0.0,0.9507142857142856,False,311.36,0.0493,LOW,Bread_151,Bakery,Prague_1
461,1340.962635,0.7680000000000001,25.0,7.0,0.7680000000000001,False,311.1,0.232,HIGH,Cabbage_1,Fruit and vegetable,Prague_2
3956,3938.3815400000003,0.9211764705882353,17.0,1.0,0.9211764705882353,False,310.44,0.0788,MEDIUM,Kiwi_19,Fruit and vegetable,Prague_1
1700,3058.953557,0.8988461538461537,26.0,1.0,0.8988461538461537,False,309.42,0.1012,HIGH,Pretzel_4,Bakery,Frankfurt_1
1669,7666.01716,0.9596428571428571,28.0,0.0,0.9596428571428571,False,309.38,0.0404,LOW,Lettuce_17,Fruit and vegetable,Prague_2
1029,1614.464916,0.8085185185185187,27.0,6.0,0.8085185185185187,False,309.14,0.1915,HIGH,Orange_5,Fruit and vegetable,Prague_1
5140,8586.97426,0.9640740740740741,27.0,0.0,0.9640740740740741,False,308.5,0.0359,LOW,Lemon_16,Fruit and vegetable,Prague_1
589,3965.541485,0.9225,28.0,3.0,0.9225,False,307.33,0.0775,MEDIUM,Parsley_2,Fruit and vegetable,Prague_1
1190,7283.25504,0.957857142857143,28.0,0.0,0.957857142857143,False,306.94,0.0421,LOW,Potato_21,Fruit and vegetable,Prague_2
5118,1503.867035,0.7967857142857142,28.0,2.0,0.7967857142857142,False,305.61,0.2032,HIGH,Baguette_38,Bakery,Prague_1
1055,2868.399017,0.8936000000000002,25.0,1.0,0.8936000000000002,False,305.2,0.1064,HIGH,Potato_20,Fruit and vegetable,Munich_1
4435,563.432296,0.4583333333333333,18.0,12.0,0.4583333333333333,False,305.19,0.5417,HIGH,Cucumber_31,Fruit and vegetable,Prague_2
1527,4115.88206,0.9259999999999999,25.0,1.0,0.9259999999999999,False,304.58,0.074,MEDIUM,Vegetable_9,Fruit and vegetable,Brno_1
5257,1884.731262,0.8385714285714284,28.0,2.0,0.8385714285714284,False,304.25,0.1614,HIGH,Roll_60,Bakery,Prague_1
3727,5355.41846,0.9432142857142857,28.0,2.0,0.9432142857142857,False,304.11,0.0568,MEDIUM,Banana_13,Fruit and vegetable,Prague_2
4624,2170.352457,0.8600000000000001,28.0,0.0,0.8600000000000001,False,303.85,0.14,HIGH,Roll_48,Bakery,Prague_3
3536,723.394254,0.5799999999999998,21.0,10.0,0.5799999999999998,False,303.83,0.42,HIGH,Blackberry_1,Fruit and vegetable,Budapest_1
1617,1143.930009,0.7345833333333333,24.0,6.0,0.7345833333333333,False,303.62,0.2654,HIGH,Blueberry_11,Fruit and vegetable,Prague_3
549,2157.252902,0.8592857142857141,28.0,0.0,0.8592857142857141,False,303.56,0.1407,HIGH,Bread_18,Bakery,Prague_1
3904,1748.823385,0.8264999999999999,20.0,3.0,0.8264999999999999,False,303.42,0.1735,HIGH,Tomato_87,Fruit and vegetable,Brno_1
5277,16025.436239999999,0.9810714285714285,28.0,0.0,0.9810714285714285,False,303.34,0.0189,LOW,Onion_51,Fruit and vegetable,Brno_1
1271,14390.51921,0.9789285714285715,28.0,1.0,0.9789285714285715,False,303.23,0.0211,LOW,Onion_12,Fruit and vegetable,Prague_1
4067,1717.405509,0.8235714285714287,28.0,1.0,0.8235714285714287,False,303.0,0.1764,HIGH,Bread_168,Bakery,Brno_1
2434,3681.628331,0.9177777777777777,27.0,1.0,0.9177777777777777,False,302.71,0.0822,MEDIUM,Apple_69,Fruit and vegetable,Prague_3
5272,3667.232978,0.9175000000000001,28.0,0.0,0.9175000000000001,False,302.55,0.0825,MEDIUM,Bread_225,Bakery,Prague_1
4428,3956.6120109999997,0.9235714285714286,28.0,2.0,0.9235714285714286,False,302.4,0.0764,MEDIUM,Broccoli_9,Fruit and vegetable,Prague_1
5385,5160.54058,0.9414285714285713,28.0,0.0,0.9414285714285713,False,302.26,0.0586,MEDIUM,Bread_228,Bakery,Brno_1
1259,1450.3865799999999,0.7918181818181818,22.0,1.0,0.7918181818181818,False,301.94,0.2082,HIGH,Pea_0,Fruit and vegetable,Brno_1
5247,1970.206516,0.8470370370370373,27.0,3.0,0.8470370370370373,False,301.37,0.153,HIGH,Pork_40,Meat and fish,Budapest_1
1599,1276.611565,0.7645454545454545,22.0,4.0,0.7645454545454545,False,300.58,0.2355,HIGH,Apple_42,Fruit and vegetable,Frankfurt_1
3156,1826.701222,0.8355555555555555,27.0,3.0,0.8355555555555555,False,300.39,0.1644,HIGH,Spinach_8,Fruit and vegetable,Munich_1
3065,1574.858143,0.8095652173913043,23.0,4.0,0.8095652173913043,False,299.91,0.1904,HIGH,Cauliflower_4,Fruit and vegetable,Prague_2
3667,2980.979915,0.8996296296296298,27.0,2.0,0.8996296296296298,False,299.2,0.1004,HIGH,Parsley_7,Fruit and vegetable,Prague_2
3521,2697.66768,0.8892857142857141,28.0,2.0,0.8892857142857141,False,298.67,0.1107,HIGH,Lemon_9,Fruit and vegetable,Prague_2
4783,1769.912349,0.8321739130434781,23.0,3.0,0.8321739130434781,False,297.04,0.1678,HIGH,Potato_72,Fruit and vegetable,Prague_2
4524,14094.97899,0.9789285714285713,28.0,0.0,0.9789285714285713,False,297.0,0.0211,LOW,Toust_36,Bakery,Prague_1
1668,3698.9341759999998,0.92,25.0,1.0,0.92,False,295.91,0.08,MEDIUM,Garlic_4,Fruit and vegetable,Brno_1
100,2705.455327,0.8910714285714286,28.0,1.0,0.8910714285714286,False,294.7,0.1089,HIGH,Bread_1,Bakery,Prague_2
5349,10042.86641,0.9707142857142858,28.0,0.0,0.9707142857142858,False,294.11,0.0293,LOW,Carrot_36,Fruit and vegetable,Prague_2
913,7413.11996,0.9603571428571428,28.0,1.0,0.9603571428571428,False,293.88,0.0396,LOW,Leek_1,Fruit and vegetable,Brno_1
304,1657.8836959999999,0.8228571428571428,28.0,0.0,0.8228571428571428,False,293.68,0.1771,HIGH,Donut_1,Bakery,Prague_3
118,2274.25249903,0.871111111111111,27.0,2.0,0.871111111111111,False,293.13,0.1289,HIGH,Avocado_0,Fruit and vegetable,Prague_3
1954,5122.73539,0.9428571428571428,28.0,2.0,0.9428571428571428,False,292.73,0.0571,MEDIUM,Chicken_42,Meat and fish,Brno_1
1279,3750.285981,0.9221428571428572,28.0,1.0,0.9221428571428572,False,291.99,0.0779,MEDIUM,Tomato_28,Fruit and vegetable,Prague_1
229,1785.4036760000001,0.8365384615384616,26.0,4.0,0.8365384615384616,False,291.84,0.1635,HIGH,Salmon_0,Meat and fish,Munich_1
3021,2422.270337,0.8796153846153847,26.0,3.0,0.8796153846153847,False,291.6,0.1204,HIGH,Mix meat_3,Meat and fish,Munich_1
2911,9068.30133,0.9678571428571429,28.0,0.0,0.9678571428571429,False,291.48,0.0321,LOW,Mango_8,Fruit and vegetable,Prague_1
1347,4093.479552,0.9289285714285714,28.0,0.0,0.9289285714285714,False,290.93,0.0711,MEDIUM,Pastry_59,Bakery,Prague_1
4423,451.606424,0.3560714285714286,28.0,28.0,0.3560714285714286,False,290.8,0.6439,HIGH,Roll_45,Bakery,Prague_3
1601,3269.96073,0.9111538461538462,26.0,2.0,0.9111538461538462,False,290.52,0.0888,MEDIUM,Pear_14,Fruit and vegetable,Budapest_1
3309,1058.432617,0.7260714285714286,28.0,6.0,0.7260714285714286,False,289.93,0.2739,HIGH,Pastry_124,Bakery,Prague_2
220,2017.777877,0.8565384615384614,26.0,3.0,0.8565384615384614,False,289.47,0.1435,HIGH,Salad_2,Fruit and vegetable,Budapest_1
3864,1156.058122,0.75,28.0,1.0,0.75,False,289.01,0.25,HIGH,Roll_39,Bakery,Prague_2
5311,2535.837909,0.8860714285714286,28.0,0.0,0.8860714285714286,False,288.9,0.1139,HIGH,Pastry_199,Bakery,Prague_2
3905,1198.415507,0.7589473684210526,19.0,3.0,0.7589473684210526,False,288.88,0.2411,HIGH,Tomato_87,Fruit and vegetable,Prague_2
3423,1030.843378,0.72,14.0,3.0,0.72,False,288.64,0.28,HIGH,Passion fruit_2,Fruit and vegetable,Budapest_1
2346,1456.014825,0.8017857142857144,28.0,2.0,0.8017857142857144,False,288.6,0.1982,HIGH,Pastry_100,Bakery,Prague_1
1787,2246.366687,0.8718181818181818,22.0,2.0,0.8718181818181818,False,287.94,0.1282,HIGH,Pear_16,Fruit and vegetable,Prague_1
2638,1559.498145,0.8157692307692308,26.0,5.0,0.8157692307692308,False,287.31,0.1842,HIGH,Turkey_11,Meat and fish,Brno_1
1432,3670.0035,0.9217857142857141,28.0,1.0,0.9217857142857141,False,287.05,0.0782,MEDIUM,Orange_8,Fruit and vegetable,Prague_1
5000,711.2750110000001,0.5964285714285714,28.0,8.0,0.5964285714285714,False,287.05,0.4036,HIGH,Bread_211,Bakery,Prague_2
272,817.485516,0.65125,24.0,9.0,0.65125,False,285.1,0.3488,HIGH,Salmon_1,Meat and fish,Budapest_1
5232,5315.9735200000005,0.9464285714285713,28.0,1.0,0.9464285714285713,False,284.78,0.0536,MEDIUM,Pepper_30,Fruit and vegetable,Brno_1
2794,1265.934109,0.7755555555555556,27.0,4.0,0.7755555555555556,False,284.13,0.2244,HIGH,Spinach_7,Fruit and vegetable,Budapest_1
4670,981.136292,0.7105882352941177,17.0,3.0,0.7105882352941177,False,283.95,0.2894,HIGH,Lettuce_37,Fruit and vegetable,Prague_2
2467,12814.58665,0.9778571428571426,28.0,0.0,0.9778571428571426,False,283.75,0.0221,LOW,Onion_20,Fruit and vegetable,Budapest_1
2874,1171.0406155,0.7592307692307692,26.0,9.0,0.7592307692307692,False,281.95,0.2408,HIGH,Grape_22,Fruit and vegetable,Prague_3
1057,8562.91875,0.9671428571428571,28.0,0.0,0.9671428571428571,False,281.35,0.0329,LOW,Broccoli_3,Fruit and vegetable,Munich_1
1378,1381.5918550000001,0.7966666666666666,27.0,4.0,0.7966666666666666,False,280.92,0.2033,HIGH,Bread_57,Bakery,Budapest_1
4007,832.9204448,0.6635714285714285,28.0,11.0,0.6635714285714285,False,280.22,0.3364,HIGH,Pastry_147,Bakery,Brno_1
343,2608.005988,0.8927272727272727,22.0,2.0,0.8927272727272727,False,279.77,0.1073,HIGH,Carrot_2,Fruit and vegetable,Brno_1
1698,5205.39583,0.9462962962962963,27.0,1.0,0.9462962962962963,False,279.55,0.0537,MEDIUM,Apple_45,Fruit and vegetable,Budapest_1
4360,1049.164277,0.7342857142857142,28.0,3.0,0.7342857142857142,False,278.78,0.2657,HIGH,Roll_44,Bakery,Brno_1
339,1115.457255,0.7504,25.0,7.0,0.7504,False,278.42,0.2496,HIGH,Asparagus_1,Fruit and vegetable,Budapest_1
3178,3705.857005,0.9249999999999999,28.0,2.0,0.9249999999999999,False,277.94,0.075,MEDIUM,Vegetable_16,Fruit and vegetable,Munich_1
1619,1460.061052,0.81,24.0,3.0,0.81,False,277.41,0.19,HIGH,Blueberry_11,Fruit and vegetable,Brno_1
3330,1279.953611,0.7834782608695652,23.0,5.0,0.7834782608695652,False,277.14,0.2165,HIGH,Blueberry_25,Fruit and vegetable,Prague_3
102,2621.031488,0.8942857142857142,28.0,0.0,0.8942857142857142,False,277.08,0.1057,HIGH,Bread_1,Bakery,Prague_3
1064,1187.492955,0.7667857142857144,28.0,6.0,0.7667857142857144,False,276.94,0.2332,HIGH,Melon_4,Fruit and vegetable,Frankfurt_1
5389,1311.764002,0.7891666666666666,24.0,4.0,0.7891666666666666,False,276.56,0.2108,HIGH,Basil_7,Fruit and vegetable,Frankfurt_1
492,2818.196074,0.9021428571428572,28.0,1.0,0.9021428571428572,False,275.78,0.0979,MEDIUM,Potato_7,Fruit and vegetable,Munich_1
2203,1779.064096,0.845,28.0,1.0,0.845,False,275.75,0.155,HIGH,Bread_85,Bakery,Prague_3
203,1727.676624,0.8404,25.0,1.0,0.8404,False,275.74,0.1596,HIGH,Bell Pepper_1,Fruit and vegetable,Budapest_1
4622,2611.60425,0.8946428571428571,28.0,0.0,0.8946428571428571,False,275.15,0.1054,HIGH,Roll_48,Bakery,Prague_2
1846,1057.573375,0.7400000000000001,28.0,3.0,0.7400000000000001,False,274.97,0.26,HIGH,Pastry_78,Bakery,Prague_3
3272,3897.371079,0.9296153846153844,26.0,1.0,0.9296153846153844,False,274.31,0.0704,MEDIUM,Tomato_68,Fruit and vegetable,Brno_1
538,2823.824182,0.9028571428571429,28.0,0.0,0.9028571428571429,False,274.31,0.0971,MEDIUM,Bread_16,Bakery,Brno_1
1216,3035.298943,0.9096428571428571,28.0,0.0,0.9096428571428571,False,274.26,0.0904,MEDIUM,Bread_51,Bakery,Brno_1
2146,1323.574861,0.7938095238095239,21.0,3.0,0.7938095238095239,False,272.91,0.2062,HIGH,Beet_2,Fruit and vegetable,Prague_1
1494,2132.9153499999998,0.8725,24.0,2.0,0.8725,False,271.95,0.1275,HIGH,Asparagus_9,Fruit and vegetable,Frankfurt_1
5310,4585.82968,0.9407142857142857,28.0,0.0,0.9407142857142857,False,271.87,0.0593,MEDIUM,Pastry_199,Bakery,Prague_1
1314,1590.853292,0.8292592592592591,27.0,2.0,0.8292592592592591,False,271.62,0.1707,HIGH,Pork_14,Meat and fish,Budapest_1
1901,1756.378387,0.8453571428571428,28.0,0.0,0.8453571428571428,False,271.61,0.1546,HIGH,Bread_76,Bakery,Prague_1
1429,711.839548,0.6187499999999999,16.0,4.0,0.6187499999999999,False,271.39,0.3813,HIGH,Chicken_29,Meat and fish,Prague_1
1145,3850.120055,0.9296153846153847,26.0,1.0,0.9296153846153847,False,270.99,0.0704,MEDIUM,Salad_11,Fruit and vegetable,Munich_1
2635,2187.4775759999998,0.8765217391304347,23.0,3.0,0.8765217391304347,False,270.11,0.1235,HIGH,Turkey_11,Meat and fish,Prague_1
1764,1793.20251,0.8496428571428571,28.0,3.0,0.8496428571428571,False,269.62,0.1504,HIGH,Mandarin_8,Fruit and vegetable,Brno_1
3273,2100.2399450000003,0.8717857142857144,28.0,3.0,0.8717857142857144,False,269.28,0.1282,HIGH,Tomato_68,Fruit and vegetable,Prague_3
5312,1982.730479,0.8642857142857142,28.0,0.0,0.8642857142857142,False,269.08,0.1357,HIGH,Pastry_199,Bakery,Prague_3
3573,4455.82128,0.9400000000000001,28.0,1.0,0.9400000000000001,False,267.35,0.06,MEDIUM,Tomato_74,Fruit and vegetable,Budapest_1
586,4133.33437,0.9354545454545454,22.0,1.0,0.9354545454545454,False,266.79,0.0645,MEDIUM,Parsley_2,Fruit and vegetable,Brno_1
5137,2103.665082,0.8733333333333333,15.0,2.0,0.8733333333333333,False,266.46,0.1267,HIGH,Salad_59,Fruit and vegetable,Budapest_1
729,9551.20207,0.9721428571428571,28.0,0.0,0.9721428571428571,False,266.07,0.0279,LOW,Zucchini_1,Fruit and vegetable,Brno_1
2908,5526.698213,0.9522222222222223,27.0,0.0,0.9522222222222223,False,264.05,0.0478,LOW,Mango_8,Fruit and vegetable,Brno_1
3787,1806.835131,0.8539130434782609,23.0,2.0,0.8539130434782609,False,263.96,0.1461,HIGH,Sweet Potato_12,Fruit and vegetable,Brno_1
5036,1486.172128,0.8226086956521739,23.0,3.0,0.8226086956521739,False,263.63,0.1774,HIGH,Blackberry_3,Fruit and vegetable,Frankfurt_1
2696,2971.012521,0.9114814814814816,27.0,3.0,0.9114814814814816,False,262.99,0.0885,MEDIUM,Blueberry_20,Fruit and vegetable,Frankfurt_1
2773,1039.010228,0.7476470588235293,17.0,3.0,0.7476470588235293,False,262.2,0.2524,HIGH,Bread_104,Bakery,Brno_1
395,24413.63333,0.9892857142857142,28.0,0.0,0.9892857142857142,False,261.57,0.0107,LOW,Avocado_1,Fruit and vegetable,Prague_2
4526,2999.018263,0.9133333333333333,27.0,1.0,0.9133333333333333,False,259.91,0.0867,MEDIUM,Tomato_102,Fruit and vegetable,Prague_3
4049,1911.932812,0.8640740740740741,27.0,4.0,0.8640740740740741,False,259.88,0.1359,HIGH,Mix meat_4,Meat and fish,Munich_1
255,2818.615337,0.9078571428571427,28.0,1.0,0.9078571428571427,False,259.72,0.0921,MEDIUM,Cucumber_2,Fruit and vegetable,Prague_2
3839,601.553681,0.5685714285714286,7.0,4.0,0.5685714285714286,False,259.53,0.4314,HIGH,Chicken_69,Meat and fish,Budapest_1
1278,3723.040831,0.9303703703703704,27.0,1.0,0.9303703703703704,False,259.23,0.0696,MEDIUM,Tomato_28,Fruit and vegetable,Brno_1
3551,2443.379812,0.8940740740740739,27.0,2.0,0.8940740740740739,False,258.82,0.1059,HIGH,Grapefruit_4,Fruit and vegetable,Brno_1
1733,1601.393178,0.8384615384615385,26.0,5.0,0.8384615384615385,False,258.69,0.1615,HIGH,Chicken_35,Meat and fish,Budapest_1
1173,8933.33466,0.9710714285714284,28.0,0.0,0.9710714285714284,False,258.43,0.0289,LOW,Bell Pepper_5,Fruit and vegetable,Brno_1
335,1046.081023,0.7534782608695652,23.0,5.0,0.7534782608695652,False,257.88,0.2465,HIGH,Apple_6,Fruit and vegetable,Frankfurt_1
1360,3482.81108,0.9260714285714285,28.0,2.0,0.9260714285714285,False,257.48,0.0739,MEDIUM,Pepper_4,Fruit and vegetable,Munich_1
1214,6426.04842,0.9600000000000001,27.0,0.0,0.9600000000000001,False,257.04,0.04,LOW,Potato_22,Fruit and vegetable,Prague_2
3425,1696.177522,0.8488888888888888,27.0,4.0,0.8488888888888888,False,256.31,0.1511,HIGH,Lettuce_29,Fruit and vegetable,Munich_1
1559,3723.812636,0.9312,25.0,1.0,0.9312,False,256.2,0.0688,MEDIUM,Vegetable_10,Fruit and vegetable,Prague_2
2845,3638.678366,0.9296428571428573,28.0,2.0,0.9296428571428573,False,256.01,0.0704,MEDIUM,Bell Pepper_10,Fruit and vegetable,Prague_3
3880,2217.406869,0.8848,25.0,3.0,0.8848,False,255.45,0.1152,HIGH,Pepper_20,Fruit and vegetable,Munich_1
2305,2265.836095,0.8873684210526316,19.0,1.0,0.8873684210526316,False,255.2,0.1126,HIGH,Pepper_15,Fruit and vegetable,Prague_2
2126,10044.56359,0.9746428571428571,28.0,0.0,0.9746428571428571,False,254.7,0.0254,LOW,Grape_15,Fruit and vegetable,Prague_3
3346,873.746114,0.7089285714285712,28.0,4.0,0.7089285714285712,False,254.32,0.2911,HIGH,Pastry_127,Bakery,Prague_3
2590,1781.915152,0.8574999999999999,28.0,2.0,0.8574999999999999,False,253.92,0.1425,HIGH,Tomato_54,Fruit and vegetable,Prague_1
2565,13405.04073,0.9810714285714285,28.0,0.0,0.9810714285714285,False,253.74,0.0189,LOW,Orange_14,Fruit and vegetable,Prague_1
2520,2114.087949,0.88,21.0,2.0,0.88,False,253.69,0.12,HIGH,Roll_23,Bakery,Prague_3
4072,3034.598137,0.9164285714285716,28.0,1.0,0.9164285714285716,False,253.61,0.0836,MEDIUM,Roll_40,Bakery,Prague_2
341,2193.7903420000002,0.8844444444444446,27.0,3.0,0.8844444444444446,False,253.5,0.1156,HIGH,Carrot_2,Fruit and vegetable,Prague_1
3906,2231.959817,0.8865000000000001,20.0,0.0,0.8865000000000001,False,253.33,0.1135,HIGH,Tomato_87,Fruit and vegetable,Prague_1
5160,6143.722856,0.9588235294117647,17.0,0.0,0.9588235294117647,False,252.98,0.0412,LOW,Tomato_114,Fruit and vegetable,Munich_1
2079,969.6418768999999,0.739642857142857,28.0,4.0,0.739642857142857,False,252.45,0.2604,HIGH,Baguette_14,Bakery,Brno_1
328,2306.574511,0.8907142857142858,28.0,3.0,0.8907142857142858,False,252.08,0.1093,HIGH,Sweet Potato_0,Fruit and vegetable,Prague_2
574,1146.33361,0.7803846153846153,26.0,5.0,0.7803846153846153,False,251.75,0.2196,HIGH,Toust_4,Bakery,Munich_1
1211,2705.977964,0.9070588235294118,17.0,1.0,0.9070588235294118,False,251.5,0.0929,MEDIUM,Lettuce_11,Fruit and vegetable,Munich_1
3907,1102.30648,0.7725,20.0,4.0,0.7725,False,250.77,0.2275,HIGH,Tomato_87,Fruit and vegetable,Prague_3
3331,1148.194766,0.7818181818181817,22.0,4.0,0.7818181818181817,False,250.52,0.2182,HIGH,Blueberry_25,Fruit and vegetable,Prague_2
3187,1718.412955,0.8545454545454546,11.0,2.0,0.8545454545454546,False,249.95,0.1455,HIGH,Peach_13,Fruit and vegetable,Prague_3
3679,2741.411786,0.9089473684210526,19.0,2.0,0.9089473684210526,False,249.61,0.0911,MEDIUM,Snack_7,Fruit and vegetable,Budapest_1
1337,2205.842321,0.8875000000000001,28.0,2.0,0.8875000000000001,False,248.16,0.1125,HIGH,Grape_9,Fruit and vegetable,Budapest_1
1608,2621.584819,0.9053571428571429,28.0,0.0,0.9053571428571429,False,248.11,0.0946,MEDIUM,Bread_66,Bakery,Brno_1
3223,5063.145054,0.9510714285714286,28.0,1.0,0.9510714285714286,False,247.73,0.0489,LOW,Watermelon_18,Fruit and vegetable,Prague_2
4712,3069.026782,0.9196296296296296,27.0,2.0,0.9196296296296296,False,246.66,0.0804,MEDIUM,Mango_10,Fruit and vegetable,Prague_3
1012,1966.313025,0.875,16.0,2.0,0.875,False,245.79,0.125,HIGH,Beet_0,Fruit and vegetable,Prague_1
4020,2584.467096,0.905,2.0,0.0,0.905,False,245.52,0.095,MEDIUM,Apricot_13,Fruit and vegetable,Prague_1
2140,1746.562071,0.86,28.0,4.0,0.86,False,244.52,0.14,HIGH,Avocado_3,Fruit and vegetable,Prague_2
3499,4270.462717,0.942962962962963,27.0,1.0,0.942962962962963,False,243.57,0.057,MEDIUM,Bread_136,Bakery,Munich_1
5076,3324.818679,0.9271428571428574,28.0,0.0,0.9271428571428574,False,242.24,0.0729,MEDIUM,Bread_216,Bakery,Prague_2
1257,1087.573175,0.778,25.0,4.0,0.778,False,241.44,0.222,HIGH,Pea_0,Fruit and vegetable,Prague_3
3348,1084.895941,0.7785714285714286,28.0,4.0,0.7785714285714286,False,240.23,0.2214,HIGH,Pastry_127,Bakery,Prague_2
2276,9598.86823,0.975,28.0,0.0,0.975,False,239.97,0.025,LOW,Tomato_47,Fruit and vegetable,Prague_2
1743,3234.779383,0.926,25.0,1.0,0.926,False,239.37,0.074,MEDIUM,Bagel_4,Bakery,Munich_1
1393,11748.97772,0.9796428571428571,28.0,0.0,0.9796428571428571,False,239.18,0.0204,LOW,Roll_12,Bakery,Prague_2
2985,2412.557499,0.9010714285714286,28.0,0.0,0.9010714285714286,False,238.67,0.0989,MEDIUM,Bread_116,Bakery,Prague_3
986,1796.170013,0.8671428571428571,28.0,2.0,0.8671428571428571,False,238.63,0.1329,HIGH,Zucchini_4,Fruit and vegetable,Prague_1
140,2835.29812,0.9159999999999999,25.0,2.0,0.9159999999999999,False,238.17,0.084,MEDIUM,Potato_1,Fruit and vegetable,Munich_1
2397,1924.037424,0.8762500000000001,24.0,3.0,0.8762500000000001,False,238.1,0.1238,HIGH,Salmon_6,Meat and fish,Budapest_1
296,2349.38155,0.8988888888888888,27.0,1.0,0.8988888888888888,False,237.55,0.1011,HIGH,Chicken_8,Meat and fish,Budapest_1
5252,3192.14955,0.9256,25.0,0.0,0.9256,False,237.5,0.0744,MEDIUM,Potato_81,Fruit and vegetable,Brno_1
5258,1352.603092,0.825,28.0,3.0,0.825,False,236.71,0.175,HIGH,Roll_60,Bakery,Prague_2
968,1554.739524,0.8477777777777779,27.0,4.0,0.8477777777777779,False,236.67,0.1522,HIGH,Potato_18,Fruit and vegetable,Munich_1
290,2149.157135,0.8899999999999999,28.0,0.0,0.8899999999999999,False,236.41,0.11,HIGH,Bread_11,Bakery,Brno_1
2793,1006.009891,0.7660714285714284,28.0,3.0,0.7660714285714284,False,235.33,0.2339,HIGH,Bread_105,Bakery,Prague_2
3962,2727.370989,0.9139285714285714,28.0,1.0,0.9139285714285714,False,234.75,0.0861,MEDIUM,Bell Pepper_17,Fruit and vegetable,Budapest_1
1084,1180.405632,0.8015789473684211,19.0,2.0,0.8015789473684211,False,234.22,0.1984,HIGH,Onion_10,Fruit and vegetable,Prague_2
4672,1058.224169,0.7788235294117647,17.0,3.0,0.7788235294117647,False,234.05,0.2212,HIGH,Lettuce_37,Fruit and vegetable,Prague_3
4615,1433.829099,0.8370370370370371,27.0,3.0,0.8370370370370371,False,233.66,0.163,HIGH,Bell Pepper_19,Fruit and vegetable,Prague_1
4996,2321.809248,0.8996153846153846,26.0,3.0,0.8996153846153846,False,233.07,0.1004,HIGH,Orange_29,Fruit and vegetable,Prague_3
5065,3534.127988,0.9346153846153846,26.0,2.0,0.9346153846153846,False,231.08,0.0654,MEDIUM,Vegetable_19,Fruit and vegetable,Budapest_1
497,1196.431892,0.8072,25.0,6.0,0.8072,False,230.67,0.1928,HIGH,Cactus Fruit_0,Fruit and vegetable,Prague_3
2415,966.8100579,0.7617857142857142,28.0,4.0,0.7617857142857142,False,230.31,0.2382,HIGH,Bread_89,Bakery,Brno_1
2435,4044.564181,0.9433333333333332,27.0,1.0,0.9433333333333332,False,229.19,0.0567,MEDIUM,Apple_69,Fruit and vegetable,Prague_2
1453,6791.95043,0.9662962962962962,27.0,0.0,0.9662962962962962,False,228.91,0.0337,LOW,Chicken_31,Meat and fish,Prague_1
1781,2551.909917,0.910357142857143,28.0,2.0,0.910357142857143,False,228.76,0.0896,MEDIUM,Apple_51,Fruit and vegetable,Prague_2
3224,8422.97502,0.972857142857143,28.0,1.0,0.972857142857143,False,228.62,0.0271,LOW,Watermelon_18,Fruit and vegetable,Prague_1
337,1762.933728,0.8703703703703702,27.0,3.0,0.8703703703703702,False,228.53,0.1296,HIGH,Chicken_10,Meat and fish,Budapest_1
3523,1400.724261,0.8372727272727274,22.0,3.0,0.8372727272727274,False,227.94,0.1627,HIGH,Asparagus_19,Fruit and vegetable,Budapest_1
651,1723.274643,0.8677777777777776,27.0,3.0,0.8677777777777776,False,227.86,0.1322,HIGH,Vegetable_2,Fruit and vegetable,Brno_1
1818,1034.937158,0.78,5.0,1.0,0.78,False,227.69,0.22,HIGH,Salad_17,Fruit and vegetable,Munich_1
472,1035.980038,0.7804166666666666,24.0,5.0,0.7804166666666666,False,227.48,0.2196,HIGH,Salmon_2,Meat and fish,Budapest_1
3639,907.23827,0.7499999999999999,28.0,6.0,0.7499999999999999,False,226.81,0.25,HIGH,Bread_144,Bakery,Prague_1
3262,1856.078364,0.8778571428571429,28.0,4.0,0.8778571428571429,False,226.71,0.1221,HIGH,Asparagus_16,Fruit and vegetable,Budapest_1
990,2214.513486,0.8977777777777779,27.0,2.0,0.8977777777777779,False,226.37,0.1022,HIGH,Salad_10,Fruit and vegetable,Munich_1
2987,3651.66788,0.9382142857142857,28.0,0.0,0.9382142857142857,False,225.62,0.0618,MEDIUM,Bread_116,Bakery,Prague_2
4907,2523.463349,0.9107142857142856,28.0,2.0,0.9107142857142856,False,225.31,0.0893,MEDIUM,Tomato_109,Fruit and vegetable,Prague_1
2353,1218.676679,0.8153846153846155,13.0,3.0,0.8153846153846155,False,224.99,0.1846,HIGH,Lime_6,Fruit and vegetable,Prague_1
1758,1523.70863,0.8524999999999998,28.0,1.0,0.8524999999999998,False,224.75,0.1475,HIGH,Pastry_73,Bakery,Brno_1
3785,1937.024623,0.8842307692307692,26.0,2.0,0.8842307692307692,False,224.25,0.1158,HIGH,Sweet Potato_12,Fruit and vegetable,Prague_1
2505,2285.46016,0.9019230769230769,26.0,1.0,0.9019230769230769,False,224.15,0.0981,MEDIUM,Apple_74,Fruit and vegetable,Budapest_1
3087,3266.523089,0.9314814814814815,27.0,1.0,0.9314814814814815,False,223.82,0.0685,MEDIUM,Cucumber_21,Fruit and vegetable,Prague_2
3189,2612.580852,0.9146153846153846,13.0,1.0,0.9146153846153846,False,223.07,0.0854,MEDIUM,Peach_13,Fruit and vegetable,Prague_1
2348,925.304826,0.7589285714285715,28.0,2.0,0.7589285714285715,False,223.06,0.2411,HIGH,Pastry_101,Bakery,Prague_1
2791,1801.441929,0.8764285714285714,28.0,1.0,0.8764285714285714,False,222.61,0.1236,HIGH,Bread_105,Bakery,Prague_1
3599,1470.110841,0.8488,25.0,4.0,0.8488,False,222.28,0.1512,HIGH,Pita_1,Bakery,Prague_1
5338,1250.085762,0.8222222222222222,27.0,4.0,0.8222222222222222,False,222.24,0.1778,HIGH,Tangerine_0,Fruit and vegetable,Prague_3
713,2533.226096,0.9124999999999998,28.0,0.0,0.9124999999999998,False,221.66,0.0875,MEDIUM,Bread_26,Bakery,Prague_1
3890,1756.641933,0.8738461538461539,26.0,4.0,0.8738461538461539,False,221.61,0.1262,HIGH,Potato_61,Fruit and vegetable,Brno_1
2745,1221.563046,0.8189285714285716,28.0,0.0,0.8189285714285716,False,221.19,0.1811,HIGH,Bread_102,Bakery,Prague_3
1515,3921.810225,0.9436363636363635,11.0,0.0,0.9436363636363635,False,221.05,0.0564,MEDIUM,Salad_14,Fruit and vegetable,Budapest_1
2355,615.489401,0.6416666666666667,12.0,5.0,0.6416666666666667,False,220.55,0.3583,HIGH,Lime_6,Fruit and vegetable,Prague_3
2496,3908.487924,0.9437037037037037,27.0,1.0,0.9437037037037037,False,220.03,0.0563,MEDIUM,Salad_26,Fruit and vegetable,Brno_1
414,4769.98126,0.9539285714285715,28.0,0.0,0.9539285714285715,False,219.76,0.0461,LOW,Tomato_7,Fruit and vegetable,Brno_1
3572,1767.321996,0.8758333333333335,12.0,1.0,0.8758333333333335,False,219.44,0.1242,HIGH,Watermelon_20,Fruit and vegetable,Frankfurt_1
4902,3100.41627,0.9292857142857143,28.0,2.0,0.9292857142857143,False,219.24,0.0707,MEDIUM,Carrot_33,Fruit and vegetable,Brno_1
2091,447.704963,0.5114285714285715,14.0,8.0,0.5114285714285715,False,218.74,0.4886,HIGH,Vegetable_12,Fruit and vegetable,Brno_1
1555,1130.980334,0.8072,25.0,5.0,0.8072,False,218.05,0.1928,HIGH,Arugula_1,Fruit and vegetable,Prague_2
1382,555.482459,0.6082142857142857,28.0,7.0,0.6082142857142857,False,217.63,0.3918,HIGH,Cream_0,Bakery,Prague_1
2143,647.012504,0.6652380952380952,21.0,8.0,0.6652380952380952,False,216.6,0.3348,HIGH,Beet_2,Fruit and vegetable,Prague_2
1188,1888.38175,0.885357142857143,28.0,2.0,0.885357142857143,False,216.49,0.1146,HIGH,Pear_11,Fruit and vegetable,Prague_2
1439,1855.090432,0.8836000000000002,25.0,4.0,0.8836000000000002,False,215.93,0.1164,HIGH,Pineapple_3,Fruit and vegetable,Prague_3
912,7364.69831,0.9707142857142858,28.0,0.0,0.9707142857142858,False,215.68,0.0293,LOW,Leek_1,Fruit and vegetable,Prague_1
770,512.902114,0.5800000000000001,5.0,3.0,0.5800000000000001,False,215.42,0.42,HIGH,Cherry_3,Fruit and vegetable,Prague_3
4120,1009.940738,0.7873333333333333,15.0,2.0,0.7873333333333333,False,214.78,0.2127,HIGH,Lamb's lettuce_0,Fruit and vegetable,Budapest_1
1027,2908.577869,0.9262962962962962,27.0,2.0,0.9262962962962962,False,214.37,0.0737,MEDIUM,Fig_1,Fruit and vegetable,Prague_3
1187,1753.734566,0.8778571428571429,28.0,4.0,0.8778571428571429,False,214.21,0.1221,HIGH,Pear_11,Fruit and vegetable,Prague_3
8,2029.88393,0.8946428571428572,28.0,1.0,0.8946428571428572,False,213.86,0.1054,HIGH,Tomato_0,Fruit and vegetable,Budapest_1
749,1716.666105,0.8755,20.0,3.0,0.8755,False,213.72,0.1245,HIGH,Potato_12,Fruit and vegetable,Frankfurt_1
463,1568.915499,0.8638461538461539,26.0,4.0,0.8638461538461539,False,213.61,0.1362,HIGH,Coriander_0,Fruit and vegetable,Budapest_1
504,2130.584757,0.9,28.0,0.0,0.9,False,213.06,0.1,HIGH,Roll_7,Bakery,Brno_1
2139,2787.339695,0.9237037037037036,27.0,1.0,0.9237037037037036,False,212.66,0.0763,MEDIUM,Avocado_3,Fruit and vegetable,Brno_1
1013,1696.650938,0.8747058823529411,17.0,2.0,0.8747058823529411,False,212.58,0.1253,HIGH,Beet_0,Fruit and vegetable,Brno_1
4449,2691.511482,0.9210714285714287,28.0,2.0,0.9210714285714287,False,212.44,0.0789,MEDIUM,Chicken_86,Meat and fish,Brno_1
1785,2624.787157,0.9192592592592594,27.0,0.0,0.9192592592592594,False,211.93,0.0807,MEDIUM,Pastry_75,Bakery,Budapest_1
2202,1165.503518,0.8182142857142856,28.0,1.0,0.8182142857142856,False,211.87,0.1818,HIGH,Bread_85,Bakery,Prague_2
1417,3728.148278,0.9432142857142857,28.0,1.0,0.9432142857142857,False,211.71,0.0568,MEDIUM,Pepper_5,Fruit and vegetable,Budapest_1
1913,1712.217551,0.8765384615384615,26.0,5.0,0.8765384615384615,False,211.39,0.1235,HIGH,Beef_9,Meat and fish,Prague_1
725,1414.223088,0.8505555555555556,18.0,2.0,0.8505555555555556,False,211.35,0.1494,HIGH,Carrot_6,Fruit and vegetable,Munich_1
4313,4848.18252,0.9564285714285713,28.0,0.0,0.9564285714285713,False,211.24,0.0436,LOW,Chicken_80,Meat and fish,Prague_2
1,2380.937532,0.9114814814814814,27.0,3.0,0.9114814814814814,False,210.76,0.0885,MEDIUM,Blueberry_0,Fruit and vegetable,Frankfurt_1
4538,1378.86803,0.8484615384615386,13.0,2.0,0.8484615384615386,False,208.95,0.1515,HIGH,Peach_17,Fruit and vegetable,Prague_1
4608,1948.798554,0.892962962962963,27.0,2.0,0.892962962962963,False,208.59,0.107,HIGH,Chicken_88,Meat and fish,Brno_1
3442,3425.664599,0.9392857142857142,28.0,1.0,0.9392857142857142,False,207.99,0.0607,MEDIUM,Apple_93,Fruit and vegetable,Prague_2
1130,1045.312637,0.8011538461538462,26.0,3.0,0.8011538461538462,False,207.86,0.1988,HIGH,Mango_5,Fruit and vegetable,Prague_3
3786,1256.557066,0.8350000000000001,26.0,3.0,0.8350000000000001,False,207.33,0.165,HIGH,Sweet Potato_12,Fruit and vegetable,Prague_2
745,1025.572366,0.7978571428571428,28.0,1.0,0.7978571428571428,False,207.31,0.2021,HIGH,Pastry_33,Bakery,Prague_3
4834,613.152153,0.6628571428571428,28.0,7.0,0.6628571428571428,False,206.72,0.3371,HIGH,Bread_203,Bakery,Prague_2
1844,1358.438908,0.847857142857143,28.0,2.0,0.847857142857143,False,206.68,0.1521,HIGH,Pastry_78,Bakery,Prague_1
1131,1398.277427,0.8523999999999999,25.0,3.0,0.8523999999999999,False,206.39,0.1476,HIGH,Mango_5,Fruit and vegetable,Brno_1
1495,5946.48254,0.9653571428571428,28.0,1.0,0.9653571428571428,False,206.0,0.0346,LOW,Coriander_3,Fruit and vegetable,Prague_1
5210,3253.654221,0.9369230769230769,13.0,0.0,0.9369230769230769,False,205.23,0.0631,MEDIUM,Carrot_35,Fruit and vegetable,Budapest_1
2756,1193.211337,0.8282142857142858,28.0,2.0,0.8282142857142858,False,204.98,0.1718,HIGH,Roll_25,Bakery,Prague_2
3412,1459.231544,0.8596428571428573,28.0,0.0,0.8596428571428573,False,204.81,0.1404,HIGH,Bun_0,Bakery,Prague_3
3411,1809.000727,0.8867857142857142,28.0,2.0,0.8867857142857142,False,204.8,0.1132,HIGH,Bun_0,Bakery,Prague_2
4792,1383.703649,0.8525,28.0,1.0,0.8525,False,204.1,0.1475,HIGH,Roll_53,Bakery,Prague_1
3638,673.537748,0.6971428571428572,28.0,4.0,0.6971428571428572,False,203.99,0.3029,HIGH,Bread_144,Bakery,Prague_2
5415,1455.566134,0.8600000000000001,25.0,2.0,0.8600000000000001,False,203.78,0.14,HIGH,Raspberry_12,Fruit and vegetable,Prague_3
3519,2925.1207210000002,0.9303703703703704,27.0,1.0,0.9303703703703704,False,203.68,0.0696,MEDIUM,Lemon_9,Fruit and vegetable,Prague_3
1611,898.56109,0.7733333333333334,15.0,2.0,0.7733333333333334,False,203.67,0.2267,HIGH,Grape_10,Fruit and vegetable,Prague_1
1788,1270.394369,0.8403999999999999,25.0,4.0,0.8403999999999999,False,202.75,0.1596,HIGH,Pear_16,Fruit and vegetable,Prague_3
4671,1155.377837,0.8252631578947367,19.0,2.0,0.8252631578947367,False,201.89,0.1747,HIGH,Lettuce_37,Fruit and vegetable,Brno_1
3190,1762.619578,0.8858333333333333,12.0,2.0,0.8858333333333333,False,201.23,0.1142,HIGH,Peach_13,Fruit and vegetable,Prague_2
2552,963.9192295,0.7917857142857143,28.0,4.0,0.7917857142857143,False,200.7,0.2082,HIGH,Baguette_20,Bakery,Brno_1
2680,3344.845379,0.94,4.0,0.0,0.94,False,200.69,0.06,MEDIUM,Apricot_8,Fruit and vegetable,Prague_3
5050,5009.378414,0.9600000000000001,27.0,1.0,0.9600000000000001,False,200.38,0.04,LOW,Avocado_15,Fruit and vegetable,Budapest_1
3050,2118.318237,0.9055555555555556,27.0,0.0,0.9055555555555556,False,200.06,0.0944,MEDIUM,Bell Pepper_12,Fruit and vegetable,Prague_1
5002,1445.305326,0.8617857142857146,28.0,0.0,0.8617857142857146,False,199.76,0.1382,HIGH,Bread_211,Bakery,Prague_1
2238,915.392662,0.7821428571428574,28.0,0.0,0.7821428571428574,False,199.42,0.2179,HIGH,Pastry_92,Bakery,Prague_3
1437,1425.384519,0.8603571428571429,28.0,3.0,0.8603571428571429,False,199.04,0.1396,HIGH,Chicken_30,Meat and fish,Budapest_1
1814,1002.134202,0.8014285714285715,14.0,2.0,0.8014285714285715,False,199.0,0.1986,HIGH,Pear_17,Fruit and vegetable,Budapest_1
1693,2256.685692,0.9118518518518519,27.0,2.0,0.9118518518518519,False,198.92,0.0881,MEDIUM,Pepper_10,Fruit and vegetable,Budapest_1
465,4919.79955,0.9596296296296296,27.0,0.0,0.9596296296296296,False,198.61,0.0404,LOW,Apple_10,Fruit and vegetable,Budapest_1
4578,1076.353913,0.8159090909090907,22.0,2.0,0.8159090909090907,False,198.15,0.1841,HIGH,Mango_9,Fruit and vegetable,Prague_1
2099,1296.540489,0.8477777777777779,27.0,5.0,0.8477777777777779,False,197.36,0.1522,HIGH,Salad_24,Fruit and vegetable,Munich_1
1552,1391.130322,0.8585185185185185,27.0,3.0,0.8585185185185185,False,196.82,0.1415,HIGH,Arugula_1,Fruit and vegetable,Brno_1
1044,6406.383,0.9692857142857143,28.0,1.0,0.9692857142857143,False,196.77,0.0307,LOW,Carrot_10,Fruit and vegetable,Prague_1
1192,7400.65434,0.9734615384615386,26.0,0.0,0.9734615384615386,False,196.4,0.0265,LOW,Potato_21,Fruit and vegetable,Prague_3
3291,909.629635,0.7841666666666667,24.0,6.0,0.7841666666666667,False,196.33,0.2158,HIGH,Salad_35,Fruit and vegetable,Frankfurt_1
1365,1920.291221,0.8978571428571429,28.0,0.0,0.8978571428571429,False,196.14,0.1021,HIGH,Bread_56,Bakery,Prague_2
4491,2943.809269,0.9337037037037037,27.0,1.0,0.9337037037037037,False,195.16,0.0663,MEDIUM,Herb_18,Fruit and vegetable,Brno_1
1845,972.115305,0.799642857142857,28.0,1.0,0.799642857142857,False,194.77,0.2004,HIGH,Pastry_78,Bakery,Prague_2
2689,1269.377322,0.8474074074074074,27.0,4.0,0.8474074074074074,False,193.7,0.1526,HIGH,Onion_25,Fruit and vegetable,Prague_2
117,1847.521981,0.8953571428571429,28.0,4.0,0.8953571428571429,False,193.33,0.1046,HIGH,Avocado_0,Fruit and vegetable,Prague_2
398,6129.714145,0.9684615384615385,26.0,0.0,0.9684615384615385,False,193.32,0.0315,LOW,Grape_5,Fruit and vegetable,Budapest_1
4803,2551.800298,0.9242857142857143,28.0,2.0,0.9242857142857143,False,193.21,0.0757,MEDIUM,Pear_34,Fruit and vegetable,Brno_1
1469,1339.282218,0.8557692307692307,26.0,2.0,0.8557692307692307,False,193.17,0.1442,HIGH,Lettuce_15,Fruit and vegetable,Munich_1
850,743.843193,0.7403571428571432,28.0,4.0,0.7403571428571432,False,193.13,0.2596,HIGH,Bread_33,Bakery,Prague_2
3476,626.99086,0.692,5.0,1.0,0.692,False,193.11,0.308,HIGH,Nectarine_10,Fruit and vegetable,Prague_2
4351,1705.821376,0.886842105263158,19.0,2.0,0.886842105263158,False,193.03,0.1132,HIGH,Parsley_9,Fruit and vegetable,Prague_1
3895,2833.726058,0.9321428571428572,28.0,2.0,0.9321428571428572,False,192.29,0.0679,MEDIUM,Granadilla_0,Fruit and vegetable,Munich_1
4132,819.2508893,0.7655555555555554,27.0,4.0,0.7655555555555554,False,192.07,0.2344,HIGH,Bread_170,Bakery,Budapest_1
712,1899.562109,0.8989285714285715,28.0,0.0,0.8989285714285715,False,191.99,0.1011,HIGH,Bread_26,Bakery,Prague_2
743,1294.749473,0.8517857142857144,28.0,0.0,0.8517857142857144,False,191.9,0.1482,HIGH,Pastry_33,Bakery,Prague_1
4931,1413.411147,0.8650000000000001,26.0,4.0,0.8650000000000001,False,190.81,0.135,HIGH,Pepper_28,Fruit and vegetable,Prague_1
4061,1060.421997,0.8203571428571428,28.0,4.0,0.8203571428571428,False,190.5,0.1796,HIGH,Bread_167,Bakery,Prague_1
2057,1850.963734,0.8971428571428571,28.0,1.0,0.8971428571428571,False,190.38,0.1029,HIGH,Pepper_12,Fruit and vegetable,Munich_1
5273,1973.095761,0.9035714285714286,28.0,0.0,0.9035714285714286,False,190.26,0.0964,MEDIUM,Bread_225,Bakery,Prague_3
5319,3947.692755,0.9518518518518518,27.0,1.0,0.9518518518518518,False,190.07,0.0481,LOW,Arugula_10,Fruit and vegetable,Munich_1
1426,3884.3542350000002,0.9510714285714286,28.0,1.0,0.9510714285714286,False,190.06,0.0489,LOW,Pepper_6,Fruit and vegetable,Budapest_1
3225,8978.56848,0.9788888888888889,27.0,1.0,0.9788888888888889,False,189.55,0.0211,LOW,Watermelon_18,Fruit and vegetable,Brno_1
1974,1217.730743,0.8444444444444444,27.0,3.0,0.8444444444444444,False,189.42,0.1556,HIGH,Bread_80,Bakery,Budapest_1
2317,2833.683546,0.9332142857142858,28.0,1.0,0.9332142857142858,False,189.25,0.0668,MEDIUM,Eggplant_4,Fruit and vegetable,Brno_1
983,956.904989,0.8025925925925924,27.0,3.0,0.8025925925925924,False,188.9,0.1974,HIGH,Zucchini_4,Fruit and vegetable,Prague_2
3748,1662.666104,0.8864285714285713,28.0,3.0,0.8864285714285713,False,188.83,0.1136,HIGH,Mushroom_21,Fruit and vegetable,Prague_1
2746,1146.294569,0.8353571428571429,28.0,3.0,0.8353571428571429,False,188.73,0.1646,HIGH,Bread_102,Bakery,Prague_2
3654,1438.424401,0.8689285714285715,28.0,1.0,0.8689285714285715,False,188.54,0.1311,HIGH,Potato_58,Fruit and vegetable,Prague_2
992,929.258137,0.7971428571428572,28.0,2.0,0.7971428571428572,False,188.51,0.2029,HIGH,Bread_41,Bakery,Prague_1
1110,1648.99841,0.885925925925926,27.0,2.0,0.885925925925926,False,188.11,0.1141,HIGH,Chicken_27,Meat and fish,Budapest_1
4466,4184.580995,0.9551851851851851,27.0,1.0,0.9551851851851851,False,187.53,0.0448,LOW,Mushroom_24,Fruit and vegetable,Budapest_1
3711,1074.540048,0.8257142857142857,28.0,2.0,0.8257142857142857,False,187.28,0.1743,HIGH,Croissant_27,Bakery,Prague_2
884,1804.060813,0.8962962962962964,27.0,0.0,0.8962962962962964,False,187.09,0.1037,HIGH,Bread_36,Bakery,Munich_1
1108,929.775606,0.7992857142857144,28.0,3.0,0.7992857142857144,False,186.62,0.2007,HIGH,Pastry_46,Bakery,Prague_1
1129,1234.882206,0.8492592592592592,27.0,2.0,0.8492592592592592,False,186.15,0.1507,HIGH,Mango_5,Fruit and vegetable,Prague_2
5149,931.9925168999999,0.8003571428571429,28.0,5.0,0.8003571428571429,False,186.07,0.1996,HIGH,Baguette_39,Bakery,Brno_1
468,2460.554734,0.9244444444444445,27.0,2.0,0.9244444444444445,False,185.91,0.0756,MEDIUM,Physalis_0,Fruit and vegetable,Munich_1
2755,1640.372239,0.8871428571428572,28.0,2.0,0.8871428571428572,False,185.13,0.1129,HIGH,Roll_25,Bakery,Prague_3
2706,3362.515079,0.945,28.0,2.0,0.945,False,184.94,0.055,MEDIUM,Potato_44,Fruit and vegetable,Brno_1
1526,2573.517317,0.9282142857142858,28.0,0.0,0.9282142857142858,False,184.74,0.0718,MEDIUM,Vegetable_9,Fruit and vegetable,Prague_2
2611,2694.24859,0.9314814814814815,27.0,2.0,0.9314814814814815,False,184.61,0.0685,MEDIUM,Vegetable_13,Fruit and vegetable,Budapest_1
1438,3401.168366,0.9457692307692309,26.0,0.0,0.9457692307692309,False,184.45,0.0542,MEDIUM,Pineapple_3,Fruit and vegetable,Prague_1
2859,2274.387637,0.9189285714285715,28.0,0.0,0.9189285714285715,False,184.39,0.0811,MEDIUM,Bread_108,Bakery,Brno_1
4488,4690.91602,0.9607142857142856,28.0,1.0,0.9607142857142856,False,184.29,0.0393,LOW,Herb_18,Fruit and vegetable,Prague_1
1823,1048.753147,0.8246428571428571,28.0,1.0,0.8246428571428571,False,183.91,0.1754,HIGH,Pastry_76,Bakery,Prague_1
1532,572.099884,0.6789285714285714,28.0,7.0,0.6789285714285714,False,183.68,0.3211,HIGH,Roll_13,Bakery,Prague_2
2861,558.659694,0.6718181818181818,22.0,7.0,0.6718181818181818,False,183.34,0.3282,HIGH,Vegetable_15,Fruit and vegetable,Brno_1
3473,6255.2671,0.9707142857142858,28.0,1.0,0.9707142857142858,False,183.19,0.0293,LOW,Potato_56,Fruit and vegetable,Budapest_1
3869,883.1799248,0.792962962962963,27.0,4.0,0.792962962962963,False,182.85,0.207,HIGH,Bread_154,Bakery,Budapest_1
2356,951.908014,0.8081818181818182,11.0,1.0,0.8081818181818182,False,182.59,0.1918,HIGH,Lime_6,Fruit and vegetable,Prague_2
595,3276.214939,0.9444444444444444,27.0,0.0,0.9444444444444444,False,182.01,0.0556,MEDIUM,Pastry_24,Bakery,Budapest_1
4833,1174.796126,0.8457142857142858,28.0,1.0,0.8457142857142858,False,181.25,0.1543,HIGH,Bread_203,Bakery,Prague_1
332,2587.360167,0.9299999999999999,26.0,1.0,0.9299999999999999,False,181.12,0.07,MEDIUM,Roll_3,Bakery,Munich_1
3876,2291.797963,0.9211111111111111,27.0,1.0,0.9211111111111111,False,180.8,0.0789,MEDIUM,Lemon_10,Fruit and vegetable,Munich_1
2437,5061.7873,0.9642857142857142,28.0,1.0,0.9642857142857142,False,180.78,0.0357,LOW,Roll_22,Bakery,Frankfurt_1
1776,2456.19077,0.9265384615384614,26.0,2.0,0.9265384615384614,False,180.44,0.0735,MEDIUM,Chicken_36,Meat and fish,Munich_1
4900,730.74706,0.753076923076923,13.0,4.0,0.753076923076923,False,180.44,0.2469,HIGH,Lettuce_38,Fruit and vegetable,Frankfurt_1
4621,2014.353914,0.9107142857142857,28.0,0.0,0.9107142857142857,False,179.85,0.0893,MEDIUM,Bread_192,Bakery,Prague_1
1160,3992.18689,0.9550000000000001,2.0,0.0,0.9550000000000001,False,179.65,0.045,LOW,Kiwi_5,Fruit and vegetable,Budapest_1
812,1100.137006,0.836923076923077,26.0,4.0,0.836923076923077,False,179.41,0.1631,HIGH,Apple_19,Fruit and vegetable,Prague_1
5412,1304.364679,0.8628,25.0,3.0,0.8628,False,178.96,0.1372,HIGH,Raspberry_12,Fruit and vegetable,Prague_2
2582,734.428763,0.7564,25.0,4.0,0.7564,False,178.91,0.2436,HIGH,Radish_10,Fruit and vegetable,Brno_1
4094,2958.829074,0.9396428571428571,28.0,1.0,0.9396428571428571,False,178.59,0.0604,MEDIUM,Sandwich_1,Bakery,Munich_1
1202,2524.993408,0.9292857142857143,28.0,0.0,0.9292857142857143,False,178.55,0.0707,MEDIUM,Bread_50,Bakery,Prague_1
1648,1242.119347,0.8562500000000001,16.0,2.0,0.8562500000000001,False,178.55,0.1437,HIGH,Apple_44,Fruit and vegetable,Frankfurt_1
1567,586.691736,0.6957142857142858,7.0,1.0,0.6957142857142858,False,178.52,0.3043,HIGH,Lettuce_16,Fruit and vegetable,Brno_1
2368,2588.685502,0.9311538461538462,26.0,1.0,0.9311538461538462,False,178.22,0.0688,MEDIUM,Garlic_7,Fruit and vegetable,Budapest_1
3933,241.65512,0.265,2.0,2.0,0.265,False,177.62,0.735,HIGH,Strawberry_30,Fruit and vegetable,Budapest_1
4312,6536.60927,0.9728571428571428,28.0,0.0,0.9728571428571428,False,177.42,0.0271,LOW,Chicken_80,Meat and fish,Brno_1
494,1839.801022,0.9037037037037038,27.0,3.0,0.9037037037037038,False,177.17,0.0963,MEDIUM,Cactus Fruit_0,Fruit and vegetable,Prague_1
46,4787.55392,0.963076923076923,26.0,1.0,0.963076923076923,False,176.77,0.0369,LOW,Apple_0,Fruit and vegetable,Brno_1
1400,1434.061371,0.8769230769230771,26.0,2.0,0.8769230769230771,False,176.5,0.1231,HIGH,Eggplant_2,Fruit and vegetable,Munich_1
4641,1987.88309,0.9114814814814814,27.0,2.0,0.9114814814814814,False,175.96,0.0885,MEDIUM,Grape_37,Fruit and vegetable,Budapest_1
2101,2189.547445,0.9196428571428573,28.0,1.0,0.9196428571428573,False,175.95,0.0804,MEDIUM,Lime_5,Fruit and vegetable,Munich_1
4930,1187.996882,0.852,25.0,3.0,0.852,False,175.82,0.148,HIGH,Pepper_28,Fruit and vegetable,Brno_1
2127,22577.56043,0.9922222222222222,27.0,0.0,0.9922222222222222,False,175.6,0.0078,LOW,Grape_15,Fruit and vegetable,Prague_1
3150,2090.789967,0.9160714285714286,28.0,3.0,0.9160714285714286,False,175.48,0.0839,MEDIUM,Pineapple_4,Fruit and vegetable,Prague_1
588,2153.0851040000002,0.9185714285714287,28.0,2.0,0.9185714285714287,False,175.32,0.0814,MEDIUM,Parsley_2,Fruit and vegetable,Prague_3
2851,1214.886772,0.8558823529411765,17.0,3.0,0.8558823529411765,False,175.09,0.1441,HIGH,Bell Pepper_11,Fruit and vegetable,Brno_1
3596,5267.689806,0.9667857142857145,28.0,1.0,0.9667857142857145,False,174.96,0.0332,LOW,Tomato_77,Fruit and vegetable,Munich_1
2347,709.724716,0.7539285714285714,28.0,4.0,0.7539285714285714,False,174.64,0.2461,HIGH,Pastry_100,Bakery,Prague_2
1979,2604.26455,0.9330000000000002,20.0,1.0,0.9330000000000002,False,174.49,0.067,MEDIUM,Bread_81,Bakery,Munich_1
735,781.204315,0.7767999999999999,25.0,8.0,0.7767999999999999,False,174.36,0.2232,HIGH,Zucchini_2,Fruit and vegetable,Frankfurt_1
3486,330.487938,0.47249999999999986,28.0,21.0,0.47249999999999986,False,174.33,0.5275,HIGH,Toust_22,Bakery,Prague_2
4607,1543.822,0.8871428571428571,28.0,4.0,0.8871428571428571,False,174.23,0.1129,HIGH,Chicken_88,Meat and fish,Prague_1
3049,1094.265101,0.841304347826087,23.0,4.0,0.841304347826087,False,173.66,0.1587,HIGH,Bell Pepper_12,Fruit and vegetable,Prague_2
1031,913.879181,0.8099999999999999,17.0,3.0,0.8099999999999999,False,173.64,0.19,HIGH,Orange_5,Fruit and vegetable,Brno_1
194,1856.735439,0.906875,16.0,1.0,0.906875,False,172.91,0.0931,MEDIUM,Watermelon_3,Fruit and vegetable,Frankfurt_1
5052,677.497175,0.7454545454545454,11.0,2.0,0.7454545454545454,False,172.45,0.2545,HIGH,Cantaloupe_6,Fruit and vegetable,Budapest_1
1507,545.692318,0.6841176470588235,17.0,2.0,0.6841176470588235,False,172.37,0.3159,HIGH,Bread_62,Bakery,Brno_1
2650,460.534475,0.6260714285714285,28.0,8.0,0.6260714285714285,False,172.21,0.3739,HIGH,Croissant_18,Bakery,Prague_2
1499,1152.501538,0.850625,16.0,2.0,0.850625,False,172.15,0.1494,HIGH,Tomato_31,Fruit and vegetable,Munich_1
5131,2070.158928,0.916923076923077,26.0,2.0,0.916923076923077,False,171.98,0.0831,MEDIUM,Lettuce_43,Fruit and vegetable,Prague_1
1275,1194.773112,0.8560869565217392,23.0,2.0,0.8560869565217392,False,171.94,0.1439,HIGH,Carrot_12,Fruit and vegetable,Frankfurt_1
601,1902.694628,0.9100000000000001,28.0,0.0,0.9100000000000001,False,171.24,0.09,MEDIUM,Broccoli_0,Fruit and vegetable,Budapest_1
3710,995.318298,0.8282142857142858,28.0,3.0,0.8282142857142858,False,170.98,0.1718,HIGH,Croissant_27,Bakery,Prague_3
2533,2042.718555,0.9164285714285715,28.0,0.0,0.9164285714285715,False,170.71,0.0836,MEDIUM,Baguette_19,Bakery,Prague_3
76,702.987154,0.7574074074074074,27.0,5.0,0.7574074074074074,False,170.54,0.2426,HIGH,Pork_0,Meat and fish,Brno_1
1251,686.3106769999999,0.7515384615384614,26.0,6.0,0.7515384615384614,False,170.52,0.2485,HIGH,Pork_13,Meat and fish,Brno_1
1450,3575.270227,0.9523076923076922,26.0,1.0,0.9523076923076922,False,170.51,0.0477,LOW,Chicken_31,Meat and fish,Prague_3
1850,1442.048594,0.8817857142857143,28.0,4.0,0.8817857142857143,False,170.47,0.1182,HIGH,Spinach_4,Fruit and vegetable,Prague_3
2896,1413.14509683,0.8796428571428573,28.0,5.0,0.8796428571428573,False,170.08,0.1204,HIGH,Bread_110,Bakery,Brno_1
1557,3329.787348,0.9489285714285715,28.0,1.0,0.9489285714285715,False,170.06,0.0511,MEDIUM,Vegetable_10,Fruit and vegetable,Prague_3
1177,3405.46521,0.950357142857143,28.0,0.0,0.950357142857143,False,169.06,0.0496,LOW,Bread_49,Bakery,Prague_1
957,443.889342,0.6195833333333333,24.0,10.0,0.6195833333333333,False,168.86,0.3804,HIGH,Tomato_22,Fruit and vegetable,Budapest_1
1657,1495.318512,0.8873913043478261,23.0,0.0,0.8873913043478261,False,168.39,0.1126,HIGH,Cake_3,Bakery,Munich_1
635,4756.0273959999995,0.964642857142857,28.0,1.0,0.964642857142857,False,168.16,0.0354,LOW,Chicken_17,Meat and fish,Brno_1
1052,851.543981,0.8025925925925925,27.0,4.0,0.8025925925925925,False,168.1,0.1974,HIGH,Bread_44,Bakery,Budapest_1
308,1371.567301,0.8775999999999999,25.0,2.0,0.8775999999999999,False,167.88,0.1224,HIGH,Salad_3,Fruit and vegetable,Budapest_1
495,1238.546481,0.8646153846153845,26.0,4.0,0.8646153846153845,False,167.68,0.1354,HIGH,Cactus Fruit_0,Fruit and vegetable,Prague_2
3598,5386.579828,0.9688888888888889,27.0,1.0,0.9688888888888889,False,167.58,0.0311,LOW,Pastry_134,Bakery,Munich_1
1618,1075.312302,0.8441666666666667,24.0,1.0,0.8441666666666667,False,167.57,0.1558,HIGH,Blueberry_11,Fruit and vegetable,Prague_2
4994,1938.016668,0.9135714285714286,28.0,2.0,0.9135714285714286,False,167.5,0.0864,MEDIUM,Orange_29,Fruit and vegetable,Prague_2
1427,466.186062,0.6407142857142857,14.0,5.0,0.6407142857142857,False,167.49,0.3593,HIGH,Chicken_29,Meat and fish,Prague_2
4348,1653.683563,0.8988235294117648,17.0,2.0,0.8988235294117648,False,167.31,0.1012,HIGH,Parsley_9,Fruit and vegetable,Prague_2
4653,1227.997051,0.86375,24.0,3.0,0.86375,False,167.31,0.1362,HIGH,Pastry_172,Bakery,Munich_1
763,2138.587706,0.9217857142857142,28.0,1.0,0.9217857142857142,False,167.27,0.0782,MEDIUM,Mushroom_3,Fruit and vegetable,Prague_1
3183,952.939755,0.8248148148148147,27.0,1.0,0.8248148148148147,False,166.94,0.1752,HIGH,Baguette_23,Bakery,Budapest_1
3979,1252.425584,0.8671428571428572,28.0,5.0,0.8671428571428572,False,166.39,0.1329,HIGH,Celery_14,Fruit and vegetable,Frankfurt_1
2345,644.005922,0.7424999999999999,28.0,5.0,0.7424999999999999,False,165.83,0.2575,HIGH,Pastry_100,Bakery,Prague_3
2778,1499.689184,0.8894736842105262,19.0,2.0,0.8894736842105262,False,165.76,0.1105,HIGH,Peach_10,Fruit and vegetable,Brno_1
3775,4373.98632,0.9621428571428571,28.0,0.0,0.9621428571428571,False,165.59,0.0379,LOW,Eggplant_5,Fruit and vegetable,Munich_1
1951,3647.504597,0.9546428571428571,28.0,1.0,0.9546428571428571,False,165.44,0.0454,LOW,Chicken_42,Meat and fish,Prague_1
4604,1019.2439185,0.8377777777777778,27.0,4.0,0.8377777777777778,False,165.34,0.1622,HIGH,Mushroom_25,Fruit and vegetable,Prague_3
1258,1037.315946,0.8411538461538464,26.0,3.0,0.8411538461538464,False,164.77,0.1588,HIGH,Pea_0,Fruit and vegetable,Prague_2
5080,8083.40027,0.9796428571428573,28.0,0.0,0.9796428571428573,False,164.55,0.0204,LOW,Tomato_113,Fruit and vegetable,Prague_3
1072,2463.25953,0.9332142857142857,28.0,0.0,0.9332142857142857,False,164.51,0.0668,MEDIUM,Toust_9,Bakery,Prague_1
4314,7196.47215,0.9771428571428571,28.0,0.0,0.9771428571428571,False,164.49,0.0229,LOW,Chicken_80,Meat and fish,Prague_1
464,1197.9023300000001,0.8630000000000001,10.0,1.0,0.8630000000000001,False,164.11,0.137,HIGH,Salad_5,Fruit and vegetable,Budapest_1
1500,1771.482041,0.9074999999999999,28.0,0.0,0.9074999999999999,False,163.86,0.0925,MEDIUM,Bread_61,Bakery,Brno_1
2239,645.986546,0.7467857142857145,28.0,3.0,0.7467857142857145,False,163.57,0.2532,HIGH,Pastry_92,Bakery,Prague_2
4784,860.406981,0.81,1.0,0.0,0.81,False,163.48,0.19,HIGH,Flower_11,Fruit and vegetable,Budapest_1
1153,993.900043,0.8357142857142857,7.0,1.0,0.8357142857142857,False,163.28,0.1643,HIGH,Lettuce_10,Fruit and vegetable,Munich_1
4293,1175.603542,0.861153846153846,26.0,3.0,0.861153846153846,False,163.23,0.1388,HIGH,Chicken_78,Meat and fish,Brno_1
3271,1611.420212,0.8989285714285715,28.0,2.0,0.8989285714285715,False,162.87,0.1011,HIGH,Tomato_68,Fruit and vegetable,Prague_2
3323,605.602416,0.7314285714285713,28.0,4.0,0.7314285714285713,False,162.65,0.2686,HIGH,Cucumber_24,Fruit and vegetable,Brno_1
3114,1595.767171,0.8982142857142856,28.0,3.0,0.8982142857142856,False,162.43,0.1018,HIGH,Bread_120,Bakery,Munich_1
671,4150.01968,0.9610714285714286,28.0,0.0,0.9610714285714286,False,161.55,0.0389,LOW,Bread_24,Bakery,Budapest_1
5074,2269.445634,0.9289285714285713,28.0,0.0,0.9289285714285713,False,161.29,0.0711,MEDIUM,Bread_216,Bakery,Prague_3
4693,1665.154686,0.9032142857142856,28.0,0.0,0.9032142857142856,False,161.16,0.0968,MEDIUM,Bread_196,Bakery,Prague_3
3774,1510.233875,0.8933333333333332,3.0,0.0,0.8933333333333332,False,161.09,0.1067,HIGH,Eggplant_5,Fruit and vegetable,Frankfurt_1
5343,643.119925,0.75,11.0,2.0,0.75,False,160.78,0.25,HIGH,Pea_4,Fruit and vegetable,Budapest_1
1862,1201.202342,0.8662962962962963,27.0,3.0,0.8662962962962963,False,160.61,0.1337,HIGH,Lettuce_20,Fruit and vegetable,Brno_1
4616,2035.848147,0.9211538461538462,26.0,1.0,0.9211538461538462,False,160.52,0.0788,MEDIUM,Bell Pepper_19,Fruit and vegetable,Brno_1
3239,3840.6075650000002,0.9582142857142857,28.0,0.0,0.9582142857142857,False,160.48,0.0418,LOW,Tomato_66,Fruit and vegetable,Brno_1
4589,842.752396,0.8096296296296294,27.0,4.0,0.8096296296296294,False,160.44,0.1904,HIGH,Bread_191,Bakery,Budapest_1
2145,660.414325,0.7570833333333332,24.0,6.0,0.7570833333333332,False,160.43,0.2429,HIGH,Beet_2,Fruit and vegetable,Prague_3
1790,1406.430417,0.8864,25.0,3.0,0.8864,False,159.77,0.1136,HIGH,Pear_16,Fruit and vegetable,Prague_2
45,2302.801391,0.9307692307692308,26.0,1.0,0.9307692307692308,False,159.42,0.0692,MEDIUM,Apple_0,Fruit and vegetable,Prague_3
978,859.730942,0.814642857142857,28.0,3.0,0.814642857142857,False,159.36,0.1854,HIGH,Baguette_7,Bakery,Prague_1
1554,1177.40947,0.8647826086956522,23.0,1.0,0.8647826086956522,False,159.21,0.1352,HIGH,Arugula_1,Fruit and vegetable,Prague_3
865,1745.654598,0.9087999999999999,25.0,2.0,0.9087999999999999,False,159.2,0.0912,MEDIUM,Potato_14,Fruit and vegetable,Frankfurt_1
3925,2459.770664,0.9353571428571428,28.0,0.0,0.9353571428571428,False,159.01,0.0646,MEDIUM,Onion_39,Fruit and vegetable,Budapest_1
4908,2552.701036,0.937857142857143,28.0,1.0,0.937857142857143,False,158.63,0.0621,MEDIUM,Tomato_109,Fruit and vegetable,Brno_1
2462,1203.33224,0.868214285714286,28.0,1.0,0.868214285714286,False,158.58,0.1318,HIGH,Pastry_105,Bakery,Prague_1
165,1165.124501,0.8639285714285714,28.0,2.0,0.8639285714285714,False,158.54,0.1361,HIGH,Pastry_5,Bakery,Prague_1
1435,2507.845297,0.9367857142857143,28.0,0.0,0.9367857142857143,False,158.53,0.0632,MEDIUM,Orange_8,Fruit and vegetable,Brno_1
3532,1179.742251,0.8657894736842103,19.0,2.0,0.8657894736842103,False,158.33,0.1342,HIGH,Asparagus_20,Fruit and vegetable,Budapest_1
1396,1068.011355,0.8517857142857144,28.0,0.0,0.8517857142857144,False,158.29,0.1482,HIGH,Pastry_61,Bakery,Prague_3
3725,3691.236874,0.9571428571428572,14.0,1.0,0.9571428571428572,False,158.2,0.0429,LOW,Lettuce_32,Fruit and vegetable,Budapest_1
4736,1209.800785,0.8692857142857143,28.0,1.0,0.8692857142857143,False,158.14,0.1307,HIGH,Bread_199,Bakery,Brno_1
2535,2810.398977,0.9439285714285715,28.0,0.0,0.9439285714285715,False,157.58,0.0561,MEDIUM,Baguette_19,Bakery,Prague_2
3832,1065.370548,0.8524,25.0,3.0,0.8524,False,157.25,0.1476,HIGH,Bell Pepper_16,Fruit and vegetable,Prague_3
4572,1230.554701,0.8722222222222219,27.0,4.0,0.8722222222222219,False,157.24,0.1278,HIGH,Apple_123,Fruit and vegetable,Munich_1
1786,2961.164302,0.947037037037037,27.0,1.0,0.947037037037037,False,156.83,0.053,MEDIUM,Donut_12,Bakery,Budapest_1
2220,2114.574768,0.9258333333333333,12.0,1.0,0.9258333333333333,False,156.83,0.0742,MEDIUM,Raspberry_3,Fruit and vegetable,Munich_1
3297,1640.899432,0.9044444444444444,27.0,0.0,0.9044444444444444,False,156.8,0.0956,MEDIUM,Chicken_66,Meat and fish,Brno_1
2853,673.007899,0.7670588235294117,17.0,4.0,0.7670588235294117,False,156.77,0.2329,HIGH,Bell Pepper_11,Fruit and vegetable,Prague_2
15,675.795352,0.768076923076923,26.0,5.0,0.768076923076923,False,156.73,0.2319,HIGH,Salad_0,Fruit and vegetable,Budapest_1
3000,881.175563,0.8221428571428568,28.0,2.0,0.8221428571428568,False,156.72,0.1779,HIGH,Cake_5,Bakery,Brno_1
4785,1225.6121719999999,0.8721739130434784,23.0,2.0,0.8721739130434784,False,156.67,0.1278,HIGH,Lemon_14,Fruit and vegetable,Budapest_1
329,3467.174678,0.9550000000000001,28.0,1.0,0.9550000000000001,False,156.02,0.045,LOW,Sweet Potato_0,Fruit and vegetable,Brno_1
1345,2440.285146,0.9360714285714283,28.0,0.0,0.9360714285714283,False,156.0,0.0639,MEDIUM,Pastry_59,Bakery,Prague_3
2200,842.897663,0.815,22.0,5.0,0.815,False,155.94,0.185,HIGH,Garlic_6,Fruit and vegetable,Frankfurt_1
2344,13636.96225,0.9885714285714285,28.0,0.0,0.9885714285714285,False,155.85,0.0114,LOW,Donut_20,Bakery,Brno_1
4933,785.389543,0.8022222222222223,27.0,5.0,0.8022222222222223,False,155.33,0.1978,HIGH,Pepper_28,Fruit and vegetable,Prague_2
550,893.58632,0.8264285714285712,28.0,1.0,0.8264285714285712,False,155.1,0.1736,HIGH,Bread_18,Bakery,Prague_2
3307,748.571797,0.7928571428571428,28.0,1.0,0.7928571428571428,False,155.06,0.2071,HIGH,Pastry_124,Bakery,Prague_3
419,1089.931511,0.8578571428571428,28.0,2.0,0.8578571428571428,False,154.93,0.1421,HIGH,Bread_13,Bakery,Brno_1
615,1189.54719,0.87,27.0,3.0,0.87,False,154.64,0.13,HIGH,Pork_5,Meat and fish,Budapest_1
539,22743.70879,0.9932142857142857,28.0,0.0,0.9932142857142857,False,154.33,0.0068,LOW,Roll_9,Bakery,Budapest_1
2843,3889.744235,0.9603571428571429,28.0,0.0,0.9603571428571429,False,154.2,0.0396,LOW,Bell Pepper_10,Fruit and vegetable,Prague_2
1111,2752.589684,0.9440000000000001,25.0,1.0,0.9440000000000001,False,154.15,0.056,MEDIUM,Radish_6,Fruit and vegetable,Budapest_1
1789,2680.274337,0.9425000000000001,20.0,2.0,0.9425000000000001,False,154.12,0.0575,MEDIUM,Pear_16,Fruit and vegetable,Brno_1
3871,10783.85759,0.9857142857142858,28.0,0.0,0.9857142857142858,False,154.06,0.0143,LOW,Avocado_7,Fruit and vegetable,Prague_1
1440,2114.265333,0.9272,25.0,2.0,0.9272,False,153.92,0.0728,MEDIUM,Pineapple_3,Fruit and vegetable,Prague_2
2671,1421.938694,0.8917857142857144,28.0,0.0,0.8917857142857144,False,153.87,0.1082,HIGH,Baguette_21,Bakery,Prague_2
4359,362.8896635,0.5765384615384617,26.0,11.0,0.5765384615384617,False,153.67,0.4235,HIGH,Toust_31,Bakery,Prague_1
5297,1110.304886,0.8616666666666665,24.0,2.0,0.8616666666666665,False,153.59,0.1383,HIGH,Herb_21,Fruit and vegetable,Frankfurt_1
2688,3091.615647,0.9503571428571428,28.0,0.0,0.9503571428571428,False,153.48,0.0496,LOW,Onion_25,Fruit and vegetable,Prague_1
4880,772.943122,0.8014285714285714,28.0,5.0,0.8014285714285714,False,153.48,0.1986,HIGH,Bread_207,Bakery,Brno_1
277,2440.647235,0.9371428571428572,28.0,1.0,0.9371428571428572,False,153.41,0.0629,MEDIUM,Celeriac_0,Fruit and vegetable,Budapest_1
5035,1883.026327,0.9188461538461539,26.0,1.0,0.9188461538461539,False,152.81,0.0812,MEDIUM,Physalis_2,Fruit and vegetable,Prague_1
4078,1961.132841,0.9221428571428572,28.0,0.0,0.9221428571428572,False,152.69,0.0779,MEDIUM,Drink_0,Fruit and vegetable,Brno_1
5129,961.961047,0.8416000000000001,25.0,4.0,0.8416000000000001,False,152.37,0.1584,HIGH,Lettuce_43,Fruit and vegetable,Prague_3
41,2235.83648,0.9321428571428572,28.0,0.0,0.9321428571428572,False,151.72,0.0679,MEDIUM,Mushroom_0,Fruit and vegetable,Brno_1
3093,886.326201,0.8289285714285715,28.0,6.0,0.8289285714285715,False,151.63,0.1711,HIGH,Orange_16,Fruit and vegetable,Frankfurt_1
1461,515.7060755,0.7061904761904763,21.0,7.0,0.7061904761904763,False,151.52,0.2938,HIGH,Tomato_30,Fruit and vegetable,Prague_1
5303,835.65892,0.8186956521739133,23.0,5.0,0.8186956521739133,False,151.51,0.1813,HIGH,Salmon_19,Meat and fish,Budapest_1
5127,1809.548515,0.9162962962962965,27.0,0.0,0.9162962962962965,False,151.47,0.0837,MEDIUM,Pastry_192,Bakery,Budapest_1
42,1695.0788,0.9107142857142856,28.0,3.0,0.9107142857142856,False,151.35,0.0893,MEDIUM,Mushroom_0,Fruit and vegetable,Prague_2
1041,3636.300606,0.9584615384615385,26.0,0.0,0.9584615384615385,False,151.05,0.0415,LOW,Carrot_10,Fruit and vegetable,Prague_3
1458,1025.992662,0.8530434782608696,23.0,3.0,0.8530434782608696,False,150.78,0.147,HIGH,Salad_13,Fruit and vegetable,Brno_1
2224,1623.432963,0.9071428571428571,28.0,1.0,0.9071428571428571,False,150.75,0.0929,MEDIUM,Toust_15,Bakery,Munich_1
1592,1190.606874,0.8737037037037036,27.0,4.0,0.8737037037037036,False,150.37,0.1263,HIGH,Berry_4,Fruit and vegetable,Prague_1
3754,1155.199234,0.8700000000000001,27.0,2.0,0.8700000000000001,False,150.18,0.13,HIGH,Tomato_83,Fruit and vegetable,Prague_1
2852,767.660246,0.804375,16.0,3.0,0.804375,False,150.17,0.1956,HIGH,Bell Pepper_11,Fruit and vegetable,Prague_3
4289,1235.643771,0.8785185185185185,27.0,1.0,0.8785185185185185,False,150.11,0.1215,HIGH,Basil_4,Fruit and vegetable,Brno_1
576,1019.13036,0.8527777777777777,18.0,2.0,0.8527777777777777,False,150.04,0.1472,HIGH,Pineapple_1,Fruit and vegetable,Brno_1
2524,1541.38285696,0.9028571428571429,28.0,4.0,0.9028571428571429,False,149.73,0.0971,MEDIUM,Pastry_110,Bakery,Brno_1
1455,1114.917272,0.865909090909091,22.0,2.0,0.865909090909091,False,149.5,0.1341,HIGH,Salad_13,Fruit and vegetable,Prague_1
2193,669.4675364999999,0.7767999999999999,25.0,2.0,0.7767999999999999,False,149.43,0.2232,HIGH,Mango_6,Fruit and vegetable,Brno_1
4764,2332.050503,0.935925925925926,27.0,0.0,0.935925925925926,False,149.42,0.0641,MEDIUM,Pastry_175,Bakery,Budapest_1
5063,1570.204047,0.9051851851851852,27.0,2.0,0.9051851851851852,False,148.88,0.0948,MEDIUM,Lettuce_42,Fruit and vegetable,Budapest_1
1780,2849.559336,0.9478571428571428,28.0,1.0,0.9478571428571428,False,148.58,0.0521,MEDIUM,Apple_51,Fruit and vegetable,Prague_3
834,764.048928,0.8056000000000002,25.0,4.0,0.8056000000000002,False,148.53,0.1944,HIGH,Pak choi_0,Fruit and vegetable,Prague_2
1553,1734.242779,0.9146153846153846,26.0,2.0,0.9146153846153846,False,148.08,0.0854,MEDIUM,Arugula_1,Fruit and vegetable,Prague_1
1204,677.1143274,0.7814814814814816,27.0,4.0,0.7814814814814816,False,147.96,0.2185,HIGH,Pastry_54,Bakery,Budapest_1
5256,847.283467,0.8257142857142856,28.0,4.0,0.8257142857142856,False,147.67,0.1743,HIGH,Roll_60,Bakery,Prague_3
5246,6142.37282,0.9760714285714286,28.0,0.0,0.9760714285714286,False,146.98,0.0239,LOW,Spinach_13,Fruit and vegetable,Prague_2
3665,5431.29406,0.9729629629629629,27.0,1.0,0.9729629629629629,False,146.85,0.027,LOW,Parsley_7,Fruit and vegetable,Prague_1
1530,856.427098,0.8285714285714285,28.0,1.0,0.8285714285714285,False,146.82,0.1714,HIGH,Roll_13,Bakery,Prague_1
4349,1592.187645,0.9080952380952381,21.0,0.0,0.9080952380952381,False,146.33,0.0919,MEDIUM,Parsley_9,Fruit and vegetable,Brno_1
5059,1733.2236619999999,0.915625,16.0,0.0,0.915625,False,146.24,0.0844,MEDIUM,Arugula_9,Fruit and vegetable,Budapest_1
2842,5798.22225,0.9748148148148148,27.0,1.0,0.9748148148148148,False,146.03,0.0252,LOW,Bell Pepper_10,Fruit and vegetable,Brno_1
1357,1318.301962,0.8896153846153847,26.0,2.0,0.8896153846153847,False,145.52,0.1104,HIGH,Pork_15,Meat and fish,Prague_1
596,503.796846,0.7115789473684211,19.0,6.0,0.7115789473684211,False,145.31,0.2884,HIGH,Chicken_15,Meat and fish,Budapest_1
4330,752.8185905,0.8074074074074074,27.0,4.0,0.8074074074074074,False,144.99,0.1926,HIGH,Bread_179,Bakery,Budapest_1
5235,2100.913966,0.9310714285714285,28.0,1.0,0.9310714285714285,False,144.81,0.0689,MEDIUM,Bread_223,Bakery,Munich_1
764,1601.721909,0.9096428571428571,28.0,0.0,0.9096428571428571,False,144.73,0.0904,MEDIUM,Mushroom_3,Fruit and vegetable,Brno_1
2652,586.34662,0.7532142857142857,28.0,0.0,0.7532142857142857,False,144.7,0.2468,HIGH,Croissant_18,Bakery,Prague_3
2231,2394.096155,0.9396428571428572,28.0,1.0,0.9396428571428572,False,144.5,0.0604,MEDIUM,Mushroom_8,Fruit and vegetable,Prague_1
3325,716.539212,0.7985714285714284,28.0,5.0,0.7985714285714284,False,144.33,0.2014,HIGH,Cucumber_24,Fruit and vegetable,Prague_1
543,1235.596817,0.8832000000000001,25.0,2.0,0.8832000000000001,False,144.32,0.1168,HIGH,Pastry_23,Bakery,Munich_1
1277,2357.140355,0.9389285714285714,28.0,1.0,0.9389285714285714,False,143.95,0.0611,MEDIUM,Tomato_28,Fruit and vegetable,Prague_3
4983,1603.578625,0.9103703703703703,27.0,3.0,0.9103703703703703,False,143.73,0.0896,MEDIUM,Salad_58,Fruit and vegetable,Munich_1
2170,2009.2954320000001,0.9285185185185186,27.0,0.0,0.9285185185185186,False,143.63,0.0715,MEDIUM,Pastry_89,Bakery,Budapest_1
4189,992.510478,0.8553333333333334,15.0,1.0,0.8553333333333334,False,143.58,0.1447,HIGH,Ginger_6,Fruit and vegetable,Munich_1
2349,457.2979905,0.6860714285714284,28.0,5.0,0.6860714285714284,False,143.56,0.3139,HIGH,Pastry_101,Bakery,Prague_3
3875,1333.670203,0.8925925925925928,27.0,0.0,0.8925925925925928,False,143.25,0.1074,HIGH,Bread_155,Bakery,Budapest_1
4534,1779.832286,0.9196428571428573,28.0,0.0,0.9196428571428573,False,143.02,0.0804,MEDIUM,Pork_32,Meat and fish,Budapest_1
3975,1777.581195,0.9196296296296296,27.0,1.0,0.9196296296296296,False,142.86,0.0804,MEDIUM,Beef_23,Meat and fish,Frankfurt_1
633,11749.0997,0.9878571428571429,28.0,0.0,0.9878571428571429,False,142.67,0.0121,LOW,Kiwi_2,Fruit and vegetable,Budapest_1
3804,3348.987118,0.9574999999999998,28.0,0.0,0.9574999999999998,False,142.33,0.0425,LOW,Bread_151,Bakery,Prague_3
3734,2357.640389,0.9396296296296295,27.0,1.0,0.9396296296296295,False,142.33,0.0604,MEDIUM,Kiwi_18,Fruit and vegetable,Prague_3
3863,826.682981,0.8282142857142857,28.0,5.0,0.8282142857142857,False,142.01,0.1718,HIGH,Roll_39,Bakery,Prague_3
2240,554.01487,0.7438888888888889,18.0,3.0,0.7438888888888889,False,141.89,0.2561,HIGH,Kiwi_13,Fruit and vegetable,Frankfurt_1
2850,1199.104406,0.881875,16.0,1.0,0.881875,False,141.64,0.1181,HIGH,Bell Pepper_11,Fruit and vegetable,Prague_1
4421,229.29881269999998,0.38357142857142845,28.0,28.0,0.38357142857142845,False,141.35,0.6164,HIGH,Roll_45,Bakery,Prague_2
4918,757.066771,0.8135714285714285,28.0,2.0,0.8135714285714285,False,141.14,0.1864,HIGH,Bread_209,Bakery,Prague_1
4105,3168.270305,0.9554545454545454,11.0,0.0,0.9554545454545454,False,141.13,0.0445,LOW,Salad_49,Fruit and vegetable,Budapest_1
5067,1339.47157,0.8946428571428572,28.0,3.0,0.8946428571428572,False,141.12,0.1054,HIGH,Bread_215,Bakery,Munich_1
2606,1777.62357,0.9207142857142857,28.0,0.0,0.9207142857142857,False,140.94,0.0793,MEDIUM,Bread_97,Bakery,Prague_2
3259,1398.438816,0.8992857142857142,28.0,0.0,0.8992857142857142,False,140.84,0.1007,HIGH,Pastry_123,Bakery,Prague_1
2264,1949.999127,0.927857142857143,28.0,1.0,0.927857142857143,False,140.68,0.0721,MEDIUM,Baguette_16,Bakery,Brno_1
858,947.630733,0.8516666666666666,6.0,1.0,0.8516666666666666,False,140.57,0.1483,HIGH,Lettuce_6,Fruit and vegetable,Frankfurt_1
551,702.778268,0.8,28.0,3.0,0.8,False,140.56,0.2,HIGH,Bread_18,Bakery,Prague_3
5244,5449.069881,0.9742857142857142,28.0,0.0,0.9742857142857142,False,140.12,0.0257,LOW,Spinach_13,Fruit and vegetable,Prague_3
5092,3599.46853,0.9611111111111112,27.0,0.0,0.9611111111111112,False,139.98,0.0389,LOW,Pastry_188,Bakery,Budapest_1
1100,1068.441616,0.8695833333333334,24.0,2.0,0.8695833333333334,False,139.34,0.1304,HIGH,Pork_11,Meat and fish,Brno_1
3058,1034.794996,0.8653571428571428,28.0,0.0,0.8653571428571428,False,139.33,0.1346,HIGH,Bread_118,Bakery,Prague_1
1011,876.27644,0.8410526315789474,19.0,4.0,0.8410526315789474,False,139.28,0.1589,HIGH,Beet_0,Fruit and vegetable,Prague_3
5048,386.10119,0.6392857142857143,28.0,11.0,0.6392857142857143,False,139.27,0.3607,HIGH,Bread_213,Bakery,Prague_2
3356,7633.365519999999,0.9817857142857144,28.0,1.0,0.9817857142857144,False,139.04,0.0182,LOW,Donut_28,Bakery,Prague_1
4042,843.3148084,0.8353571428571429,28.0,4.0,0.8353571428571429,False,138.85,0.1646,HIGH,Baguette_30,Bakery,Brno_1
2495,3063.042202,0.9548148148148149,27.0,0.0,0.9548148148148149,False,138.4,0.0452,LOW,Salad_26,Fruit and vegetable,Prague_2
4649,1729.793234,0.92,27.0,2.0,0.92,False,138.38,0.08,MEDIUM,Bread_193,Bakery,Munich_1
813,906.141633,0.8474074074074075,27.0,4.0,0.8474074074074075,False,138.27,0.1526,HIGH,Apple_19,Fruit and vegetable,Brno_1
1406,8406.9886,0.9835714285714285,28.0,0.0,0.9835714285714285,False,138.11,0.0164,LOW,Lime_4,Fruit and vegetable,Prague_2
1366,1317.408417,0.8953571428571427,28.0,0.0,0.8953571428571427,False,137.86,0.1046,HIGH,Bread_56,Bakery,Prague_3
4431,2472.593386,0.9442857142857142,28.0,1.0,0.9442857142857142,False,137.76,0.0557,MEDIUM,Mix meat_5,Meat and fish,Brno_1
2686,1278.687499,0.8924000000000001,25.0,2.0,0.8924000000000001,False,137.59,0.1076,HIGH,Salad_29,Fruit and vegetable,Prague_1
4343,1281.645048,0.8928571428571429,14.0,1.0,0.8928571428571429,False,137.32,0.1071,HIGH,Bagel_10,Bakery,Prague_1
5344,1847.95614,0.9257692307692307,26.0,1.0,0.9257692307692307,False,137.18,0.0742,MEDIUM,Plum_28,Fruit and vegetable,Munich_1
462,1332.8430740000001,0.897142857142857,28.0,3.0,0.897142857142857,False,137.09,0.1029,HIGH,Cabbage_1,Fruit and vegetable,Prague_3
1990,3686.11596,0.9628571428571427,28.0,0.0,0.9628571428571427,False,136.91,0.0371,LOW,Shallot_0,Fruit and vegetable,Munich_1
2653,2075.777604,0.9342857142857142,28.0,1.0,0.9342857142857142,False,136.41,0.0657,MEDIUM,Apple_77,Fruit and vegetable,Prague_1
216,840.879242,0.838125,16.0,3.0,0.838125,False,136.12,0.1619,HIGH,Mangosteen_0,Fruit and vegetable,Munich_1
5001,759.030876,0.8207142857142856,28.0,0.0,0.8207142857142856,False,136.08,0.1793,HIGH,Bread_211,Bakery,Prague_3
977,580.719848,0.7657142857142858,28.0,5.0,0.7657142857142858,False,136.05,0.2343,HIGH,Baguette_7,Bakery,Prague_2
3600,745.901335,0.8177777777777778,27.0,5.0,0.8177777777777778,False,135.92,0.1822,HIGH,Pita_1,Bakery,Prague_3
4757,1096.003348,0.8759999999999999,25.0,2.0,0.8759999999999999,False,135.9,0.124,HIGH,Soybean sprout_0,Fruit and vegetable,Munich_1
1778,5258.32073,0.9742857142857143,28.0,0.0,0.9742857142857143,False,135.21,0.0257,LOW,Apple_51,Fruit and vegetable,Prague_1
1407,8364.14302,0.9839285714285714,28.0,0.0,0.9839285714285714,False,134.42,0.0161,LOW,Lime_4,Fruit and vegetable,Prague_3
3733,3977.37592,0.9662962962962964,27.0,0.0,0.9662962962962964,False,134.05,0.0337,LOW,Kiwi_18,Fruit and vegetable,Brno_1
2479,813.4212259999999,0.8355,20.0,3.0,0.8355,False,133.81,0.1645,HIGH,Parsley_5,Fruit and vegetable,Budapest_1
3051,951.8289535,0.8596153846153846,26.0,4.0,0.8596153846153846,False,133.62,0.1404,HIGH,Bell Pepper_12,Fruit and vegetable,Prague_3
2670,1280.60765,0.8957142857142858,28.0,2.0,0.8957142857142858,False,133.55,0.1043,HIGH,Baguette_21,Bakery,Prague_3
2408,3168.842114,0.9578571428571429,28.0,0.0,0.9578571428571429,False,133.54,0.0421,LOW,Herb_8,Fruit and vegetable,Budapest_1
4369,946.653995,0.8589473684210527,19.0,2.0,0.8589473684210527,False,133.53,0.1411,HIGH,Flatbread_0,Bakery,Munich_1
1765,3453.97709,0.9614285714285714,28.0,0.0,0.9614285714285714,False,133.22,0.0386,LOW,Mandarin_8,Fruit and vegetable,Prague_1
852,1212.891452,0.890357142857143,28.0,2.0,0.890357142857143,False,132.98,0.1096,HIGH,Bread_33,Bakery,Prague_1
3957,1397.85966,0.9049999999999999,18.0,1.0,0.9049999999999999,False,132.8,0.095,MEDIUM,Kiwi_19,Fruit and vegetable,Prague_3
4536,426.266221,0.6889999999999998,10.0,3.0,0.6889999999999998,False,132.57,0.311,HIGH,Peach_17,Fruit and vegetable,Prague_2
3712,1632.214137,0.9189285714285714,28.0,0.0,0.9189285714285714,False,132.33,0.0811,MEDIUM,Croissant_27,Bakery,Prague_1
4862,1243.595971,0.8937037037037038,27.0,1.0,0.8937037037037038,False,132.19,0.1063,HIGH,Celery_16,Fruit and vegetable,Brno_1
2636,1415.4690229999999,0.9066666666666666,24.0,2.0,0.9066666666666666,False,132.11,0.0933,MEDIUM,Turkey_11,Meat and fish,Prague_3
4802,1562.288404,0.9155555555555556,27.0,2.0,0.9155555555555556,False,131.93,0.0844,MEDIUM,Pear_34,Fruit and vegetable,Prague_2
3396,1465.866007,0.9100000000000001,28.0,2.0,0.9100000000000001,False,131.93,0.09,MEDIUM,Herb_12,Fruit and vegetable,Budapest_1
5073,2527.536259,0.9478571428571428,28.0,1.0,0.9478571428571428,False,131.79,0.0521,MEDIUM,Pomegranate_8,Fruit and vegetable,Budapest_1
2607,1625.022482,0.9189285714285714,28.0,1.0,0.9189285714285714,False,131.74,0.0811,MEDIUM,Bread_97,Bakery,Prague_3
5011,1518.767691,0.9133333333333338,27.0,0.0,0.9133333333333338,False,131.63,0.0867,MEDIUM,Pastry_184,Bakery,Budapest_1
1227,2263.532585,0.9418518518518518,27.0,1.0,0.9418518518518518,False,131.62,0.0581,MEDIUM,Lime_1,Fruit and vegetable,Budapest_1
366,1880.266846,0.93,25.0,1.0,0.93,False,131.62,0.07,MEDIUM,Lettuce_5,Fruit and vegetable,Munich_1
2056,977.507646,0.8658333333333332,24.0,3.0,0.8658333333333332,False,131.15,0.1342,HIGH,Salad_23,Fruit and vegetable,Budapest_1
4883,122398.0619,0.9989285714285714,28.0,0.0,0.9989285714285714,False,131.14,0.0011,LOW,Roll_57,Bakery,Prague_3
5015,927.882517,0.8588888888888889,27.0,4.0,0.8588888888888889,False,130.93,0.1411,HIGH,Turkey_14,Meat and fish,Prague_1
2141,1666.125573,0.9214285714285715,28.0,1.0,0.9214285714285715,False,130.91,0.0786,MEDIUM,Avocado_3,Fruit and vegetable,Prague_3
2254,447.406477,0.7085714285714287,14.0,5.0,0.7085714285714287,False,130.39,0.2914,HIGH,Cauliflower_2,Fruit and vegetable,Brno_1
3784,1135.322349,0.8851851851851852,27.0,3.0,0.8851851851851852,False,130.35,0.1148,HIGH,Sweet Potato_12,Fruit and vegetable,Prague_3
1397,951.958609,0.8632142857142859,28.0,0.0,0.8632142857142859,False,130.21,0.1368,HIGH,Pastry_61,Bakery,Prague_2
1483,1469.582938,0.9114814814814814,27.0,1.0,0.9114814814814814,False,130.09,0.0885,MEDIUM,Apple_37,Fruit and vegetable,Brno_1
5254,676.609697,0.8078571428571429,28.0,4.0,0.8078571428571429,False,130.01,0.1921,HIGH,Pastry_196,Bakery,Prague_1
1953,2325.223034,0.9442857142857143,28.0,1.0,0.9442857142857143,False,129.55,0.0557,MEDIUM,Chicken_42,Meat and fish,Prague_2
1482,2108.788972,0.9385714285714286,28.0,2.0,0.9385714285714286,False,129.54,0.0614,MEDIUM,Apple_37,Fruit and vegetable,Prague_1
1083,600.20464,0.7842857142857144,21.0,6.0,0.7842857142857144,False,129.47,0.2157,HIGH,Onion_10,Fruit and vegetable,Prague_3
5130,1869.876497,0.9308,25.0,2.0,0.9308,False,129.4,0.0692,MEDIUM,Lettuce_43,Fruit and vegetable,Brno_1
3179,5740.90443,0.9774999999999999,28.0,1.0,0.9774999999999999,False,129.17,0.0225,LOW,Coriander_5,Fruit and vegetable,Munich_1
4818,1853.437895,0.9303571428571429,28.0,1.0,0.9303571428571429,False,129.08,0.0696,MEDIUM,Arugula_8,Fruit and vegetable,Munich_1
3546,843.2768570000001,0.8471428571428572,28.0,3.0,0.8471428571428572,False,128.9,0.1529,HIGH,Pastry_132,Bakery,Prague_1
4341,647.201482,0.8016666666666666,6.0,1.0,0.8016666666666666,False,128.36,0.1983,HIGH,Bagel_10,Bakery,Brno_1
2629,721.49553,0.8225,16.0,2.0,0.8225,False,128.07,0.1775,HIGH,Lettuce_24,Fruit and vegetable,Prague_1
1842,991.3380530000001,0.8710714285714285,28.0,3.0,0.8710714285714285,False,127.81,0.1289,HIGH,Pastry_77,Bakery,Prague_1
2486,1253.373911,0.8981481481481481,27.0,2.0,0.8981481481481481,False,127.66,0.1019,HIGH,Potato_41,Fruit and vegetable,Budapest_1
5362,854.347437,0.8507142857142856,28.0,0.0,0.8507142857142856,False,127.54,0.1493,HIGH,Baguette_41,Bakery,Prague_3
833,1252.92904,0.8983333333333333,24.0,2.0,0.8983333333333333,False,127.38,0.1017,HIGH,Pak choi_0,Fruit and vegetable,Prague_1
1612,400.11084,0.6821428571428572,14.0,5.0,0.6821428571428572,False,127.18,0.3179,HIGH,Grape_10,Fruit and vegetable,Prague_3
5003,1711.435583,0.9257692307692308,26.0,3.0,0.9257692307692308,False,127.04,0.0742,MEDIUM,Avocado_14,Fruit and vegetable,Prague_2
3574,1372.842899,0.9075000000000001,28.0,1.0,0.9075000000000001,False,126.99,0.0925,MEDIUM,Lettuce_31,Fruit and vegetable,Budapest_1
2763,1630.90906,0.9222222222222222,27.0,1.0,0.9222222222222222,False,126.85,0.0778,MEDIUM,Broccoli_6,Fruit and vegetable,Munich_1
4462,2372.101502,0.9465384615384616,26.0,1.0,0.9465384615384616,False,126.82,0.0535,MEDIUM,Chicory_1,Fruit and vegetable,Munich_1
4143,2295.483737,0.9447619047619049,21.0,1.0,0.9447619047619049,False,126.8,0.0552,MEDIUM,Melon_12,Fruit and vegetable,Munich_1
5119,880.732026,0.8560714285714283,28.0,1.0,0.8560714285714283,False,126.76,0.1439,HIGH,Baguette_38,Bakery,Prague_3
1987,1156.443964,0.8904347826086958,23.0,2.0,0.8904347826086958,False,126.71,0.1096,HIGH,Salad_20,Fruit and vegetable,Budapest_1
5361,950.978766,0.8667857142857143,28.0,1.0,0.8667857142857143,False,126.68,0.1332,HIGH,Baguette_41,Bakery,Prague_2
5270,2717.713851,0.9534615384615385,26.0,1.0,0.9534615384615385,False,126.48,0.0465,LOW,Pastry_197,Bakery,Budapest_1
2351,890.66939,0.8585714285714287,28.0,4.0,0.8585714285714287,False,125.97,0.1414,HIGH,Bread_87,Bakery,Budapest_1
5081,8815.43659,0.9857142857142857,28.0,0.0,0.9857142857142857,False,125.93,0.0143,LOW,Tomato_113,Fruit and vegetable,Prague_2
5255,481.5854125,0.74,28.0,4.0,0.74,False,125.21,0.26,HIGH,Pastry_196,Bakery,Prague_3
3240,2105.713885,0.9407142857142857,28.0,1.0,0.9407142857142857,False,124.84,0.0593,MEDIUM,Tomato_66,Fruit and vegetable,Prague_3
3226,4532.434285,0.9725,28.0,0.0,0.9725,False,124.64,0.0275,LOW,Watermelon_18,Fruit and vegetable,Prague_3
1411,931.984642,0.8664285714285714,28.0,1.0,0.8664285714285714,False,124.49,0.1336,HIGH,Pastry_62,Bakery,Prague_1
3747,829.823896,0.85,28.0,4.0,0.85,False,124.47,0.15,HIGH,Mushroom_21,Fruit and vegetable,Brno_1
4836,614.717708,0.7977777777777777,27.0,1.0,0.7977777777777777,False,124.31,0.2022,HIGH,Pastry_178,Bakery,Budapest_1
2493,2916.3550999999998,0.9574074074074072,27.0,0.0,0.9574074074074072,False,124.22,0.0426,LOW,Salad_26,Fruit and vegetable,Prague_3
3237,2990.16804,0.9585714285714285,28.0,1.0,0.9585714285714285,False,123.88,0.0414,LOW,Tomato_66,Fruit and vegetable,Prague_1
761,1057.499795,0.8828571428571428,28.0,4.0,0.8828571428571428,False,123.88,0.1171,HIGH,Mushroom_3,Fruit and vegetable,Prague_3
2296,1022.860813,0.8789285714285714,28.0,1.0,0.8789285714285714,False,123.84,0.1211,HIGH,Pastry_96,Bakery,Prague_1
2439,2553.282325,0.9515384615384614,26.0,1.0,0.9515384615384614,False,123.74,0.0485,LOW,Avocado_4,Fruit and vegetable,Frankfurt_1
841,1757.922466,0.9296428571428572,28.0,1.0,0.9296428571428572,False,123.68,0.0704,MEDIUM,Tomato_17,Fruit and vegetable,Frankfurt_1
3833,1477.313121,0.9164,25.0,1.0,0.9164,False,123.5,0.0836,MEDIUM,Bell Pepper_16,Fruit and vegetable,Prague_2
2997,483.770899,0.7453571428571429,28.0,6.0,0.7453571428571429,False,123.19,0.2546,HIGH,Cake_5,Bakery,Prague_1
5234,5743.28459,0.9785714285714285,28.0,0.0,0.9785714285714285,False,123.07,0.0214,LOW,Pepper_30,Fruit and vegetable,Prague_1
1398,1829.294533,0.9328571428571429,28.0,0.0,0.9328571428571429,False,122.82,0.0671,MEDIUM,Pastry_61,Bakery,Prague_1
4501,1298.5343560000001,0.9057142857142857,7.0,1.0,0.9057142857142857,False,122.43,0.0943,MEDIUM,Asparagus_23,Fruit and vegetable,Munich_1
4718,2720.209395,0.9550000000000001,28.0,1.0,0.9550000000000001,False,122.41,0.045,LOW,Parsley_12,Fruit and vegetable,Prague_1
951,3977.78694,0.9692857142857143,28.0,1.0,0.9692857142857143,False,122.17,0.0307,LOW,Blueberry_5,Fruit and vegetable,Munich_1
4601,1812.955447,0.9326923076923078,26.0,2.0,0.9326923076923078,False,122.03,0.0673,MEDIUM,Mushroom_25,Fruit and vegetable,Prague_1
2011,930.441167,0.8689285714285715,28.0,3.0,0.8689285714285715,False,121.95,0.1311,HIGH,Baguette_12,Bakery,Brno_1
39,1452.185759,0.9160714285714285,28.0,3.0,0.9160714285714285,False,121.88,0.0839,MEDIUM,Mushroom_0,Fruit and vegetable,Prague_3
2136,2718.81402,0.9551851851851851,27.0,1.0,0.9551851851851851,False,121.84,0.0448,LOW,Apple_61,Fruit and vegetable,Prague_1
4976,2664.436067,0.9542857142857144,28.0,2.0,0.9542857142857144,False,121.8,0.0457,LOW,Chicken_93,Meat and fish,Prague_1
790,1391.228008,0.9125,28.0,2.0,0.9125,False,121.73,0.0875,MEDIUM,Chive_0,Fruit and vegetable,Budapest_1
1568,3405.621734,0.9642857142857143,28.0,0.0,0.9642857142857143,False,121.63,0.0357,LOW,Apple_41,Fruit and vegetable,Budapest_1
669,4434.08575,0.9725925925925927,27.0,0.0,0.9725925925925927,False,121.53,0.0274,LOW,Pastry_28,Bakery,Budapest_1
1457,946.951796,0.8716666666666667,24.0,3.0,0.8716666666666667,False,121.53,0.1283,HIGH,Salad_13,Fruit and vegetable,Prague_3
4800,3468.655268,0.965,28.0,1.0,0.965,False,121.4,0.035,LOW,Pear_34,Fruit and vegetable,Prague_1
44,3180.735556,0.961923076923077,26.0,1.0,0.961923076923077,False,121.11,0.0381,LOW,Apple_0,Fruit and vegetable,Prague_2
1154,1439.051072,0.9162962962962965,27.0,0.0,0.9162962962962965,False,120.45,0.0837,MEDIUM,Pastry_51,Bakery,Budapest_1
2801,4169.019099,0.9711111111111111,27.0,0.0,0.9711111111111111,False,120.44,0.0289,LOW,Radish_11,Fruit and vegetable,Frankfurt_1
1661,1718.093141,0.93,28.0,0.0,0.93,False,120.27,0.07,MEDIUM,Pastry_68,Bakery,Prague_3
1498,2927.853806,0.9589285714285715,28.0,1.0,0.9589285714285715,False,120.25,0.0411,LOW,Coriander_3,Fruit and vegetable,Brno_1
4812,1052.5471,0.8860000000000001,25.0,2.0,0.8860000000000001,False,119.99,0.114,HIGH,Salad_54,Fruit and vegetable,Frankfurt_1
3722,418.308838,0.7133333333333333,27.0,8.0,0.7133333333333333,False,119.92,0.2867,HIGH,Cake_8,Bakery,Prague_1
4828,1215.9980639999999,0.9014285714285715,28.0,3.0,0.9014285714285715,False,119.86,0.0986,MEDIUM,Chicken_92,Meat and fish,Prague_1
3133,1862.29062,0.9357142857142857,28.0,2.0,0.9357142857142857,False,119.72,0.0643,MEDIUM,Cauliflower_6,Fruit and vegetable,Munich_1
783,2961.667111,0.9596428571428571,28.0,0.0,0.9596428571428571,False,119.52,0.0404,LOW,Baguette_6,Bakery,Prague_1
1853,1672.033316,0.928888888888889,27.0,1.0,0.928888888888889,False,118.9,0.0711,MEDIUM,Spinach_4,Fruit and vegetable,Brno_1
1528,4821.79374,0.9753571428571428,28.0,1.0,0.9753571428571428,False,118.82,0.0246,LOW,Vegetable_9,Fruit and vegetable,Prague_1
2900,2545.3840959999998,0.9535714285714285,28.0,1.0,0.9535714285714285,False,118.18,0.0464,LOW,Apple_83,Fruit and vegetable,Brno_1
327,4082.30242,0.9710714285714286,28.0,0.0,0.9710714285714286,False,118.1,0.0289,LOW,Sweet Potato_0,Fruit and vegetable,Prague_1
3724,3028.177771,0.9610714285714286,28.0,1.0,0.9610714285714286,False,117.88,0.0389,LOW,Bread_146,Bakery,Munich_1
4975,2425.587265,0.9514285714285714,28.0,0.0,0.9514285714285714,False,117.81,0.0486,LOW,Chicken_93,Meat and fish,Brno_1
797,740.03348,0.8409090909090909,11.0,1.0,0.8409090909090909,False,117.73,0.1591,HIGH,Onion_5,Fruit and vegetable,Munich_1
4905,1477.73367,0.9203571428571429,28.0,2.0,0.9203571428571429,False,117.69,0.0796,MEDIUM,Tomato_109,Fruit and vegetable,Prague_2
2295,825.334528,0.8574999999999999,28.0,0.0,0.8574999999999999,False,117.61,0.1425,HIGH,Pastry_96,Bakery,Prague_3
732,5571.977535,0.9789285714285715,28.0,0.0,0.9789285714285715,False,117.41,0.0211,LOW,Zucchini_1,Fruit and vegetable,Prague_3
4927,1610.624405,0.9271428571428573,28.0,1.0,0.9271428571428573,False,117.35,0.0729,MEDIUM,Cabbage_21,Fruit and vegetable,Prague_1
1600,1904.5303059999999,0.9384615384615385,26.0,1.0,0.9384615384615385,False,117.2,0.0615,MEDIUM,Apple_42,Fruit and vegetable,Munich_1
4345,3224.675969,0.9637037037037037,27.0,0.0,0.9637037037037037,False,117.04,0.0363,LOW,Sandwich_2,Bakery,Munich_1
1385,1181.6842827,0.9010714285714286,28.0,4.0,0.9010714285714286,False,116.9,0.0989,MEDIUM,Croissant_11,Bakery,Brno_1
3666,2535.441769,0.9539285714285715,28.0,1.0,0.9539285714285715,False,116.81,0.0461,LOW,Parsley_7,Fruit and vegetable,Prague_3
1675,547.052386,0.7866666666666665,27.0,4.0,0.7866666666666665,False,116.7,0.2133,HIGH,Bread_67,Bakery,Budapest_1
1356,740.0274890000001,0.8424,25.0,4.0,0.8424,False,116.63,0.1576,HIGH,Pork_15,Meat and fish,Prague_2
1968,1313.908522,0.9114814814814814,27.0,1.0,0.9114814814814814,False,116.31,0.0885,MEDIUM,Pastry_82,Bakery,Budapest_1
3891,3129.0076050000002,0.9628571428571429,28.0,1.0,0.9628571428571429,False,116.22,0.0371,LOW,Potato_61,Fruit and vegetable,Prague_1
2297,722.708117,0.8392857142857143,28.0,0.0,0.8392857142857143,False,116.15,0.1607,HIGH,Pastry_96,Bakery,Prague_2
530,482.250247,0.7591999999999999,25.0,5.0,0.7591999999999999,False,116.13,0.2408,HIGH,Beef_1,Meat and fish,Brno_1
2567,6623.72371,0.9825,28.0,0.0,0.9825,False,115.92,0.0175,LOW,Orange_14,Fruit and vegetable,Prague_2
3109,735.371167,0.8423809523809522,21.0,4.0,0.8423809523809522,False,115.91,0.1576,HIGH,Orange_17,Fruit and vegetable,Frankfurt_1
3821,904.28116,0.871851851851852,27.0,3.0,0.871851851851852,False,115.88,0.1281,HIGH,Celery_13,Fruit and vegetable,Brno_1
1900,895.79993,0.8707142857142857,28.0,2.0,0.8707142857142857,False,115.81,0.1293,HIGH,Bread_76,Bakery,Prague_2
5340,900.983006,0.8714814814814813,27.0,3.0,0.8714814814814813,False,115.79,0.1285,HIGH,Tangerine_0,Fruit and vegetable,Prague_2
2893,2263.495773,0.9489285714285715,28.0,1.0,0.9489285714285715,False,115.6,0.0511,MEDIUM,Chicken_60,Meat and fish,Prague_1
3820,1333.633717,0.9133333333333332,27.0,3.0,0.9133333333333332,False,115.58,0.0867,MEDIUM,Celery_13,Fruit and vegetable,Prague_1
5128,1289.795447,0.9108333333333333,24.0,3.0,0.9108333333333333,False,115.01,0.0892,MEDIUM,Lettuce_43,Fruit and vegetable,Prague_2
2517,2737.236625,0.9581818181818182,22.0,1.0,0.9581818181818182,False,114.47,0.0418,LOW,Roll_23,Bakery,Prague_2
2278,883.44825,0.8707142857142857,28.0,0.0,0.8707142857142857,False,114.22,0.1293,HIGH,Baguette_17,Bakery,Brno_1
2792,776.177933,0.8528571428571429,28.0,3.0,0.8528571428571429,False,114.21,0.1471,HIGH,Bread_105,Bakery,Prague_3
4815,1049.762902,0.8915384615384615,26.0,3.0,0.8915384615384615,False,113.86,0.1085,HIGH,Salad_55,Fruit and vegetable,Munich_1
714,1539.593122,0.9260714285714284,28.0,0.0,0.9260714285714284,False,113.82,0.0739,MEDIUM,Bread_26,Bakery,Prague_3
955,1524.734392,0.9255555555555556,27.0,2.0,0.9255555555555556,False,113.51,0.0744,MEDIUM,Donut_7,Bakery,Munich_1
3103,813.653202,0.8610714285714286,28.0,0.0,0.8610714285714286,False,113.04,0.1389,HIGH,Pastry_121,Bakery,Brno_1
5253,397.8365575,0.7164285714285715,28.0,8.0,0.7164285714285715,False,112.82,0.2836,HIGH,Pastry_196,Bakery,Prague_2
2656,1030.938392,0.8907142857142858,28.0,2.0,0.8907142857142858,False,112.67,0.1093,HIGH,Apple_77,Fruit and vegetable,Prague_3
3720,558.143495,0.798148148148148,27.0,2.0,0.798148148148148,False,112.66,0.2018,HIGH,Cake_8,Bakery,Brno_1
69,497.373114,0.7735714285714287,28.0,1.0,0.7735714285714287,False,112.62,0.2264,HIGH,Pastry_1,Bakery,Prague_3
3148,1239.656603,0.9092307692307693,26.0,2.0,0.9092307692307693,False,112.52,0.0908,MEDIUM,Pineapple_4,Fruit and vegetable,Prague_2
563,2058.997947,0.9453571428571429,28.0,1.0,0.9453571428571429,False,112.51,0.0546,MEDIUM,Tomato_13,Fruit and vegetable,Prague_3
4928,931.948714,0.8792857142857143,28.0,2.0,0.8792857142857143,False,112.5,0.1207,HIGH,Cabbage_21,Fruit and vegetable,Prague_2
1146,1073.4774400000001,0.8953846153846153,26.0,2.0,0.8953846153846153,False,112.3,0.1046,HIGH,Salad_11,Fruit and vegetable,Frankfurt_1
5318,1132.771294,0.9011111111111111,27.0,2.0,0.9011111111111111,False,112.02,0.0989,MEDIUM,Arugula_10,Fruit and vegetable,Frankfurt_1
1459,301.5551222,0.6295,20.0,8.0,0.6295,False,111.73,0.3705,HIGH,Tomato_30,Fruit and vegetable,Prague_2
3452,485.744545,0.7699999999999999,28.0,5.0,0.7699999999999999,False,111.72,0.23,HIGH,Roll_33,Bakery,Prague_1
4350,923.8424669999999,0.8790909090909093,22.0,2.0,0.8790909090909093,False,111.7,0.1209,HIGH,Parsley_9,Fruit and vegetable,Prague_3
3496,833.164272,0.86625,24.0,3.0,0.86625,False,111.44,0.1338,HIGH,Spinach_9,Fruit and vegetable,Prague_1
3739,1520.400883,0.9267857142857142,28.0,2.0,0.9267857142857142,False,111.32,0.0732,MEDIUM,Mushroom_20,Fruit and vegetable,Budapest_1
1076,1390.424435,0.9199999999999999,24.0,2.0,0.9199999999999999,False,111.23,0.08,MEDIUM,Chicken_24,Meat and fish,Budapest_1
178,1708.124249,0.9350000000000002,28.0,1.0,0.9350000000000002,False,111.03,0.065,MEDIUM,Spinach_2,Fruit and vegetable,Budapest_1
3915,1220.519815,0.9092592592592593,27.0,1.0,0.9092592592592593,False,110.75,0.0907,MEDIUM,Bread_157,Bakery,Budapest_1
3074,1548.4780700000001,0.9285714285714287,28.0,2.0,0.9285714285714287,False,110.61,0.0714,MEDIUM,Potato_51,Fruit and vegetable,Brno_1
528,327.859779,0.6631999999999999,25.0,8.0,0.6631999999999999,False,110.42,0.3368,HIGH,Beef_1,Meat and fish,Prague_2
4568,998.384771,0.8896428571428572,28.0,3.0,0.8896428571428572,False,110.18,0.1104,HIGH,Tomato_103,Fruit and vegetable,Frankfurt_1
3257,544.530496,0.7978571428571427,28.0,3.0,0.7978571428571427,False,110.07,0.2021,HIGH,Pastry_123,Bakery,Prague_3
5132,4161.064542,0.9735714285714285,28.0,1.0,0.9735714285714285,False,109.97,0.0264,LOW,Apple_132,Fruit and vegetable,Brno_1
1006,2453.762918,0.9553571428571429,28.0,0.0,0.9553571428571429,False,109.54,0.0446,LOW,Avocado_2,Fruit and vegetable,Brno_1
2795,1711.475634,0.9359999999999999,25.0,1.0,0.9359999999999999,False,109.53,0.064,MEDIUM,Chicken_58,Meat and fish,Budapest_1
2818,670.096223,0.8366666666666666,9.0,1.0,0.8366666666666666,False,109.45,0.1633,HIGH,Salad_30,Fruit and vegetable,Budapest_1
3790,1000.196636,0.8907407407407406,27.0,0.0,0.8907407407407406,False,109.28,0.1093,HIGH,Bread_149,Bakery,Budapest_1
531,526.747482,0.7926923076923077,26.0,5.0,0.7926923076923077,False,109.2,0.2073,HIGH,Beef_1,Meat and fish,Prague_1
3653,812.681566,0.8657142857142857,28.0,2.0,0.8657142857142857,False,109.13,0.1343,HIGH,Potato_58,Fruit and vegetable,Prague_3
4287,1315.867911,0.9171428571428571,28.0,2.0,0.9171428571428571,False,109.03,0.0829,MEDIUM,Basil_4,Fruit and vegetable,Prague_2
814,508.013999,0.7853846153846151,26.0,7.0,0.7853846153846151,False,109.03,0.2146,HIGH,Apple_19,Fruit and vegetable,Prague_3
4008,945.08692,0.884642857142857,28.0,3.0,0.884642857142857,False,109.02,0.1154,HIGH,Cracker_3,Bakery,Munich_1
460,2657.228282,0.9592857142857143,28.0,1.0,0.9592857142857143,False,108.19,0.0407,LOW,Cabbage_1,Fruit and vegetable,Prague_1
4535,481.710479,0.7755555555555556,9.0,2.0,0.7755555555555556,False,108.12,0.2245,HIGH,Peach_17,Fruit and vegetable,Prague_3
2637,1162.855327,0.9070833333333334,24.0,2.0,0.9070833333333334,False,108.05,0.0929,MEDIUM,Turkey_11,Meat and fish,Prague_2
2539,730.82734,0.8521739130434781,23.0,3.0,0.8521739130434781,False,108.04,0.1478,HIGH,Mushroom_12,Fruit and vegetable,Prague_1
2854,1485.826338,0.9273076923076923,26.0,2.0,0.9273076923076923,False,108.01,0.0727,MEDIUM,Potato_47,Fruit and vegetable,Frankfurt_1
739,589.645748,0.8170000000000002,20.0,5.0,0.8170000000000002,False,107.91,0.183,HIGH,Croissant_6,Bakery,Frankfurt_1
4619,1650.914221,0.934642857142857,28.0,0.0,0.934642857142857,False,107.9,0.0654,MEDIUM,Bread_192,Bakery,Prague_2
687,2291.311435,0.952962962962963,27.0,0.0,0.952962962962963,False,107.78,0.047,LOW,Mix meat_1,Meat and fish,Budapest_1
3630,2170.639635,0.9503703703703704,27.0,1.0,0.9503703703703704,False,107.73,0.0496,LOW,Beet_3,Fruit and vegetable,Munich_1
3543,9420.13131,0.9885714285714285,28.0,0.0,0.9885714285714285,False,107.66,0.0114,LOW,Apple_96,Fruit and vegetable,Brno_1
4060,455.36067280000003,0.7639285714285713,28.0,4.0,0.7639285714285713,False,107.5,0.2361,HIGH,Bread_167,Bakery,Prague_3
4830,1593.060567,0.9325925925925925,27.0,2.0,0.9325925925925925,False,107.38,0.0674,MEDIUM,Chicken_92,Meat and fish,Brno_1
4221,501.4594926,0.785925925925926,27.0,4.0,0.785925925925926,False,107.35,0.2141,HIGH,Bread_173,Bakery,Budapest_1
3874,1984.870648,0.9459259259259261,27.0,1.0,0.9459259259259261,False,107.33,0.0541,MEDIUM,Potato_60,Fruit and vegetable,Munich_1
3494,536.082952,0.8004000000000001,25.0,5.0,0.8004000000000001,False,107.0,0.1996,HIGH,Spinach_9,Fruit and vegetable,Prague_3
5410,722.071955,0.8519999999999999,25.0,1.0,0.8519999999999999,False,106.87,0.148,HIGH,Salad_61,Fruit and vegetable,Prague_3
2098,541.949737,0.8031999999999999,25.0,6.0,0.8031999999999999,False,106.66,0.1968,HIGH,Salad_24,Fruit and vegetable,Frankfurt_1
475,8782.82281,0.9878571428571429,28.0,0.0,0.9878571428571429,False,106.65,0.0121,LOW,Mango_0,Fruit and vegetable,Munich_1
2772,1032.69272,0.8967999999999999,25.0,3.0,0.8967999999999999,False,106.57,0.1032,HIGH,Bread_104,Bakery,Prague_2
5249,2328.687839,0.9542857142857143,28.0,0.0,0.9542857142857143,False,106.45,0.0457,LOW,Potato_81,Fruit and vegetable,Prague_1
3984,2255.791025,0.9530769230769232,13.0,0.0,0.9530769230769232,False,105.85,0.0469,LOW,Toust_26,Bakery,Brno_1
5299,715.833758,0.8521428571428574,28.0,1.0,0.8521428571428574,False,105.84,0.1479,HIGH,Cookie_1,Bakery,Prague_1
3258,511.803838,0.7932142857142859,28.0,2.0,0.7932142857142859,False,105.83,0.2068,HIGH,Pastry_123,Bakery,Prague_2
4791,507.323599,0.7917857142857142,28.0,5.0,0.7917857142857142,False,105.63,0.2082,HIGH,Roll_53,Bakery,Prague_3
4860,687.015148,0.8462962962962964,27.0,2.0,0.8462962962962964,False,105.6,0.1537,HIGH,Celery_16,Fruit and vegetable,Prague_3
4579,453.985392,0.7681818181818183,22.0,4.0,0.7681818181818183,False,105.24,0.2318,HIGH,Mango_9,Fruit and vegetable,Prague_3
1010,930.775864,0.8870588235294118,17.0,3.0,0.8870588235294118,False,105.12,0.1129,HIGH,Beet_0,Fruit and vegetable,Prague_2
1030,354.84394399999996,0.7044999999999999,20.0,8.0,0.7044999999999999,False,104.86,0.2955,HIGH,Orange_5,Fruit and vegetable,Prague_2
2665,9131.49102,0.9885185185185186,27.0,0.0,0.9885185185185186,False,104.84,0.0115,LOW,Potato_43,Fruit and vegetable,Prague_1
5090,1036.403254,0.8988461538461539,26.0,2.0,0.8988461538461539,False,104.84,0.1012,HIGH,Eggplant_8,Fruit and vegetable,Budapest_1
1221,973.477257,0.8925925925925925,27.0,2.0,0.8925925925925925,False,104.56,0.1074,HIGH,Bread_53,Bakery,Munich_1
964,520.460222,0.7996153846153844,26.0,4.0,0.7996153846153844,False,104.29,0.2004,HIGH,Beef_5,Meat and fish,Prague_3
981,1385.48993,0.925,28.0,2.0,0.925,False,103.91,0.075,MEDIUM,Toust_8,Bakery,Prague_1
4581,615.689476,0.8315384615384616,13.0,2.0,0.8315384615384616,False,103.72,0.1685,HIGH,Mango_9,Fruit and vegetable,Brno_1
3057,760.788827,0.8639285714285714,28.0,1.0,0.8639285714285714,False,103.52,0.1361,HIGH,Bread_118,Bakery,Prague_2
4804,4065.865849,0.9746428571428573,28.0,1.0,0.9746428571428573,False,103.1,0.0254,LOW,Tomato_106,Fruit and vegetable,Budapest_1
5151,2979.382546,0.9655555555555556,27.0,1.0,0.9655555555555556,False,102.62,0.0344,LOW,Apple_133,Fruit and vegetable,Budapest_1
851,766.096437,0.8660714285714286,28.0,1.0,0.8660714285714286,False,102.6,0.1339,HIGH,Bread_33,Bakery,Prague_3
4715,3220.905643,0.9681481481481482,27.0,0.0,0.9681481481481482,False,102.59,0.0319,LOW,Mango_10,Fruit and vegetable,Prague_2
5027,413.91845,0.752142857142857,28.0,6.0,0.752142857142857,False,102.59,0.2479,HIGH,Pastry_186,Bakery,Prague_1
3487,437.3757235,0.7660714285714285,28.0,2.0,0.7660714285714285,False,102.31,0.2339,HIGH,Toust_22,Bakery,Prague_3
1839,2012.8326240000001,0.9492857142857142,28.0,1.0,0.9492857142857142,False,102.08,0.0507,MEDIUM,Tomato_38,Fruit and vegetable,Prague_3
5427,911.143021,0.8881481481481482,27.0,0.0,0.8881481481481482,False,101.91,0.1118,HIGH,Bread_230,Bakery,Budapest_1
4796,1136.043753,0.9103703703703703,27.0,2.0,0.9103703703703703,False,101.82,0.0896,MEDIUM,Radish_16,Fruit and vegetable,Prague_1
628,2035.829693,0.9499999999999998,27.0,2.0,0.9499999999999998,False,101.79,0.05,MEDIUM,Radish_4,Fruit and vegetable,Budapest_1
2031,401.333069,0.7464285714285713,28.0,5.0,0.7464285714285713,False,101.77,0.2536,HIGH,Pastry_86,Bakery,Prague_1
4620,1389.040969,0.9267857142857144,28.0,0.0,0.9267857142857144,False,101.7,0.0732,MEDIUM,Bread_192,Bakery,Prague_3
1178,1777.834005,0.942857142857143,28.0,0.0,0.942857142857143,False,101.59,0.0571,MEDIUM,Bread_49,Bakery,Prague_2
4630,1578.710315,0.9357142857142856,28.0,1.0,0.9357142857142856,False,101.49,0.0643,MEDIUM,Baguette_35,Bakery,Budapest_1
2142,3192.586132,0.9682142857142857,28.0,1.0,0.9682142857142857,False,101.48,0.0318,LOW,Avocado_3,Fruit and vegetable,Prague_1
3602,800.390599,0.8733333333333334,6.0,0.0,0.8733333333333334,False,101.38,0.1267,HIGH,Strawberry_28,Fruit and vegetable,Brno_1
1706,730.289824,0.8618518518518519,27.0,3.0,0.8618518518518519,False,100.89,0.1382,HIGH,Potato_32,Fruit and vegetable,Frankfurt_1
705,1784.729942,0.9435714285714285,28.0,2.0,0.9435714285714285,False,100.71,0.0564,MEDIUM,Pineapple_2,Fruit and vegetable,Budapest_1
2176,1719.032657,0.9414285714285714,14.0,1.0,0.9414285714285714,False,100.69,0.0586,MEDIUM,Salad_25,Fruit and vegetable,Budapest_1
3678,2109.069512,0.9523076923076922,26.0,1.0,0.9523076923076922,False,100.59,0.0477,LOW,Bun_1,Bakery,Munich_1
2991,1112.487744,0.909642857142857,28.0,2.0,0.909642857142857,False,100.52,0.0904,MEDIUM,Garlic_8,Fruit and vegetable,Brno_1
820,1613.985037,0.9378571428571428,28.0,0.0,0.9378571428571428,False,100.3,0.0621,MEDIUM,Bread_32,Bakery,Brno_1
3372,4839.39539,0.9792857142857143,28.0,0.0,0.9792857142857143,False,100.24,0.0207,LOW,Basil_2,Fruit and vegetable,Brno_1
2189,1274.045147,0.9214285714285714,28.0,0.0,0.9214285714285714,False,100.1,0.0786,MEDIUM,Mint_0,Fruit and vegetable,Brno_1
3098,1450.283217,0.9310714285714284,28.0,1.0,0.9310714285714284,False,99.97,0.0689,MEDIUM,Onion_30,Fruit and vegetable,Frankfurt_1
962,1046.724237,0.9045833333333332,24.0,0.0,0.9045833333333332,False,99.87,0.0954,MEDIUM,Beef_5,Meat and fish,Brno_1
3424,939.140241,0.8937037037037038,27.0,4.0,0.8937037037037038,False,99.83,0.1063,HIGH,Lettuce_29,Fruit and vegetable,Frankfurt_1
2135,1674.33701,0.9403846153846154,26.0,2.0,0.9403846153846154,False,99.82,0.0596,MEDIUM,Apple_61,Fruit and vegetable,Prague_2
2928,1090.69019,0.9085185185185186,27.0,0.0,0.9085185185185186,False,99.78,0.0915,MEDIUM,Bread_112,Bakery,Budapest_1
5285,6810.32665,0.9853571428571428,28.0,0.0,0.9853571428571428,False,99.72,0.0146,LOW,Onion_52,Fruit and vegetable,Prague_1
5425,1292.337393,0.9228571428571428,28.0,2.0,0.9228571428571428,False,99.69,0.0771,MEDIUM,Sandwich_4,Bakery,Munich_1
2388,3987.2031079999997,0.975,28.0,0.0,0.975,False,99.68,0.025,LOW,Tomato_48,Fruit and vegetable,Prague_3
1565,527.301541,0.8112499999999999,8.0,2.0,0.8112499999999999,False,99.53,0.1888,HIGH,Lettuce_16,Fruit and vegetable,Prague_1
3646,1664.584006,0.9403571428571429,28.0,0.0,0.9403571428571429,False,99.28,0.0596,MEDIUM,Tomato_79,Fruit and vegetable,Prague_1
4562,893.839381,0.8889285714285713,28.0,2.0,0.8889285714285713,False,99.28,0.1111,HIGH,Beef_26,Meat and fish,Brno_1
2076,682.585724,0.8546153846153846,26.0,3.0,0.8546153846153846,False,99.24,0.1454,HIGH,Kohlrabi_0,Fruit and vegetable,Brno_1
127,938.750085,0.8946428571428572,28.0,3.0,0.8946428571428572,False,98.9,0.1054,HIGH,Chicken_4,Meat and fish,Brno_1
3337,3218.432255,0.9692857142857143,28.0,1.0,0.9692857142857143,False,98.85,0.0307,LOW,Bread_131,Bakery,Budapest_1
3140,1005.240535,0.9017857142857143,28.0,0.0,0.9017857142857143,False,98.73,0.0982,MEDIUM,Focaccia_0,Bakery,Prague_1
2807,1899.13763,0.9482142857142858,28.0,2.0,0.9482142857142858,False,98.35,0.0518,MEDIUM,Mandarin_10,Fruit and vegetable,Budapest_1
2358,1722.605926,0.942962962962963,27.0,2.0,0.942962962962963,False,98.25,0.057,MEDIUM,Mango_7,Fruit and vegetable,Munich_1
1674,2455.4742889999998,0.9600000000000001,28.0,1.0,0.9600000000000001,False,98.22,0.04,LOW,Toust_11,Bakery,Munich_1
4167,1099.720061,0.9107407407407407,27.0,2.0,0.9107407407407407,False,98.16,0.0893,MEDIUM,Baguette_32,Bakery,Munich_1
1529,2346.972599,0.9582142857142857,28.0,1.0,0.9582142857142857,False,98.07,0.0418,LOW,Vegetable_9,Fruit and vegetable,Prague_3
2783,1958.743227,0.9500000000000001,26.0,2.0,0.9500000000000001,False,97.94,0.05,MEDIUM,Bell Pepper_9,Fruit and vegetable,Prague_3
5245,8063.87593,0.9878571428571429,28.0,0.0,0.9878571428571429,False,97.92,0.0121,LOW,Spinach_13,Fruit and vegetable,Brno_1
2698,1779.501577,0.9450000000000001,28.0,2.0,0.9450000000000001,False,97.87,0.055,MEDIUM,Bread_100,Bakery,Brno_1
4932,856.26863,0.8858333333333333,24.0,1.0,0.8858333333333333,False,97.76,0.1142,HIGH,Pepper_28,Fruit and vegetable,Prague_3
991,828.382184,0.882,25.0,4.0,0.882,False,97.75,0.118,HIGH,Salad_10,Fruit and vegetable,Frankfurt_1
2255,339.764548,0.7131578947368422,19.0,6.0,0.7131578947368422,False,97.46,0.2868,HIGH,Cauliflower_2,Fruit and vegetable,Prague_2
3640,492.3808365,0.8028571428571428,28.0,3.0,0.8028571428571428,False,97.07,0.1971,HIGH,Bread_144,Bakery,Prague_3
985,1201.517881,0.9192857142857143,28.0,2.0,0.9192857142857143,False,96.98,0.0807,MEDIUM,Zucchini_4,Fruit and vegetable,Brno_1
1841,657.235411,0.8528571428571429,28.0,2.0,0.8528571428571429,False,96.71,0.1471,HIGH,Pastry_77,Bakery,Prague_3
1952,1825.640421,0.947037037037037,27.0,1.0,0.947037037037037,False,96.69,0.053,MEDIUM,Chicken_42,Meat and fish,Prague_3
1088,926.9628680000001,0.8957692307692309,26.0,2.0,0.8957692307692309,False,96.62,0.1042,HIGH,Chicken_25,Meat and fish,Brno_1
3304,845.134944,0.8857142857142858,28.0,1.0,0.8857142857142858,False,96.59,0.1143,HIGH,Bread_129,Bakery,Prague_1
5239,675.608874,0.857037037037037,27.0,4.0,0.857037037037037,False,96.59,0.143,HIGH,Chicken_99,Meat and fish,Brno_1
4035,2556.285614,0.9622222222222222,27.0,1.0,0.9622222222222222,False,96.57,0.0378,LOW,Bread_164,Bakery,Prague_3
310,853.349272,0.8871428571428572,14.0,2.0,0.8871428571428572,False,96.31,0.1129,HIGH,Pastry_17,Bakery,Munich_1
132,2337.030141,0.9588888888888889,27.0,0.0,0.9588888888888889,False,96.08,0.0411,LOW,Roll_1,Bakery,Budapest_1
4901,5159.2102700000005,0.9814285714285714,28.0,0.0,0.9814285714285714,False,95.81,0.0186,LOW,Carrot_33,Fruit and vegetable,Prague_1
211,707.49488,0.8648,25.0,4.0,0.8648,False,95.65,0.1352,HIGH,Pear_4,Fruit and vegetable,Prague_1
1409,626.357643,0.8475000000000001,28.0,1.0,0.8475000000000001,False,95.52,0.1525,HIGH,Pastry_62,Bakery,Prague_3
1824,375.629943,0.7457142857142858,28.0,4.0,0.7457142857142858,False,95.52,0.2543,HIGH,Pastry_76,Bakery,Prague_2
2010,1091.414707,0.9125,28.0,1.0,0.9125,False,95.5,0.0875,MEDIUM,Radish_9,Fruit and vegetable,Prague_1
4295,1227.792807,0.9222222222222223,27.0,2.0,0.9222222222222223,False,95.49,0.0778,MEDIUM,Chicken_78,Meat and fish,Prague_1
1636,328.476737,0.71,23.0,7.0,0.71,False,95.26,0.29,HIGH,Pastry_66,Bakery,Budapest_1
3624,1952.677406,0.9515,20.0,1.0,0.9515,False,94.7,0.0485,LOW,Toust_23,Bakery,Brno_1
4364,780.99901,0.8792,25.0,2.0,0.8792,False,94.34,0.1208,HIGH,Snack_8,Fruit and vegetable,Brno_1
2593,596.3593089999999,0.8420833333333334,24.0,3.0,0.8420833333333334,False,94.18,0.1579,HIGH,Tomato_54,Fruit and vegetable,Prague_2
3141,983.331273,0.9042857142857142,28.0,1.0,0.9042857142857142,False,94.12,0.0957,MEDIUM,Chicken_64,Meat and fish,Budapest_1
1410,726.031068,0.8703571428571429,28.0,1.0,0.8703571428571429,False,94.12,0.1296,HIGH,Pastry_62,Bakery,Prague_2
3303,617.0759785,0.8478571428571426,28.0,2.0,0.8478571428571426,False,93.88,0.1521,HIGH,Bread_129,Bakery,Brno_1
2430,1115.003887,0.9159999999999999,25.0,1.0,0.9159999999999999,False,93.66,0.084,MEDIUM,Asparagus_12,Fruit and vegetable,Frankfurt_1
415,6899.36792,0.9864285714285714,28.0,0.0,0.9864285714285714,False,93.63,0.0136,LOW,Tomato_7,Fruit and vegetable,Prague_1
1040,630.5509734999999,0.8516666666666666,6.0,1.0,0.8516666666666666,False,93.53,0.1483,HIGH,Lettuce_8,Fruit and vegetable,Frankfurt_1
1939,1232.513469,0.9242857142857143,28.0,2.0,0.9242857142857143,False,93.32,0.0757,MEDIUM,Potato_36,Fruit and vegetable,Prague_1
2817,2082.14875,0.9551851851851851,27.0,1.0,0.9551851851851851,False,93.31,0.0448,LOW,Basil_1,Fruit and vegetable,Budapest_1
2815,2864.121102,0.9675,28.0,0.0,0.9675,False,93.08,0.0325,LOW,Potato_46,Fruit and vegetable,Prague_1
1906,2111.697529,0.955925925925926,27.0,1.0,0.955925925925926,False,93.07,0.0441,LOW,Salmon_5,Meat and fish,Brno_1
1087,819.442527,0.8864285714285715,28.0,3.0,0.8864285714285715,False,93.07,0.1136,HIGH,Chicken_25,Meat and fish,Prague_1
453,1068.116888,0.913125,16.0,1.0,0.913125,False,92.79,0.0869,MEDIUM,Pastry_22,Bakery,Prague_3
921,4188.682561,0.9778571428571429,28.0,0.0,0.9778571428571429,False,92.75,0.0221,LOW,Onion_6,Fruit and vegetable,Budapest_1
1276,2403.524309,0.9614285714285715,28.0,0.0,0.9614285714285715,False,92.71,0.0386,LOW,Tomato_28,Fruit and vegetable,Prague_2
40,3380.80353,0.9725925925925927,27.0,0.0,0.9725925925925927,False,92.66,0.0274,LOW,Mushroom_0,Fruit and vegetable,Prague_1
1513,1369.925612,0.9323999999999999,25.0,1.0,0.9323999999999999,False,92.61,0.0676,MEDIUM,Pastry_65,Bakery,Munich_1
4906,1584.982532,0.9417857142857142,28.0,0.0,0.9417857142857142,False,92.27,0.0582,MEDIUM,Tomato_109,Fruit and vegetable,Prague_3
210,426.543267,0.7837037037037038,27.0,4.0,0.7837037037037038,False,92.26,0.2163,HIGH,Pastry_9,Bakery,Budapest_1
4000,1849.287677,0.9503571428571428,28.0,1.0,0.9503571428571428,False,91.8,0.0496,LOW,Bread_162,Bakery,Munich_1
2085,1605.468869,0.9428571428571428,28.0,2.0,0.9428571428571428,False,91.74,0.0571,MEDIUM,Pomegranate_1,Fruit and vegetable,Prague_1
2968,4484.26202,0.9796428571428571,28.0,0.0,0.9796428571428571,False,91.29,0.0204,LOW,Carrot_20,Fruit and vegetable,Prague_2
2320,1940.474256,0.952962962962963,27.0,0.0,0.952962962962963,False,91.27,0.047,LOW,Eggplant_4,Fruit and vegetable,Prague_2
2477,528.7226265,0.8274074074074074,27.0,4.0,0.8274074074074074,False,91.25,0.1726,HIGH,Pastry_107,Bakery,Budapest_1
1252,315.7986165,0.7111538461538459,26.0,7.0,0.7111538461538459,False,91.22,0.2889,HIGH,Pork_13,Meat and fish,Prague_2
1359,1452.4470039999999,0.9373076923076922,26.0,1.0,0.9373076923076922,False,91.06,0.0627,MEDIUM,Pork_15,Meat and fish,Brno_1
4300,1806.321112,0.9496296296296295,27.0,0.0,0.9496296296296295,False,90.99,0.0504,MEDIUM,Pastry_161,Bakery,Budapest_1
3195,1204.328379,0.9244444444444445,27.0,1.0,0.9244444444444445,False,90.99,0.0756,MEDIUM,Coriander_6,Fruit and vegetable,Prague_1
4863,799.009209,0.8862962962962962,27.0,1.0,0.8862962962962962,False,90.85,0.1137,HIGH,Celery_16,Fruit and vegetable,Prague_2
2340,642.887561,0.8588888888888889,27.0,2.0,0.8588888888888889,False,90.72,0.1411,HIGH,Pastry_99,Bakery,Budapest_1
3139,422.3805935,0.7853571428571428,28.0,3.0,0.7853571428571428,False,90.66,0.2146,HIGH,Focaccia_0,Bakery,Prague_2
1610,295.52233,0.6940000000000001,10.0,3.0,0.6940000000000001,False,90.43,0.306,HIGH,Grape_10,Fruit and vegetable,Prague_2
4750,1192.225599,0.9242857142857143,28.0,0.0,0.9242857142857143,False,90.27,0.0757,MEDIUM,Potato_71,Fruit and vegetable,Prague_3
5268,7559.21081,0.988076923076923,26.0,0.0,0.988076923076923,False,90.13,0.0119,LOW,Pretzel_15,Bakery,Munich_1
4286,2600.551541,0.9653571428571429,28.0,1.0,0.9653571428571429,False,90.09,0.0346,LOW,Basil_4,Fruit and vegetable,Prague_1
976,547.545325,0.8357142857142855,28.0,2.0,0.8357142857142855,False,89.95,0.1643,HIGH,Baguette_7,Bakery,Prague_3
1542,1108.690009,0.9189285714285714,28.0,2.0,0.9189285714285714,False,89.88,0.0811,MEDIUM,Lucki_0,Bakery,Munich_1
2959,1677.247915,0.9464285714285714,28.0,0.0,0.9464285714285714,False,89.85,0.0536,MEDIUM,Cake_4,Bakery,Brno_1
1175,4492.22002,0.9800000000000001,28.0,0.0,0.9800000000000001,False,89.84,0.02,LOW,Bell Pepper_5,Fruit and vegetable,Prague_3
441,3028.328483,0.9703703703703703,27.0,0.0,0.9703703703703703,False,89.73,0.0296,LOW,Mushroom_1,Fruit and vegetable,Frankfurt_1
4055,1152.915758,0.9222222222222222,27.0,2.0,0.9222222222222222,False,89.67,0.0778,MEDIUM,Chicken_75,Meat and fish,Budapest_1
1106,432.23071,0.7928571428571427,28.0,5.0,0.7928571428571427,False,89.53,0.2071,HIGH,Pastry_46,Bakery,Prague_3
4188,1650.834667,0.945909090909091,22.0,1.0,0.945909090909091,False,89.3,0.0541,MEDIUM,Croissant_31,Bakery,Budapest_1
4849,1459.312817,0.938888888888889,27.0,1.0,0.938888888888889,False,89.18,0.0611,MEDIUM,Breadcrumb_10,Bakery,Prague_3
2256,610.414245,0.8543999999999999,25.0,4.0,0.8543999999999999,False,88.88,0.1456,HIGH,Cauliflower_2,Fruit and vegetable,Prague_1
2134,3104.421566,0.9714285714285714,28.0,0.0,0.9714285714285714,False,88.7,0.0286,LOW,Apple_61,Fruit and vegetable,Brno_1
835,542.244294,0.8368000000000001,25.0,2.0,0.8368000000000001,False,88.49,0.1632,HIGH,Pak choi_0,Fruit and vegetable,Brno_1
5409,763.33343,0.8846153846153846,26.0,2.0,0.8846153846153846,False,88.08,0.1154,HIGH,Salad_61,Fruit and vegetable,Prague_2
4246,811.454346,0.8914814814814813,27.0,0.0,0.8914814814814813,False,88.06,0.1085,HIGH,Bread_175,Bakery,Budapest_1
994,356.3099755,0.7528571428571429,28.0,7.0,0.7528571428571429,False,88.06,0.2471,HIGH,Bread_41,Bakery,Prague_3
4787,4258.035816,0.9793333333333333,15.0,0.0,0.9793333333333333,False,88.0,0.0207,LOW,Potato_73,Fruit and vegetable,Prague_1
963,1055.079325,0.9166666666666669,24.0,2.0,0.9166666666666669,False,87.92,0.0833,MEDIUM,Beef_5,Meat and fish,Prague_1
172,732.230757,0.88,1.0,0.0,0.88,False,87.87,0.12,HIGH,Watermelon_2,Fruit and vegetable,Prague_2
3394,2033.076008,0.9567857142857144,28.0,1.0,0.9567857142857144,False,87.86,0.0432,LOW,Beef_19,Meat and fish,Prague_1
840,5046.547195,0.9825925925925927,27.0,0.0,0.9825925925925927,False,87.85,0.0174,LOW,Tomato_17,Fruit and vegetable,Munich_1
3759,1046.042793,0.9160714285714284,28.0,0.0,0.9160714285714284,False,87.79,0.0839,MEDIUM,Chicken_68,Meat and fish,Brno_1
1250,326.95806899999997,0.7315384615384618,26.0,8.0,0.7315384615384618,False,87.78,0.2685,HIGH,Pork_13,Meat and fish,Prague_3
3601,848.722316,0.8966666666666668,24.0,1.0,0.8966666666666668,False,87.7,0.1033,HIGH,Pita_1,Bakery,Prague_2
3138,497.292857,0.8239285714285715,28.0,0.0,0.8239285714285715,False,87.56,0.1761,HIGH,Focaccia_0,Bakery,Prague_3
4543,1914.7174750000001,0.9542857142857144,28.0,0.0,0.9542857142857144,False,87.53,0.0457,LOW,Bread_190,Bakery,Prague_2
1456,563.861525,0.8447619047619047,21.0,3.0,0.8447619047619047,False,87.53,0.1552,HIGH,Salad_13,Fruit and vegetable,Prague_2
4298,742.313742,0.8821428571428572,28.0,0.0,0.8821428571428572,False,87.49,0.1179,HIGH,Focaccia_1,Bakery,Brno_1
1720,813.747098,0.8925,4.0,0.0,0.8925,False,87.48,0.1075,HIGH,Salad_15,Fruit and vegetable,Budapest_1
1381,278.0690086,0.6857142857142857,28.0,8.0,0.6857142857142857,False,87.39,0.3143,HIGH,Cream_0,Bakery,Prague_2
993,318.2037515,0.7257142857142858,28.0,5.0,0.7257142857142858,False,87.28,0.2743,HIGH,Bread_41,Bakery,Prague_2
4244,8425.688,0.9896428571428572,28.0,0.0,0.9896428571428572,False,87.27,0.0104,LOW,Roll_42,Bakery,Budapest_1
2785,1435.0113529999999,0.9392307692307693,26.0,2.0,0.9392307692307693,False,87.2,0.0608,MEDIUM,Bell Pepper_9,Fruit and vegetable,Brno_1
2771,1196.837345,0.9272,25.0,2.0,0.9272,False,87.13,0.0728,MEDIUM,Bread_104,Bakery,Prague_1
2171,1005.247332,0.9133333333333334,27.0,0.0,0.9133333333333334,False,87.12,0.0867,MEDIUM,Pastry_90,Bakery,Budapest_1
1179,1612.914963,0.9460714285714286,28.0,0.0,0.9460714285714286,False,86.98,0.0539,MEDIUM,Bread_49,Bakery,Prague_3
4790,333.5435245,0.7392857142857142,28.0,5.0,0.7392857142857142,False,86.96,0.2607,HIGH,Roll_53,Bakery,Prague_2
5145,1635.130572,0.9469230769230769,26.0,0.0,0.9469230769230769,False,86.79,0.0531,MEDIUM,Shrimp_0,Meat and fish,Prague_1
3020,937.777284,0.9076923076923076,26.0,2.0,0.9076923076923076,False,86.56,0.0923,MEDIUM,Mix meat_3,Meat and fish,Frankfurt_1
4732,753.891582,0.8851851851851853,27.0,2.0,0.8851851851851853,False,86.56,0.1148,HIGH,Chicken_90,Meat and fish,Prague_1
1235,1259.856119,0.9313636363636363,22.0,1.0,0.9313636363636363,False,86.47,0.0686,MEDIUM,Coriander_2,Fruit and vegetable,Budapest_1
5120,867.228641,0.900357142857143,28.0,0.0,0.900357142857143,False,86.41,0.0996,MEDIUM,Baguette_38,Bakery,Prague_2
3548,405.6395645,0.7871428571428573,28.0,4.0,0.7871428571428573,False,86.34,0.2128,HIGH,Pastry_132,Bakery,Prague_2
1670,7312.53194,0.9882142857142858,28.0,0.0,0.9882142857142858,False,86.18,0.0118,LOW,Lettuce_17,Fruit and vegetable,Prague_3
3745,772.443923,0.8889285714285716,28.0,4.0,0.8889285714285716,False,85.8,0.1111,HIGH,Mushroom_21,Fruit and vegetable,Prague_2
5187,5336.074706,0.9839285714285715,28.0,0.0,0.9839285714285715,False,85.76,0.0161,LOW,Toust_40,Bakery,Munich_1
5301,365.988113,0.7657142857142858,28.0,4.0,0.7657142857142858,False,85.75,0.2343,HIGH,Cookie_1,Bakery,Prague_3
1746,1330.439222,0.9357142857142857,14.0,1.0,0.9357142857142857,False,85.53,0.0643,MEDIUM,Salad_16,Fruit and vegetable,Budapest_1
3152,9974.17872,0.9914285714285713,28.0,0.0,0.9914285714285713,False,85.49,0.0086,LOW,Broccoli_8,Fruit and vegetable,Prague_1
1665,2135.748604,0.96,28.0,1.0,0.96,False,85.43,0.04,LOW,Garlic_4,Fruit and vegetable,Prague_3
3893,1822.299915,0.9532142857142857,28.0,0.0,0.9532142857142857,False,85.26,0.0468,LOW,Potato_61,Fruit and vegetable,Prague_3
1497,2874.075131,0.9703571428571429,28.0,0.0,0.9703571428571429,False,85.2,0.0296,LOW,Coriander_3,Fruit and vegetable,Prague_2
163,582.325451,0.8539285714285716,28.0,2.0,0.8539285714285716,False,85.06,0.1461,HIGH,Pastry_5,Bakery,Prague_3
4180,1159.44651,0.9267857142857142,28.0,3.0,0.9267857142857142,False,84.89,0.0732,MEDIUM,Salmon_15,Meat and fish,Prague_1
1205,783.0571640000001,0.8916666666666666,6.0,0.0,0.8916666666666666,False,84.83,0.1083,HIGH,Strawberry_12,Fruit and vegetable,Brno_1
2522,343.2097256,0.7528571428571428,28.0,9.0,0.7528571428571428,False,84.82,0.2471,HIGH,Pastry_110,Bakery,Prague_1
4344,2277.242196,0.9628571428571429,28.0,1.0,0.9628571428571429,False,84.58,0.0371,LOW,Sandwich_2,Bakery,Frankfurt_1
3007,2041.1952899999999,0.9585714285714285,28.0,0.0,0.9585714285714285,False,84.56,0.0414,LOW,Watermelon_16,Fruit and vegetable,Brno_1
1049,411.206462,0.795,24.0,4.0,0.795,False,84.3,0.205,HIGH,Beef_6,Meat and fish,Budapest_1
2102,1039.4771759999999,0.9189285714285713,28.0,3.0,0.9189285714285713,False,84.27,0.0811,MEDIUM,Lime_5,Fruit and vegetable,Frankfurt_1
799,1464.741122,0.9425,28.0,1.0,0.9425,False,84.22,0.0575,MEDIUM,Bread_30,Bakery,Budapest_1
3958,1834.052365,0.9541176470588235,17.0,0.0,0.9541176470588235,False,84.15,0.0459,LOW,Kiwi_19,Fruit and vegetable,Prague_2
1166,1032.165029,0.9185714285714285,28.0,1.0,0.9185714285714285,False,84.05,0.0814,MEDIUM,Bread_48,Bakery,Brno_1
3877,598.676272,0.86,26.0,4.0,0.86,False,83.81,0.14,HIGH,Lemon_10,Fruit and vegetable,Frankfurt_1
3511,865.52866,0.9033333333333333,24.0,2.0,0.9033333333333333,False,83.67,0.0967,MEDIUM,Bagel_8,Bakery,Prague_1
4033,1094.293868,0.9235714285714286,14.0,1.0,0.9235714285714286,False,83.64,0.0764,MEDIUM,Salad_46,Fruit and vegetable,Budapest_1
3645,1451.217899,0.9424999999999999,28.0,1.0,0.9424999999999999,False,83.45,0.0575,MEDIUM,Tomato_79,Fruit and vegetable,Brno_1
1770,1307.658679,0.9364285714285714,28.0,1.0,0.9364285714285714,False,83.13,0.0636,MEDIUM,Herb_5,Fruit and vegetable,Frankfurt_1
2077,703.46558,0.8818518518518517,27.0,2.0,0.8818518518518517,False,83.11,0.1181,HIGH,Kohlrabi_0,Fruit and vegetable,Prague_1
3655,1097.610285,0.9242857142857143,28.0,1.0,0.9242857142857143,False,83.1,0.0757,MEDIUM,Potato_58,Fruit and vegetable,Prague_1
2028,2265.469975,0.9633333333333335,27.0,0.0,0.9633333333333335,False,83.07,0.0367,LOW,Pastry_85,Bakery,Budapest_1
2120,665.8381164,0.8757142857142857,28.0,4.0,0.8757142857142857,False,82.75,0.1243,HIGH,Sweet Potato_5,Fruit and vegetable,Prague_3
4751,2106.09163,0.9607142857142856,28.0,1.0,0.9607142857142856,False,82.74,0.0393,LOW,Potato_71,Fruit and vegetable,Prague_1
2514,911.041034,0.9092,25.0,1.0,0.9092,False,82.72,0.0908,MEDIUM,Mushroom_11,Fruit and vegetable,Prague_1
2030,339.1593465,0.7567857142857142,28.0,4.0,0.7567857142857142,False,82.49,0.2432,HIGH,Pastry_86,Bakery,Prague_3
3520,5290.272985,0.9844444444444443,27.0,0.0,0.9844444444444443,False,82.29,0.0156,LOW,Lemon_9,Fruit and vegetable,Prague_1
1489,1117.548546,0.9264285714285715,28.0,2.0,0.9264285714285715,False,82.22,0.0736,MEDIUM,Mushroom_5,Fruit and vegetable,Munich_1
3474,544.556433,0.8492592592592592,27.0,3.0,0.8492592592592592,False,82.09,0.1507,HIGH,Beef_21,Meat and fish,Budapest_1
4071,957.543101,0.9148,25.0,1.0,0.9148,False,81.58,0.0852,MEDIUM,Chicken_76,Meat and fish,Prague_1
5350,15214.75229,0.9946428571428572,28.0,0.0,0.9946428571428572,False,81.51,0.0054,LOW,Carrot_36,Fruit and vegetable,Prague_1
1462,413.3421095,0.8030769230769234,26.0,5.0,0.8030769230769234,False,81.4,0.1969,HIGH,Tomato_30,Fruit and vegetable,Brno_1
826,1099.753244,0.9261538461538462,26.0,1.0,0.9261538461538462,False,81.21,0.0738,MEDIUM,Tomato_16,Fruit and vegetable,Brno_1
4603,948.107084,0.9144444444444443,27.0,2.0,0.9144444444444443,False,81.12,0.0856,MEDIUM,Mushroom_25,Fruit and vegetable,Prague_2
568,747.862478,0.8917857142857143,28.0,1.0,0.8917857142857143,False,80.93,0.1082,HIGH,Currant_1,Fruit and vegetable,Budapest_1
4731,604.599718,0.8665384615384616,26.0,2.0,0.8665384615384616,False,80.69,0.1335,HIGH,Chicken_90,Meat and fish,Prague_2
742,498.928206,0.8385185185185186,27.0,3.0,0.8385185185185186,False,80.57,0.1615,HIGH,Tomato_14,Fruit and vegetable,Budapest_1
3859,390.897857,0.7942105263157895,19.0,5.0,0.7942105263157895,False,80.44,0.2058,HIGH,Grapefruit_5,Fruit and vegetable,Brno_1
1300,562.732256,0.8571428571428571,28.0,1.0,0.8571428571428571,False,80.39,0.1429,HIGH,Pastry_56,Bakery,Prague_2
4307,937.488409,0.9143478260869565,23.0,1.0,0.9143478260869565,False,80.3,0.0857,MEDIUM,Chicken_79,Meat and fish,Brno_1
4014,946.595677,0.9151999999999998,25.0,3.0,0.9151999999999998,False,80.27,0.0848,MEDIUM,Bread_163,Bakery,Budapest_1
4674,991.7884789999999,0.9192592592592591,27.0,0.0,0.9192592592592591,False,80.08,0.0807,MEDIUM,Roll_49,Bakery,Budapest_1
2930,383.3936825,0.7911538461538462,26.0,5.0,0.7911538461538462,False,80.07,0.2088,HIGH,Salmon_9,Meat and fish,Prague_1
825,1845.235917,0.9566666666666666,27.0,1.0,0.9566666666666666,False,79.96,0.0433,LOW,Tomato_16,Fruit and vegetable,Prague_1
72,1737.138572,0.9540740740740742,27.0,0.0,0.9540740740740742,False,79.78,0.0459,LOW,Chicken_2,Meat and fish,Brno_1
769,376.1332337,0.788,5.0,2.0,0.788,False,79.74,0.212,HIGH,Cherry_3,Fruit and vegetable,Prague_2
3440,5863.42865,0.9864285714285713,28.0,0.0,0.9864285714285713,False,79.58,0.0136,LOW,Apple_93,Fruit and vegetable,Prague_1
4290,579.657052,0.862962962962963,27.0,1.0,0.862962962962963,False,79.43,0.137,HIGH,Bread_177,Bakery,Budapest_1
3282,1062.793744,0.9253571428571429,28.0,2.0,0.9253571428571429,False,79.33,0.0746,MEDIUM,Pear_27,Fruit and vegetable,Prague_2
3674,554.308094,0.857142857142857,28.0,1.0,0.857142857142857,False,79.19,0.1429,HIGH,Fennel_2,Fruit and vegetable,Brno_1
3437,790.057205,0.8999999999999999,26.0,4.0,0.8999999999999999,False,79.01,0.1,HIGH,Pastry_130,Bakery,Frankfurt_1
762,945.153598,0.9164285714285716,28.0,2.0,0.9164285714285716,False,78.99,0.0836,MEDIUM,Mushroom_3,Fruit and vegetable,Prague_2
1843,699.919935,0.887142857142857,28.0,2.0,0.887142857142857,False,78.99,0.1129,HIGH,Pastry_77,Bakery,Prague_2
275,3028.9714050000002,0.9739285714285714,28.0,0.0,0.9739285714285714,False,78.97,0.0261,LOW,Mix meat_0,Meat and fish,Brno_1
4095,1199.275744,0.9342857142857142,28.0,1.0,0.9342857142857142,False,78.81,0.0657,MEDIUM,Sandwich_1,Bakery,Frankfurt_1
3879,732.352258,0.8926315789473684,19.0,1.0,0.8926315789473684,False,78.63,0.1074,HIGH,Pepper_20,Fruit and vegetable,Frankfurt_1
2280,1045.375531,0.9248148148148148,27.0,2.0,0.9248148148148148,False,78.6,0.0752,MEDIUM,Chicken_49,Meat and fish,Budapest_1
1822,440.0546855,0.8217857142857143,28.0,2.0,0.8217857142857143,False,78.42,0.1782,HIGH,Pastry_76,Bakery,Prague_3
113,944.651136,0.9170833333333334,24.0,1.0,0.9170833333333334,False,78.33,0.0829,MEDIUM,Baguette_2,Bakery,Munich_1
3124,1028.9380919999999,0.9239285714285714,28.0,2.0,0.9239285714285714,False,78.27,0.0761,MEDIUM,Mushroom_16,Fruit and vegetable,Prague_1
1253,624.136396,0.8746153846153846,26.0,2.0,0.8746153846153846,False,78.26,0.1254,HIGH,Pork_13,Meat and fish,Prague_1
496,1723.886744,0.9546428571428571,28.0,1.0,0.9546428571428571,False,78.19,0.0454,LOW,Cactus Fruit_0,Fruit and vegetable,Brno_1
2981,1131.174606,0.9311111111111111,27.0,1.0,0.9311111111111111,False,77.93,0.0689,MEDIUM,Mushroom_15,Fruit and vegetable,Prague_1
389,2957.184839,0.9737037037037036,27.0,0.0,0.9737037037037036,False,77.76,0.0263,LOW,Celery_2,Fruit and vegetable,Munich_1
1596,452.324297,0.8283333333333335,6.0,0.0,0.8283333333333335,False,77.65,0.1717,HIGH,Cabbage_3,Fruit and vegetable,Budapest_1
4288,1142.990003,0.932142857142857,28.0,1.0,0.932142857142857,False,77.56,0.0679,MEDIUM,Basil_4,Fruit and vegetable,Prague_3
4974,1163.986413,0.9335714285714287,28.0,1.0,0.9335714285714287,False,77.32,0.0664,MEDIUM,Chicken_93,Meat and fish,Prague_3
4358,174.1592179,0.5566666666666666,24.0,13.0,0.5566666666666666,False,77.21,0.4433,HIGH,Toust_31,Bakery,Prague_2
5173,1769.218373,0.9563636363636363,11.0,0.0,0.9563636363636363,False,77.2,0.0436,LOW,Watermelon_23,Fruit and vegetable,Budapest_1
75,516.410103,0.8507692307692307,26.0,3.0,0.8507692307692307,False,77.06,0.1492,HIGH,Pork_0,Meat and fish,Prague_1
3167,1214.043526,0.9365384615384615,26.0,2.0,0.9365384615384615,False,77.05,0.0635,MEDIUM,Donut_27,Bakery,Frankfurt_1
2592,801.775977,0.9039285714285714,28.0,2.0,0.9039285714285714,False,77.03,0.0961,MEDIUM,Tomato_54,Fruit and vegetable,Prague_3
3298,1251.374068,0.9384615384615385,26.0,1.0,0.9384615384615385,False,77.01,0.0615,MEDIUM,Chicken_66,Meat and fish,Prague_1
771,1077.480842,0.9285714285714286,7.0,0.0,0.9285714285714286,False,76.96,0.0714,MEDIUM,Cherry_3,Fruit and vegetable,Prague_1
1383,305.647923,0.7482142857142857,28.0,7.0,0.7482142857142857,False,76.96,0.2518,HIGH,Cream_0,Bakery,Prague_3
3615,281.0390155,0.7264285714285715,28.0,8.0,0.7264285714285715,False,76.88,0.2736,HIGH,Bread_142,Bakery,Prague_3
876,824.61809,0.9069230769230772,26.0,2.0,0.9069230769230772,False,76.75,0.0931,MEDIUM,Chicken_20,Meat and fish,Brno_1
3797,732.099863,0.895185185185185,27.0,0.0,0.895185185185185,False,76.73,0.1048,HIGH,Baguette_28,Bakery,Budapest_1
3944,769.958924,0.9004166666666668,24.0,1.0,0.9004166666666668,False,76.68,0.0996,MEDIUM,Pork_27,Meat and fish,Budapest_1
1203,1124.028286,0.9317857142857143,28.0,1.0,0.9317857142857143,False,76.67,0.0682,MEDIUM,Bread_50,Bakery,Prague_3
4667,582.283531,0.8685714285714284,28.0,3.0,0.8685714285714284,False,76.53,0.1314,HIGH,Chicken_89,Meat and fish,Budapest_1
4788,3585.599658,0.9786666666666667,15.0,0.0,0.9786666666666667,False,76.49,0.0213,LOW,Potato_73,Fruit and vegetable,Prague_3
3370,3145.738998,0.9757142857142858,28.0,0.0,0.9757142857142858,False,76.4,0.0243,LOW,Basil_2,Fruit and vegetable,Prague_3
1094,807.764053,0.9055555555555556,27.0,3.0,0.9055555555555556,False,76.29,0.0944,MEDIUM,Beef_7,Meat and fish,Brno_1
4832,647.158365,0.882142857142857,28.0,0.0,0.882142857142857,False,76.27,0.1179,HIGH,Bread_203,Bakery,Prague_3
3168,2158.525878,0.9648148148148148,27.0,1.0,0.9648148148148148,False,75.95,0.0352,LOW,Donut_27,Bakery,Munich_1
5013,511.31737599999997,0.8517857142857144,28.0,2.0,0.8517857142857144,False,75.78,0.1482,HIGH,Turkey_14,Meat and fish,Brno_1
2375,783.8068440000001,0.9033333333333332,27.0,2.0,0.9033333333333332,False,75.77,0.0967,MEDIUM,Chicken_51,Meat and fish,Brno_1
4993,3181.813717,0.9762962962962963,27.0,0.0,0.9762962962962963,False,75.42,0.0237,LOW,Orange_29,Fruit and vegetable,Brno_1
3613,568.490052,0.8675,28.0,3.0,0.8675,False,75.32,0.1325,HIGH,Bread_142,Bakery,Prague_1
4098,724.44394,0.8960714285714284,28.0,0.0,0.8960714285714284,False,75.29,0.1039,HIGH,Bread_169,Bakery,Prague_1
1590,587.0709,0.8717857142857143,28.0,2.0,0.8717857142857143,False,75.27,0.1282,HIGH,Berry_4,Fruit and vegetable,Prague_3
2007,1021.845914,0.9264285714285714,28.0,2.0,0.9264285714285714,False,75.18,0.0736,MEDIUM,Radish_9,Fruit and vegetable,Brno_1
4069,808.433079,0.9070370370370371,27.0,2.0,0.9070370370370371,False,75.15,0.093,MEDIUM,Chicken_76,Meat and fish,Brno_1
1183,806.006207,0.9067857142857142,28.0,2.0,0.9067857142857142,False,75.13,0.0932,MEDIUM,Asparagus_4,Fruit and vegetable,Prague_3
782,1534.525319,0.9510714285714286,28.0,0.0,0.9510714285714286,False,75.08,0.0489,LOW,Baguette_6,Bakery,Prague_2
5251,1357.328259,0.9448000000000001,25.0,2.0,0.9448000000000001,False,74.92,0.0552,MEDIUM,Potato_81,Fruit and vegetable,Prague_2
1315,535.804305,0.8604347826086958,23.0,4.0,0.8604347826086958,False,74.78,0.1396,HIGH,Apple_30,Fruit and vegetable,Frankfurt_1
5010,1483.282595,0.9496153846153845,26.0,1.0,0.9496153846153845,False,74.73,0.0504,MEDIUM,Wrap_3,Bakery,Munich_1
313,1130.390555,0.9339999999999999,25.0,1.0,0.9339999999999999,False,74.61,0.066,MEDIUM,Asparagus_0,Fruit and vegetable,Frankfurt_1
3614,426.3279965,0.8249999999999998,28.0,3.0,0.8249999999999998,False,74.61,0.175,HIGH,Bread_142,Bakery,Prague_2
744,1048.887009,0.9289285714285713,28.0,0.0,0.9289285714285713,False,74.55,0.0711,MEDIUM,Pastry_33,Bakery,Prague_2
4903,2455.506081,0.9696428571428571,28.0,1.0,0.9696428571428571,False,74.54,0.0304,LOW,Carrot_33,Fruit and vegetable,Prague_3
2067,201.461613,0.63,3.0,2.0,0.63,False,74.54,0.37,HIGH,Bagel_6,Bakery,Brno_1
1902,1158.7468,0.9357142857142858,28.0,0.0,0.9357142857142858,False,74.49,0.0643,MEDIUM,Bread_76,Bakery,Prague_3
4399,1405.400182,0.947037037037037,27.0,1.0,0.947037037037037,False,74.43,0.053,MEDIUM,Bread_182,Bakery,Munich_1
2628,361.720392,0.794705882352941,17.0,2.0,0.794705882352941,False,74.26,0.2053,HIGH,Lettuce_24,Fruit and vegetable,Prague_3
3756,726.490804,0.8978571428571429,28.0,2.0,0.8978571428571429,False,74.21,0.1021,HIGH,Tomato_83,Fruit and vegetable,Prague_3
6,666.432068,0.8887999999999999,25.0,4.0,0.8887999999999999,False,74.11,0.1112,HIGH,Onion_0,Fruit and vegetable,Munich_1
4729,1428.602744,0.9481481481481482,27.0,1.0,0.9481481481481482,False,74.08,0.0519,MEDIUM,Pork_35,Meat and fish,Budapest_1
4938,485.42251749999997,0.8474074074074073,27.0,3.0,0.8474074074074073,False,74.07,0.1526,HIGH,Roll_58,Bakery,Budapest_1
2137,1931.658591,0.9617857142857142,28.0,1.0,0.9617857142857142,False,73.82,0.0382,LOW,Apple_61,Fruit and vegetable,Prague_3
4489,2612.983426,0.9717857142857144,28.0,0.0,0.9717857142857144,False,73.72,0.0282,LOW,Herb_18,Fruit and vegetable,Prague_2
5038,792.680393,0.9074074074074074,27.0,2.0,0.9074074074074074,False,73.4,0.0926,MEDIUM,Pastry_187,Bakery,Prague_1
2043,442.507537,0.8341176470588236,17.0,2.0,0.8341176470588236,False,73.4,0.1659,HIGH,Bagel_5,Bakery,Prague_1
2939,1261.868289,0.9418518518518518,27.0,2.0,0.9418518518518518,False,73.38,0.0582,MEDIUM,Chicken_61,Meat and fish,Brno_1
644,1465.1213539999999,0.9500000000000001,27.0,1.0,0.9500000000000001,False,73.26,0.05,MEDIUM,Croissant_5,Bakery,Munich_1
958,1392.832731,0.9475,28.0,2.0,0.9475,False,73.12,0.0525,MEDIUM,Broccoli_2,Fruit and vegetable,Prague_1
1830,3653.442859,0.9800000000000001,28.0,0.0,0.9800000000000001,False,73.07,0.02,LOW,Lettuce_19,Fruit and vegetable,Budapest_1
510,989.427224,0.9261538461538462,26.0,1.0,0.9261538461538462,False,73.07,0.0739,MEDIUM,Bell pepper_0,Fruit and vegetable,Prague_1
4063,531.3856978,0.8624999999999999,28.0,4.0,0.8624999999999999,False,73.07,0.1375,HIGH,Bread_167,Bakery,Prague_2
1299,635.327744,0.885,28.0,1.0,0.885,False,73.06,0.115,HIGH,Pastry_56,Bakery,Prague_3
4048,1293.501335,0.9435714285714286,28.0,3.0,0.9435714285714286,False,72.99,0.0564,MEDIUM,Bread_166,Bakery,Munich_1
5184,796.364201,0.9085185185185186,27.0,2.0,0.9085185185185186,False,72.85,0.0915,MEDIUM,Chicken_98,Meat and fish,Prague_1
3960,2056.971225,0.9646428571428572,28.0,1.0,0.9646428571428572,False,72.73,0.0354,LOW,Bread_159,Bakery,Budapest_1
5022,967.099182,0.9249999999999999,28.0,2.0,0.9249999999999999,False,72.53,0.075,MEDIUM,Chive_3,Fruit and vegetable,Brno_1
5004,1625.107647,0.9554166666666667,24.0,0.0,0.9554166666666667,False,72.45,0.0446,LOW,Avocado_14,Fruit and vegetable,Prague_3
2029,293.617087,0.754642857142857,28.0,3.0,0.754642857142857,False,72.04,0.2454,HIGH,Pastry_86,Bakery,Prague_2
685,285.0358055,0.7473913043478262,23.0,7.0,0.7473913043478262,False,72.0,0.2526,HIGH,Chicken_18,Meat and fish,Budapest_1
892,1134.664747,0.9367857142857143,28.0,1.0,0.9367857142857143,False,71.73,0.0632,MEDIUM,Grain_0,Bakery,Munich_1
5195,1193.3175039999999,0.9400000000000001,28.0,2.0,0.9400000000000001,False,71.6,0.06,MEDIUM,Kohlrabi_12,Fruit and vegetable,Frankfurt_1
1028,532.754943,0.8657894736842104,19.0,2.0,0.8657894736842104,False,71.5,0.1342,HIGH,Orange_5,Fruit and vegetable,Prague_3
3349,692.465386,0.8967857142857143,28.0,2.0,0.8967857142857143,False,71.47,0.1032,HIGH,Bread_132,Bakery,Munich_1
4542,3118.253285,0.9771428571428572,28.0,0.0,0.9771428571428572,False,71.27,0.0229,LOW,Bread_190,Bakery,Brno_1
2104,1797.54137,0.9604,25.0,1.0,0.9604,False,71.18,0.0396,LOW,Cucumber_16,Fruit and vegetable,Budapest_1
5099,884.921465,0.9196296296296297,27.0,2.0,0.9196296296296297,False,71.12,0.0804,MEDIUM,Chicken_95,Meat and fish,Budapest_1
2319,1773.912315,0.9600000000000001,27.0,0.0,0.9600000000000001,False,70.96,0.04,LOW,Eggplant_4,Fruit and vegetable,Prague_3
164,645.0375,0.8899999999999999,28.0,0.0,0.8899999999999999,False,70.95,0.11,HIGH,Pastry_5,Bakery,Prague_2
3688,1576.154376,0.955,28.0,1.0,0.955,False,70.93,0.045,LOW,Tomato_81,Fruit and vegetable,Munich_1
811,553.8141880000001,0.872,25.0,1.0,0.872,False,70.89,0.128,HIGH,Apple_19,Fruit and vegetable,Prague_2
4544,1503.250417,0.9528571428571427,28.0,1.0,0.9528571428571427,False,70.87,0.0471,LOW,Bread_190,Bakery,Prague_3
2232,1180.5013979999999,0.9400000000000001,28.0,2.0,0.9400000000000001,False,70.83,0.06,MEDIUM,Mushroom_8,Fruit and vegetable,Prague_2
67,853.788993,0.9171428571428571,28.0,0.0,0.9171428571428571,False,70.74,0.0829,MEDIUM,Pastry_1,Bakery,Prague_1
740,784.59123,0.9099999999999999,28.0,1.0,0.9099999999999999,False,70.61,0.09,MEDIUM,Chicken_19,Meat and fish,Budapest_1
523,1057.792325,0.9333333333333331,27.0,1.0,0.9333333333333331,False,70.52,0.0667,MEDIUM,Vegetable_1,Fruit and vegetable,Munich_1
924,1776.939601,0.9603571428571429,28.0,1.0,0.9603571428571429,False,70.44,0.0396,LOW,Chicken_21,Meat and fish,Prague_1
3705,644.0586529999999,0.8907692307692308,26.0,1.0,0.8907692307692308,False,70.35,0.1092,HIGH,Tomato_82,Fruit and vegetable,Budapest_1
4356,157.6487343,0.5539130434782608,23.0,9.0,0.5539130434782608,False,70.33,0.4461,HIGH,Toust_31,Bakery,Prague_3
3059,427.7996535,0.8357142857142854,28.0,1.0,0.8357142857142854,False,70.28,0.1643,HIGH,Bread_118,Bakery,Prague_3
1957,1490.085761,0.952962962962963,27.0,0.0,0.952962962962963,False,70.09,0.047,LOW,Bread_79,Bakery,Munich_1
3828,4291.453167,0.9836842105263157,19.0,0.0,0.9836842105263157,False,70.02,0.0163,LOW,Blueberry_29,Fruit and vegetable,Munich_1
5034,1045.76483,0.9330769230769231,26.0,1.0,0.9330769230769231,False,69.99,0.0669,MEDIUM,Physalis_2,Fruit and vegetable,Prague_3
1773,624.376137,0.888076923076923,26.0,2.0,0.888076923076923,False,69.88,0.1119,HIGH,Pastry_74,Bakery,Prague_2
3374,858.285453,0.9187500000000001,24.0,1.0,0.9187500000000001,False,69.74,0.0813,MEDIUM,Bell Pepper_13,Fruit and vegetable,Munich_1
3430,542.013027,0.8715384615384616,26.0,3.0,0.8715384615384616,False,69.63,0.1285,HIGH,Potato_55,Fruit and vegetable,Frankfurt_1
5231,2745.286576,0.9746428571428571,28.0,0.0,0.9746428571428571,False,69.61,0.0254,LOW,Pepper_30,Fruit and vegetable,Prague_3
4533,1923.076645,0.9638461538461538,26.0,1.0,0.9638461538461538,False,69.53,0.0362,LOW,Parsley_11,Fruit and vegetable,Prague_1
3750,721.458078,0.9039285714285714,28.0,1.0,0.9039285714285714,False,69.31,0.0961,MEDIUM,Pappudia_0,Fruit and vegetable,Brno_1
4374,1004.761436,0.9311111111111112,27.0,1.0,0.9311111111111112,False,69.22,0.0689,MEDIUM,Pretzel_13,Bakery,Budapest_1
81,3226.242573,0.9785714285714286,28.0,0.0,0.9785714285714286,False,69.13,0.0214,LOW,Onion_1,Fruit and vegetable,Frankfurt_1
529,194.0222255,0.6438461538461537,26.0,10.0,0.6438461538461537,False,69.1,0.3561,HIGH,Beef_1,Meat and fish,Prague_3
1237,479.37933,0.8560000000000001,20.0,2.0,0.8560000000000001,False,69.03,0.144,HIGH,Apple_29,Fruit and vegetable,Frankfurt_1
3198,580.182908,0.8810714285714286,28.0,3.0,0.8810714285714286,False,69.0,0.1189,HIGH,Coriander_6,Fruit and vegetable,Prague_3
2667,5519.30459,0.9874999999999999,28.0,0.0,0.9874999999999999,False,68.99,0.0125,LOW,Potato_43,Fruit and vegetable,Prague_2
4195,321.364686,0.7864285714285714,28.0,5.0,0.7864285714285714,False,68.63,0.2136,HIGH,Pastry_153,Bakery,Prague_1
3883,494.804266,0.8614285714285712,21.0,2.0,0.8614285714285712,False,68.57,0.1386,HIGH,Chicken_71,Meat and fish,Prague_1
2982,1003.243782,0.9317857142857143,28.0,1.0,0.9317857142857143,False,68.44,0.0682,MEDIUM,Mushroom_15,Fruit and vegetable,Brno_1
2277,7983.08603,0.9914285714285713,28.0,0.0,0.9914285714285713,False,68.43,0.0086,LOW,Tomato_47,Fruit and vegetable,Prague_3
2554,411.7199218,0.8339285714285715,28.0,5.0,0.8339285714285715,False,68.37,0.1661,HIGH,Baguette_20,Bakery,Prague_1
626,3036.621234,0.9775,28.0,0.0,0.9775,False,68.32,0.0225,LOW,Radish_3,Fruit and vegetable,Prague_3
4355,841.736691,0.9188888888888889,27.0,1.0,0.9188888888888889,False,68.27,0.0811,MEDIUM,Herb_16,Fruit and vegetable,Brno_1
3823,705.041793,0.9032142857142856,28.0,2.0,0.9032142857142856,False,68.24,0.0968,MEDIUM,Celery_13,Fruit and vegetable,Prague_2
2293,1118.5884315,0.9392307692307693,26.0,1.0,0.9392307692307693,False,67.98,0.0608,MEDIUM,Pizza_0,Bakery,Munich_1
3134,533.650751,0.8728,25.0,3.0,0.8728,False,67.88,0.1272,HIGH,Cauliflower_6,Fruit and vegetable,Frankfurt_1
4580,439.6307065,0.8455999999999999,25.0,4.0,0.8455999999999999,False,67.88,0.1544,HIGH,Mango_9,Fruit and vegetable,Prague_2
623,800.79541,0.9153571428571429,28.0,1.0,0.9153571428571429,False,67.78,0.0846,MEDIUM,Pastry_26,Bakery,Prague_1
2956,1162.326438,0.9417857142857143,28.0,0.0,0.9417857142857143,False,67.66,0.0582,MEDIUM,Potato_49,Fruit and vegetable,Prague_1
2081,345.6044467,0.8046428571428571,28.0,4.0,0.8046428571428571,False,67.52,0.1954,HIGH,Baguette_14,Bakery,Prague_1
1428,355.317406,0.81,13.0,1.0,0.81,False,67.51,0.19,HIGH,Chicken_29,Meat and fish,Prague_3
3299,761.444375,0.9114285714285714,28.0,3.0,0.9114285714285714,False,67.44,0.0886,MEDIUM,Chicken_66,Meat and fish,Prague_2
1759,354.833915,0.81,1.0,0.0,0.81,False,67.42,0.19,HIGH,Flower_6,Fruit and vegetable,Budapest_1
3197,594.821443,0.8867999999999999,25.0,3.0,0.8867999999999999,False,67.33,0.1132,HIGH,Coriander_6,Fruit and vegetable,Brno_1
4602,1892.844548,0.9644444444444444,27.0,0.0,0.9644444444444444,False,67.3,0.0356,LOW,Mushroom_25,Fruit and vegetable,Brno_1
1502,433.1782,0.8447826086956521,23.0,3.0,0.8447826086956521,False,67.24,0.1552,HIGH,Chicken_32,Meat and fish,Budapest_1
1591,495.614862,0.8646153846153848,26.0,2.0,0.8646153846153848,False,67.1,0.1354,HIGH,Berry_4,Fruit and vegetable,Prague_2
3110,2320.381906,0.971111111111111,27.0,0.0,0.971111111111111,False,67.03,0.0289,LOW,Orange_17,Fruit and vegetable,Munich_1
273,1563.782785,0.9571428571428572,28.0,0.0,0.9571428571428572,False,67.02,0.0429,LOW,Mix meat_0,Meat and fish,Prague_2
1157,1299.145119,0.9485714285714286,28.0,2.0,0.9485714285714286,False,66.81,0.0514,MEDIUM,Tortilla_3,Bakery,Prague_2
4447,1581.353634,0.9577777777777777,27.0,1.0,0.9577777777777777,False,66.77,0.0422,LOW,Chicken_86,Meat and fish,Prague_2
1924,1094.586785,0.9392592592592592,27.0,2.0,0.9392592592592592,False,66.49,0.0607,MEDIUM,Carrot_16,Fruit and vegetable,Budapest_1
4541,3507.684038,0.9810714285714285,28.0,0.0,0.9810714285714285,False,66.4,0.0189,LOW,Bread_190,Bakery,Prague_1
1732,590.169998,0.8875000000000001,28.0,2.0,0.8875000000000001,False,66.39,0.1125,HIGH,Pastry_71,Bakery,Budapest_1
2223,1622.397635,0.9592857142857143,28.0,0.0,0.9592857142857143,False,66.05,0.0407,LOW,Beef_11,Meat and fish,Budapest_1
3567,2883.417685,0.9771428571428571,28.0,0.0,0.9771428571428571,False,65.91,0.0229,LOW,Basil_3,Fruit and vegetable,Munich_1
2003,615.519623,0.8929166666666665,24.0,2.0,0.8929166666666665,False,65.91,0.1071,HIGH,Kiwi_11,Fruit and vegetable,Prague_1
2736,1112.630845,0.9411538461538461,26.0,1.0,0.9411538461538461,False,65.47,0.0588,MEDIUM,Rice Cake_2,Bakery,Brno_1
2769,925.264755,0.9292857142857143,28.0,2.0,0.9292857142857143,False,65.43,0.0707,MEDIUM,Lemon_8,Fruit and vegetable,Frankfurt_1
3009,1464.312678,0.9553571428571429,28.0,0.0,0.9553571428571429,False,65.37,0.0446,LOW,Watermelon_16,Fruit and vegetable,Prague_2
1434,2028.482339,0.9677777777777777,27.0,1.0,0.9677777777777777,False,65.36,0.0322,LOW,Orange_8,Fruit and vegetable,Prague_3
4655,1094.345931,0.9404,25.0,1.0,0.9404,False,65.22,0.0596,MEDIUM,Mint_2,Fruit and vegetable,Frankfurt_1
4294,656.775069,0.9007999999999999,25.0,2.0,0.9007999999999999,False,65.15,0.0992,MEDIUM,Chicken_78,Meat and fish,Prague_2
4648,3141.920736,0.9792857142857142,28.0,0.0,0.9792857142857142,False,65.08,0.0207,LOW,Avocado_12,Fruit and vegetable,Budapest_1
3829,513.25125,0.8733333333333334,6.0,1.0,0.8733333333333334,False,65.01,0.1267,HIGH,Bell Pepper_15,Fruit and vegetable,Budapest_1
4970,689.315392,0.9059999999999999,20.0,1.0,0.9059999999999999,False,64.8,0.094,MEDIUM,Cabbage_22,Fruit and vegetable,Brno_1
2121,1161.6614975,0.9442857142857143,28.0,1.0,0.9442857142857143,False,64.72,0.0557,MEDIUM,Sweet Potato_5,Fruit and vegetable,Prague_1
342,1487.626825,0.9565217391304349,23.0,0.0,0.9565217391304349,False,64.68,0.0435,LOW,Carrot_2,Fruit and vegetable,Prague_2
2360,860.172966,0.9248148148148148,27.0,3.0,0.9248148148148148,False,64.67,0.0752,MEDIUM,Pastry_103,Bakery,Munich_1
4385,915.394261,0.9296428571428571,28.0,2.0,0.9296428571428571,False,64.4,0.0704,MEDIUM,Chicken_83,Meat and fish,Munich_1
9,1193.265715,0.9460714285714286,28.0,0.0,0.9460714285714286,False,64.35,0.0539,MEDIUM,Pastry_0,Bakery,Prague_1
5237,424.4333625,0.8488888888888888,27.0,5.0,0.8488888888888888,False,64.14,0.1511,HIGH,Chicken_99,Meat and fish,Prague_1
751,1135.921645,0.9435714285714286,28.0,0.0,0.9435714285714286,False,64.1,0.0564,MEDIUM,Pastry_34,Bakery,Prague_1
5317,1380.134689,0.9535714285714284,28.0,1.0,0.9535714285714284,False,64.08,0.0464,LOW,Parsley_13,Fruit and vegetable,Brno_1
3445,1046.755102,0.9388461538461537,26.0,0.0,0.9388461538461537,False,64.01,0.0612,MEDIUM,Salad_38,Fruit and vegetable,Munich_1
1460,326.6605525,0.8040740740740739,27.0,4.0,0.8040740740740739,False,64.0,0.1959,HIGH,Tomato_30,Fruit and vegetable,Prague_3
2974,2106.725058,0.9696296296296297,27.0,1.0,0.9696296296296297,False,63.98,0.0304,LOW,Bread_115,Bakery,Frankfurt_1
1826,1356.991898,0.9528571428571427,28.0,0.0,0.9528571428571427,False,63.97,0.0471,LOW,Sprout_2,Fruit and vegetable,Prague_1
939,1201.85611,0.9468000000000001,25.0,1.0,0.9468000000000001,False,63.94,0.0532,MEDIUM,Pork_9,Meat and fish,Brno_1
3892,1079.042994,0.9407407407407407,27.0,0.0,0.9407407407407407,False,63.94,0.0593,MEDIUM,Potato_61,Fruit and vegetable,Prague_2
2515,481.612588,0.8673913043478262,23.0,2.0,0.8673913043478262,False,63.87,0.1326,HIGH,Mushroom_11,Fruit and vegetable,Prague_3
4434,2916.339333,0.9781481481481481,27.0,0.0,0.9781481481481481,False,63.73,0.0219,LOW,Mix meat_5,Meat and fish,Prague_1
5198,455.092675,0.86,9.0,1.0,0.86,False,63.71,0.14,HIGH,Salad_60,Fruit and vegetable,Munich_1
4292,566.62688,0.8876000000000001,25.0,3.0,0.8876000000000001,False,63.69,0.1124,HIGH,Chicken_78,Meat and fish,Prague_3
2878,1210.222599,0.9474074074074075,27.0,1.0,0.9474074074074075,False,63.65,0.0526,MEDIUM,Herb_10,Fruit and vegetable,Brno_1
637,2024.5469679999999,0.9685714285714286,28.0,1.0,0.9685714285714286,False,63.63,0.0314,LOW,Chicken_17,Meat and fish,Prague_2
3454,267.4272908,0.762142857142857,28.0,7.0,0.762142857142857,False,63.61,0.2379,HIGH,Roll_33,Bakery,Prague_3
724,8092.92273,0.9921428571428571,28.0,0.0,0.9921428571428571,False,63.59,0.0079,LOW,Potato_10,Fruit and vegetable,Budapest_1
683,3122.1619769999998,0.9796428571428571,28.0,0.0,0.9796428571428571,False,63.56,0.0204,LOW,Onion_4,Fruit and vegetable,Budapest_1
3324,431.299058,0.8526923076923076,26.0,3.0,0.8526923076923076,False,63.53,0.1473,HIGH,Cucumber_24,Fruit and vegetable,Prague_3
4945,457.130551,0.8611538461538462,26.0,3.0,0.8611538461538462,False,63.47,0.1388,HIGH,Herb_19,Fruit and vegetable,Prague_1
1589,484.902972,0.8692,25.0,3.0,0.8692,False,63.43,0.1308,HIGH,Berry_4,Fruit and vegetable,Brno_1
587,2426.07458,0.9739285714285714,28.0,1.0,0.9739285714285714,False,63.25,0.0261,LOW,Parsley_2,Fruit and vegetable,Prague_2
4041,1302.002814,0.9514285714285713,28.0,1.0,0.9514285714285713,False,63.24,0.0486,LOW,Leek_6,Fruit and vegetable,Munich_1
2949,3761.046717,0.9832142857142857,28.0,0.0,0.9832142857142857,False,63.13,0.0168,LOW,Chicken_62,Meat and fish,Brno_1
3970,1124.993343,0.9439285714285715,28.0,2.0,0.9439285714285715,False,63.08,0.0561,MEDIUM,Mushroom_23,Fruit and vegetable,Budapest_1
2894,1181.389514,0.9467857142857145,28.0,1.0,0.9467857142857145,False,62.87,0.0532,MEDIUM,Chicken_60,Meat and fish,Prague_3
926,897.600518,0.9299999999999999,27.0,2.0,0.9299999999999999,False,62.83,0.07,MEDIUM,Chicken_21,Meat and fish,Prague_2
781,1440.780273,0.9564285714285716,28.0,0.0,0.9564285714285716,False,62.78,0.0436,LOW,Baguette_6,Bakery,Prague_3
1831,630.551717,0.9007142857142858,28.0,1.0,0.9007142857142858,False,62.6,0.0993,MEDIUM,Melon_6,Fruit and vegetable,Brno_1
2541,669.554421,0.9065217391304349,23.0,1.0,0.9065217391304349,False,62.59,0.0935,MEDIUM,Mushroom_12,Fruit and vegetable,Prague_3
2433,7744.47695,0.9919230769230769,26.0,0.0,0.9919230769230769,False,62.55,0.0081,LOW,Apple_69,Fruit and vegetable,Prague_1
4909,2388.485696,0.9738461538461538,26.0,0.0,0.9738461538461538,False,62.47,0.0262,LOW,Donut_36,Bakery,Budapest_1
1113,2025.846311,0.9692000000000001,25.0,0.0,0.9692000000000001,False,62.4,0.0308,LOW,Croissant_8,Bakery,Munich_1
1174,8318.95226,0.9924999999999999,28.0,0.0,0.9924999999999999,False,62.39,0.0075,LOW,Bell Pepper_5,Fruit and vegetable,Prague_1
3562,2769.581988,0.9774999999999999,28.0,0.0,0.9774999999999999,False,62.32,0.0225,LOW,Mushroom_19,Fruit and vegetable,Budapest_1
190,927.572495,0.9328571428571429,7.0,0.0,0.9328571428571429,False,62.28,0.0671,MEDIUM,Apple_4,Fruit and vegetable,Frankfurt_1
2118,1412.526926,0.9559259259259258,27.0,1.0,0.9559259259259258,False,62.26,0.0441,LOW,Sweet Potato_5,Fruit and vegetable,Brno_1
3218,827.792215,0.9248000000000001,25.0,1.0,0.9248000000000001,False,62.25,0.0752,MEDIUM,Bread_125,Bakery,Munich_1
4797,1173.890019,0.9471428571428572,28.0,1.0,0.9471428571428572,False,62.05,0.0529,MEDIUM,Radish_16,Fruit and vegetable,Brno_1
2096,2016.937202,0.9692857142857143,28.0,1.0,0.9692857142857143,False,61.95,0.0307,LOW,Chicken_46,Meat and fish,Budapest_1
2685,699.722214,0.9115384615384616,26.0,1.0,0.9115384615384616,False,61.9,0.0885,MEDIUM,Salad_29,Fruit and vegetable,Brno_1
961,684.883968,0.9096428571428571,28.0,3.0,0.9096428571428571,False,61.88,0.0904,MEDIUM,Broccoli_2,Fruit and vegetable,Prague_3
3706,383.2566775,0.8385714285714286,28.0,5.0,0.8385714285714286,False,61.87,0.1614,HIGH,Chicory_0,Fruit and vegetable,Prague_3
402,2277.947128,0.972857142857143,28.0,0.0,0.972857142857143,False,61.83,0.0271,LOW,Parsley_0,Fruit and vegetable,Prague_1
4311,3326.6164989999997,0.9814285714285714,28.0,0.0,0.9814285714285714,False,61.78,0.0186,LOW,Chicken_80,Meat and fish,Prague_3
1107,511.539314,0.8792857142857143,28.0,1.0,0.8792857142857143,False,61.75,0.1207,HIGH,Pastry_46,Bakery,Prague_2
470,1137.2882,0.9457142857142858,28.0,2.0,0.9457142857142858,False,61.74,0.0543,MEDIUM,Bread_14,Bakery,Brno_1
950,975.66958,0.9369230769230767,26.0,2.0,0.9369230769230767,False,61.54,0.0631,MEDIUM,Blueberry_5,Fruit and vegetable,Frankfurt_1
2336,897.425388,0.9314285714285714,28.0,1.0,0.9314285714285714,False,61.54,0.0686,MEDIUM,Pastry_98,Bakery,Brno_1
2509,365.2297515,0.8315384615384616,26.0,4.0,0.8315384615384616,False,61.53,0.1685,HIGH,Beef_12,Meat and fish,Brno_1
5276,9569.13421,0.9935714285714285,28.0,0.0,0.9935714285714285,False,61.52,0.0064,LOW,Onion_51,Fruit and vegetable,Prague_3
3542,13228.96216,0.9953571428571427,28.0,0.0,0.9953571428571427,False,61.42,0.0046,LOW,Apple_96,Fruit and vegetable,Prague_1
3387,893.453461,0.9314285714285714,28.0,1.0,0.9314285714285714,False,61.27,0.0686,MEDIUM,Pork_23,Meat and fish,Brno_1
2350,427.195573,0.8567857142857145,28.0,1.0,0.8567857142857145,False,61.18,0.1432,HIGH,Pastry_101,Bakery,Prague_2
469,877.872325,0.9303846153846153,26.0,1.0,0.9303846153846153,False,61.11,0.0696,MEDIUM,Physalis_0,Fruit and vegetable,Frankfurt_1
4861,1405.399413,0.9566666666666666,27.0,0.0,0.9566666666666666,False,60.9,0.0433,LOW,Celery_16,Fruit and vegetable,Prague_1
624,6815.320678,0.9910714285714286,28.0,0.0,0.9910714285714286,False,60.85,0.0089,LOW,Radish_3,Fruit and vegetable,Brno_1
3512,505.104952,0.88,8.0,1.0,0.88,False,60.61,0.12,HIGH,Bagel_8,Bakery,Brno_1
1511,653.43379,0.9072727272727273,22.0,2.0,0.9072727272727273,False,60.59,0.0927,MEDIUM,Pea_1,Fruit and vegetable,Munich_1
1912,1132.925272,0.9465384615384617,26.0,1.0,0.9465384615384617,False,60.57,0.0535,MEDIUM,Beef_9,Meat and fish,Brno_1
2914,518.6165135,0.8832142857142858,28.0,3.0,0.8832142857142858,False,60.57,0.1168,HIGH,Beef_15,Meat and fish,Budapest_1
4340,615.884697,0.9016666666666667,18.0,2.0,0.9016666666666667,False,60.56,0.0983,MEDIUM,Bagel_10,Bakery,Prague_2
965,570.2850615,0.8938461538461541,26.0,2.0,0.8938461538461541,False,60.54,0.1062,HIGH,Beef_5,Meat and fish,Prague_2
3861,379.98581,0.8409090909090907,22.0,3.0,0.8409090909090907,False,60.45,0.1591,HIGH,Grapefruit_5,Fruit and vegetable,Prague_1
2494,5639.73823,0.9892857142857142,28.0,0.0,0.9892857142857142,False,60.43,0.0107,LOW,Salad_26,Fruit and vegetable,Prague_1
1821,798.428937,0.9246153846153846,26.0,2.0,0.9246153846153846,False,60.19,0.0754,MEDIUM,Herb_6,Fruit and vegetable,Frankfurt_1
3380,635.590768,0.9053571428571429,28.0,1.0,0.9053571428571429,False,60.15,0.0946,MEDIUM,Bread_133,Bakery,Prague_2
3182,3657.587258,0.9835714285714285,28.0,0.0,0.9835714285714285,False,60.09,0.0164,LOW,Mint_1,Fruit and vegetable,Munich_1
5261,571.883031,0.895,8.0,1.0,0.895,False,60.05,0.105,HIGH,Flower_12,Fruit and vegetable,Budapest_1
1058,1750.269882,0.9657142857142856,28.0,1.0,0.9657142857142856,False,60.01,0.0343,LOW,Broccoli_4,Fruit and vegetable,Frankfurt_1
4971,933.164717,0.9357142857142857,28.0,1.0,0.9357142857142857,False,59.99,0.0643,MEDIUM,Cabbage_22,Fruit and vegetable,Prague_1
883,634.779265,0.9055555555555556,27.0,2.0,0.9055555555555556,False,59.95,0.0944,MEDIUM,Bread_35,Bakery,Budapest_1
3062,568.014175,0.8946428571428572,28.0,3.0,0.8946428571428572,False,59.84,0.1053,HIGH,Pepper_17,Fruit and vegetable,Prague_2
5016,420.1620645,0.8577777777777778,27.0,5.0,0.8577777777777778,False,59.76,0.1422,HIGH,Turkey_14,Meat and fish,Prague_3
1038,446.622471,0.8669565217391305,23.0,2.0,0.8669565217391305,False,59.42,0.133,HIGH,Pork_10,Meat and fish,Budapest_1
3819,561.91869,0.8942857142857142,7.0,1.0,0.8942857142857142,False,59.4,0.1057,HIGH,Lettuce_33,Fruit and vegetable,Munich_1
2058,864.314325,0.9314814814814815,27.0,2.0,0.9314814814814815,False,59.22,0.0685,MEDIUM,Pepper_12,Fruit and vegetable,Frankfurt_1
4795,781.1894159999999,0.9242307692307693,26.0,0.0,0.9242307692307693,False,59.19,0.0758,MEDIUM,Radish_16,Fruit and vegetable,Prague_2
4910,1006.045252,0.9411764705882353,17.0,1.0,0.9411764705882353,False,59.18,0.0588,MEDIUM,Lettuce_39,Fruit and vegetable,Munich_1
145,802.855518,0.9262962962962964,27.0,1.0,0.9262962962962964,False,59.17,0.0737,MEDIUM,Beef_0,Meat and fish,Budapest_1
662,2043.430329,0.9710714285714286,28.0,0.0,0.9710714285714286,False,59.11,0.0289,LOW,Pepperoni_0,Fruit and vegetable,Budapest_1
4605,835.817215,0.9292857142857143,28.0,1.0,0.9292857142857143,False,59.1,0.0707,MEDIUM,Chicken_88,Meat and fish,Prague_3
2233,1073.326966,0.9450000000000001,28.0,0.0,0.9450000000000001,False,59.03,0.055,MEDIUM,Mushroom_8,Fruit and vegetable,Prague_3
3872,5899.22043,0.99,28.0,0.0,0.99,False,58.99,0.01,LOW,Avocado_7,Fruit and vegetable,Prague_2
4798,474.031969,0.8758333333333335,24.0,2.0,0.8758333333333335,False,58.86,0.1242,HIGH,Snack_10,Fruit and vegetable,Munich_1
2226,480.027116,0.8776,25.0,3.0,0.8776,False,58.76,0.1224,HIGH,Corn_3,Fruit and vegetable,Brno_1
3689,733.207416,0.9199999999999999,26.0,1.0,0.9199999999999999,False,58.66,0.08,MEDIUM,Tomato_81,Fruit and vegetable,Frankfurt_1
2754,3007.61731,0.9804999999999999,20.0,0.0,0.9804999999999999,False,58.65,0.0195,LOW,Apple_78,Fruit and vegetable,Munich_1
5298,781.380482,0.9249999999999999,28.0,3.0,0.9249999999999999,False,58.6,0.075,MEDIUM,Pastry_198,Bakery,Frankfurt_1
340,1342.14125,0.9565217391304348,23.0,0.0,0.9565217391304348,False,58.35,0.0435,LOW,Carrot_2,Fruit and vegetable,Prague_3
2473,1729.431203,0.9662962962962963,27.0,0.0,0.9662962962962963,False,58.29,0.0337,LOW,Spinach_5,Fruit and vegetable,Frankfurt_1
5142,1069.347251,0.9455555555555556,27.0,1.0,0.9455555555555556,False,58.22,0.0544,MEDIUM,Shrimp_0,Meat and fish,Prague_2
4995,3492.531181,0.9833333333333333,27.0,0.0,0.9833333333333333,False,58.21,0.0167,LOW,Orange_29,Fruit and vegetable,Prague_1
2089,689.727743,0.9157142857142856,28.0,0.0,0.9157142857142856,False,58.13,0.0843,MEDIUM,Cabbage_6,Fruit and vegetable,Brno_1
4668,1572.729427,0.963076923076923,26.0,0.0,0.963076923076923,False,58.07,0.0369,LOW,Pear_33,Fruit and vegetable,Budapest_1
4984,476.33288500000003,0.8781481481481482,27.0,4.0,0.8781481481481482,False,58.04,0.1218,HIGH,Salad_58,Fruit and vegetable,Frankfurt_1
3607,1144.344587,0.9492857142857142,14.0,0.0,0.9492857142857142,False,58.03,0.0507,MEDIUM,Salad_40,Fruit and vegetable,Budapest_1
2591,721.069784,0.9195454545454546,22.0,2.0,0.9195454545454546,False,58.01,0.0804,MEDIUM,Tomato_54,Fruit and vegetable,Brno_1
2131,1336.215953,0.9567857142857144,28.0,1.0,0.9567857142857144,False,57.74,0.0432,LOW,Croissant_15,Bakery,Prague_2
124,509.681985,0.8871428571428571,28.0,1.0,0.8871428571428571,False,57.52,0.1129,HIGH,Chicken_4,Meat and fish,Prague_1
2416,994.485444,0.942222222222222,27.0,0.0,0.942222222222222,False,57.46,0.0578,MEDIUM,Bread_90,Bakery,Budapest_1
1506,522.158502,0.8900000000000001,24.0,1.0,0.8900000000000001,False,57.44,0.11,HIGH,Bread_62,Bakery,Prague_2
2027,386.30343422,0.8518518518518517,27.0,5.0,0.8518518518518517,False,57.23,0.1481,HIGH,Bread_83,Bakery,Budapest_1
4582,1554.6170690000001,0.9632142857142857,28.0,0.0,0.9632142857142857,False,57.19,0.0368,LOW,Bean_2,Fruit and vegetable,Brno_1
2855,2105.338272,0.972857142857143,28.0,1.0,0.972857142857143,False,57.14,0.0271,LOW,Mushroom_13,Fruit and vegetable,Budapest_1
3902,1520.776998,0.9625000000000001,28.0,1.0,0.9625000000000001,False,57.03,0.0375,LOW,Melon_11,Fruit and vegetable,Brno_1
4430,1994.745339,0.9714285714285713,28.0,1.0,0.9714285714285713,False,56.99,0.0286,LOW,Broccoli_9,Fruit and vegetable,Prague_2
1047,611.246624,0.9071428571428571,28.0,1.0,0.9071428571428571,False,56.76,0.0929,MEDIUM,Pastry_45,Bakery,Prague_1
2979,691.758061,0.9182142857142858,28.0,2.0,0.9182142857142858,False,56.58,0.0818,MEDIUM,Mushroom_15,Fruit and vegetable,Prague_2
274,3099.29328,0.9817857142857144,28.0,0.0,0.9817857142857144,False,56.45,0.0182,LOW,Mix meat_0,Meat and fish,Prague_1
3510,452.803519,0.8757142857142858,21.0,3.0,0.8757142857142858,False,56.28,0.1243,HIGH,Bagel_8,Bakery,Prague_2
1975,436.49335,0.8711111111111111,27.0,3.0,0.8711111111111111,False,56.26,0.1289,HIGH,Pork_18,Meat and fish,Budapest_1
365,601.4679485,0.9065384615384615,26.0,1.0,0.9065384615384615,False,56.21,0.0935,MEDIUM,Lettuce_5,Fruit and vegetable,Frankfurt_1
3647,934.683292,0.9400000000000002,28.0,1.0,0.9400000000000002,False,56.08,0.06,MEDIUM,Tomato_79,Fruit and vegetable,Prague_3
4560,580.314842,0.9039285714285714,28.0,2.0,0.9039285714285714,False,55.75,0.0961,MEDIUM,Beef_26,Meat and fish,Prague_2
1546,731.924693,0.9242857142857144,28.0,1.0,0.9242857142857144,False,55.42,0.0757,MEDIUM,Pomegranate_0,Fruit and vegetable,Brno_1
4097,413.666116,0.8664285714285714,28.0,0.0,0.8664285714285714,False,55.25,0.1336,HIGH,Bread_169,Bakery,Prague_3
4353,1332.598752,0.9585714285714285,28.0,0.0,0.9585714285714285,False,55.21,0.0414,LOW,Herb_16,Fruit and vegetable,Prague_1
5185,563.826005,0.9022222222222221,27.0,2.0,0.9022222222222221,False,55.13,0.0978,MEDIUM,Chicken_98,Meat and fish,Prague_2
406,669.112436,0.9178571428571429,28.0,2.0,0.9178571428571429,False,54.96,0.0821,MEDIUM,Chicken_11,Meat and fish,Prague_1
1911,802.2097249999999,0.9315384615384616,26.0,0.0,0.9315384615384616,False,54.92,0.0685,MEDIUM,Beef_9,Meat and fish,Prague_3
3305,451.50574,0.8785714285714284,28.0,0.0,0.8785714285714284,False,54.83,0.1214,HIGH,Bread_129,Bakery,Prague_2
1667,2290.2563450000002,0.9760714285714286,28.0,0.0,0.9760714285714286,False,54.8,0.0239,LOW,Garlic_4,Fruit and vegetable,Prague_2
1147,335.3023495,0.8374074074074073,27.0,2.0,0.8374074074074073,False,54.52,0.1626,HIGH,Bread_46,Bakery,Budapest_1
613,25406.98757,0.9978571428571428,28.0,0.0,0.9978571428571428,False,54.44,0.0021,LOW,Cucumber_8,Fruit and vegetable,Munich_1
1288,601.795785,0.9096428571428571,28.0,1.0,0.9096428571428571,False,54.38,0.0904,MEDIUM,Bread_54,Bakery,Prague_3
4917,310.0479265,0.8246428571428571,28.0,3.0,0.8246428571428571,False,54.37,0.1754,HIGH,Bread_209,Bakery,Prague_3
4419,644.5439505,0.9157142857142857,28.0,1.0,0.9157142857142857,False,54.33,0.0843,MEDIUM,Pork_30,Meat and fish,Budapest_1
4532,1032.644766,0.9474074074074075,27.0,1.0,0.9474074074074075,False,54.31,0.0526,MEDIUM,Parsley_11,Fruit and vegetable,Prague_3
4274,229.20004360000001,0.7631999999999999,25.0,6.0,0.7631999999999999,False,54.27,0.2368,HIGH,Herb_15,Fruit and vegetable,Brno_1
1352,966.458882,0.9439285714285715,28.0,1.0,0.9439285714285715,False,54.19,0.0561,MEDIUM,Turkey_5,Meat and fish,Brno_1
4096,488.649765,0.8896428571428568,28.0,0.0,0.8896428571428568,False,53.93,0.1104,HIGH,Bread_169,Bakery,Prague_2
2764,631.399977,0.9146428571428571,28.0,3.0,0.9146428571428571,False,53.89,0.0854,MEDIUM,Broccoli_6,Fruit and vegetable,Frankfurt_1
3008,1195.551843,0.955,28.0,0.0,0.955,False,53.8,0.045,LOW,Watermelon_16,Fruit and vegetable,Prague_3
5026,265.8376142,0.7978571428571427,28.0,2.0,0.7978571428571427,False,53.74,0.2022,HIGH,Pastry_186,Bakery,Prague_3
1697,582.753334,0.9078571428571429,28.0,0.0,0.9078571428571429,False,53.7,0.0921,MEDIUM,Bread_68,Bakery,Prague_1
4617,828.115155,0.9352000000000001,25.0,1.0,0.9352000000000001,False,53.66,0.0648,MEDIUM,Bell Pepper_19,Fruit and vegetable,Prague_2
5144,851.99686,0.9370370370370372,27.0,1.0,0.9370370370370372,False,53.64,0.063,MEDIUM,Shrimp_0,Meat and fish,Prague_3
4561,915.139553,0.9414285714285714,28.0,0.0,0.9414285714285714,False,53.6,0.0586,MEDIUM,Beef_26,Meat and fish,Prague_1
4794,563.915952,0.905,26.0,2.0,0.905,False,53.57,0.095,MEDIUM,Radish_16,Fruit and vegetable,Prague_3
61,375.4870836,0.8576,25.0,1.0,0.8576,False,53.47,0.1424,HIGH,Chicken_0,Meat and fish,Brno_1
2207,965.154367,0.9446428571428571,28.0,2.0,0.9446428571428571,False,53.43,0.0554,MEDIUM,Carrot_17,Fruit and vegetable,Brno_1
5384,488.5809755,0.8907407407407407,27.0,2.0,0.8907407407407407,False,53.38,0.1093,HIGH,Chicken_100,Meat and fish,Budapest_1
228,646.043238,0.9174074074074073,27.0,2.0,0.9174074074074073,False,53.36,0.0826,MEDIUM,Salmon_0,Meat and fish,Frankfurt_1
759,5531.79052,0.9903571428571427,28.0,0.0,0.9903571428571427,False,53.34,0.0096,LOW,Broccoli_1,Fruit and vegetable,Budapest_1
60,286.5846879,0.8144000000000001,25.0,5.0,0.8144000000000001,False,53.19,0.1856,HIGH,Chicken_0,Meat and fish,Prague_2
5007,1317.42266,0.9596296296296295,27.0,1.0,0.9596296296296295,False,53.18,0.0404,LOW,Herb_20,Fruit and vegetable,Munich_1
5047,957.186243,0.9446428571428571,28.0,0.0,0.9446428571428571,False,52.99,0.0554,MEDIUM,Bread_213,Bakery,Prague_1
5391,663.181781,0.9203846153846154,26.0,1.0,0.9203846153846154,False,52.8,0.0796,MEDIUM,Bread_229,Bakery,Frankfurt_1
2253,286.488974,0.8158333333333334,24.0,3.0,0.8158333333333334,False,52.76,0.1842,HIGH,Cauliflower_2,Fruit and vegetable,Prague_3
2329,831.236076,0.9366666666666666,27.0,2.0,0.9366666666666666,False,52.64,0.0633,MEDIUM,Physalis_1,Fruit and vegetable,Prague_1
2950,2875.957646,0.9817857142857143,28.0,0.0,0.9817857142857143,False,52.38,0.0182,LOW,Chicken_62,Meat and fish,Prague_1
3149,1094.56843,0.9521428571428572,28.0,0.0,0.9521428571428572,False,52.38,0.0479,LOW,Pineapple_4,Fruit and vegetable,Prague_3
4734,2286.907885,0.9771428571428571,28.0,1.0,0.9771428571428571,False,52.27,0.0229,LOW,Avocado_13,Fruit and vegetable,Budapest_1
3582,1351.552983,0.9614285714285715,28.0,1.0,0.9614285714285715,False,52.13,0.0386,LOW,Vegetable_17,Fruit and vegetable,Brno_1
1310,1339.523229,0.9611111111111109,27.0,1.0,0.9611111111111109,False,52.09,0.0389,LOW,Vegetable_6,Fruit and vegetable,Brno_1
2187,1311.924774,0.960357142857143,28.0,0.0,0.960357142857143,False,52.01,0.0396,LOW,Mint_0,Fruit and vegetable,Prague_1
4155,1055.023769,0.9507142857142857,28.0,0.0,0.9507142857142857,False,52.0,0.0493,LOW,Sweet Potato_14,Fruit and vegetable,Budapest_1
959,661.4424300000001,0.9214285714285715,28.0,2.0,0.9214285714285715,False,51.97,0.0786,MEDIUM,Broccoli_2,Fruit and vegetable,Brno_1
5158,405.339567,0.8718518518518518,27.0,0.0,0.8718518518518518,False,51.94,0.1281,HIGH,Bread_218,Bakery,Budapest_1
734,757.082818,0.9314285714285714,28.0,1.0,0.9314285714285714,False,51.91,0.0686,MEDIUM,Nut_0,Fruit and vegetable,Budapest_1
3515,555.228089,0.9067857142857144,28.0,0.0,0.9067857142857144,False,51.76,0.0932,MEDIUM,Bread_137,Bakery,Prague_2
4916,287.3070002,0.8200000000000001,28.0,1.0,0.8200000000000001,False,51.72,0.18,HIGH,Bread_209,Bakery,Prague_2
2357,1041.804448,0.9503703703703704,27.0,0.0,0.9503703703703704,False,51.7,0.0496,LOW,Mango_7,Fruit and vegetable,Frankfurt_1
3704,664.824214,0.9223076923076923,26.0,2.0,0.9223076923076923,False,51.65,0.0777,MEDIUM,Orange_22,Fruit and vegetable,Prague_1
2075,338.959995,0.848148148148148,27.0,4.0,0.848148148148148,False,51.47,0.1518,HIGH,Kohlrabi_0,Fruit and vegetable,Prague_3
312,1180.037211,0.9564285714285715,28.0,1.0,0.9564285714285715,False,51.42,0.0436,LOW,Berry_0,Fruit and vegetable,Budapest_1
23,1356.1687180000001,0.9621428571428571,28.0,1.0,0.9621428571428571,False,51.34,0.0379,LOW,Melon_0,Fruit and vegetable,Prague_1
3326,393.6663765,0.8696296296296296,27.0,1.0,0.8696296296296296,False,51.32,0.1304,HIGH,Cucumber_24,Fruit and vegetable,Prague_2
498,2565.025491,0.98,4.0,0.0,0.98,False,51.3,0.02,LOW,Tomato_9,Fruit and vegetable,Munich_1
836,517.906402,0.9011111111111112,27.0,2.0,0.9011111111111112,False,51.22,0.0989,MEDIUM,Pak choi_0,Fruit and vegetable,Prague_3
4170,976.900583,0.9476923076923077,26.0,2.0,0.9476923076923077,False,51.1,0.0523,MEDIUM,Chicken_77,Meat and fish,Brno_1
4585,1750.3441249999998,0.9710714285714286,28.0,0.0,0.9710714285714286,False,50.63,0.0289,LOW,Bean_2,Fruit and vegetable,Prague_1
4835,1152.058991,0.9560714285714286,28.0,2.0,0.9560714285714286,False,50.61,0.0439,LOW,Pastry_177,Bakery,Frankfurt_1
3726,10115.66983,0.995,28.0,0.0,0.995,False,50.58,0.005,LOW,Banana_13,Fruit and vegetable,Prague_1
3644,895.620515,0.9435714285714286,28.0,1.0,0.9435714285714286,False,50.54,0.0564,MEDIUM,Tomato_79,Fruit and vegetable,Prague_2
1165,1938.249836,0.9739285714285714,28.0,0.0,0.9739285714285714,False,50.53,0.0261,LOW,Apple_26,Fruit and vegetable,Budapest_1
1487,1402.646149,0.9640000000000001,15.0,1.0,0.9640000000000001,False,50.5,0.036,LOW,Croissant_12,Bakery,Prague_1
5111,1070.920005,0.9528571428571428,28.0,1.0,0.9528571428571428,False,50.49,0.0471,LOW,Pastry_190,Bakery,Budapest_1
4838,402.0268545,0.8748148148148148,27.0,2.0,0.8748148148148148,False,50.33,0.1252,HIGH,Basil_5,Fruit and vegetable,Brno_1
1933,945.195911,0.9468000000000001,25.0,1.0,0.9468000000000001,False,50.28,0.0532,MEDIUM,Chicken_39,Meat and fish,Budapest_1
923,921.737899,0.9455555555555555,27.0,2.0,0.9455555555555555,False,50.18,0.0544,MEDIUM,Chicken_21,Meat and fish,Prague_3
1114,811.212874,0.9385714285714286,28.0,2.0,0.9385714285714286,False,49.83,0.0614,MEDIUM,Mango_4,Fruit and vegetable,Budapest_1
1892,587.0075045,0.9152631578947369,19.0,1.0,0.9152631578947369,False,49.74,0.0847,MEDIUM,Bread_75,Bakery,Munich_1
2980,561.561166,0.9114814814814816,27.0,2.0,0.9114814814814816,False,49.71,0.0885,MEDIUM,Mushroom_15,Fruit and vegetable,Prague_3
2225,653.922579,0.924,20.0,1.0,0.924,False,49.7,0.076,MEDIUM,Corn_3,Fruit and vegetable,Prague_1
5008,527.15185,0.9057142857142857,28.0,3.0,0.9057142857142857,False,49.7,0.0943,MEDIUM,Pastry_183,Bakery,Budapest_1
3379,1068.608154,0.9535714285714286,28.0,0.0,0.9535714285714286,False,49.61,0.0464,LOW,Bread_133,Bakery,Prague_1
3126,407.772004,0.8785714285714284,28.0,4.0,0.8785714285714284,False,49.52,0.1214,HIGH,Mushroom_16,Fruit and vegetable,Prague_3
137,306.262869,0.8384615384615384,26.0,3.0,0.8384615384615384,False,49.47,0.1615,HIGH,Chicken_5,Meat and fish,Budapest_1
1395,1104.1915335,0.9553571428571429,28.0,1.0,0.9553571428571429,False,49.29,0.0446,LOW,Pretzel_3,Bakery,Munich_1
1774,1697.548888,0.9710714285714286,28.0,0.0,0.9710714285714286,False,49.11,0.0289,LOW,Pastry_74,Bakery,Prague_1
3581,727.119374,0.9324999999999999,28.0,1.0,0.9324999999999999,False,49.08,0.0675,MEDIUM,Vegetable_17,Fruit and vegetable,Prague_3
1433,1709.523525,0.9714285714285714,28.0,0.0,0.9714285714285714,False,48.84,0.0286,LOW,Orange_8,Fruit and vegetable,Prague_2
1282,1299.984277,0.9625000000000001,28.0,1.0,0.9625000000000001,False,48.75,0.0375,LOW,Salmon_3,Meat and fish,Brno_1
63,424.487512,0.8853571428571428,28.0,3.0,0.8853571428571428,False,48.66,0.1146,HIGH,Chicken_0,Meat and fish,Prague_1
4884,136082.5003,0.9996428571428572,28.0,0.0,0.9996428571428572,False,48.6,0.0004,LOW,Roll_57,Bakery,Prague_2
5025,209.7443618,0.7685714285714287,28.0,5.0,0.7685714285714287,False,48.54,0.2314,HIGH,Pastry_186,Bakery,Prague_2
1679,2298.479633,0.9788888888888889,27.0,0.0,0.9788888888888889,False,48.52,0.0211,LOW,Chive_1,Fruit and vegetable,Brno_1
4730,599.144808,0.9192592592592591,27.0,3.0,0.9192592592592591,False,48.38,0.0807,MEDIUM,Chicken_90,Meat and fish,Prague_3
2088,526.608322,0.9082142857142855,28.0,1.0,0.9082142857142855,False,48.34,0.0918,MEDIUM,Cabbage_6,Fruit and vegetable,Prague_2
500,996.038451,0.9514814814814815,27.0,1.0,0.9514814814814815,False,48.33,0.0485,LOW,Chicken_13,Meat and fish,Prague_2
3641,2311.715857,0.9792857142857143,28.0,0.0,0.9792857142857143,False,47.89,0.0207,LOW,Pepper_19,Fruit and vegetable,Budapest_1
3504,657.657373,0.9273076923076923,26.0,2.0,0.9273076923076923,False,47.81,0.0727,MEDIUM,Pastry_131,Bakery,Prague_1
2335,1053.091798,0.954642857142857,28.0,0.0,0.954642857142857,False,47.77,0.0454,LOW,Turkey_9,Meat and fish,Munich_1
1004,903.460177,0.9471428571428572,28.0,1.0,0.9471428571428572,False,47.75,0.0529,MEDIUM,Chicken_23,Meat and fish,Brno_1
960,691.303702,0.9310714285714285,28.0,1.0,0.9310714285714285,False,47.65,0.0689,MEDIUM,Broccoli_2,Fruit and vegetable,Prague_2
5006,3434.687985,0.9861538461538462,26.0,0.0,0.9861538461538462,False,47.56,0.0138,LOW,Avocado_14,Fruit and vegetable,Prague_1
1566,215.8225253,0.78,5.0,1.0,0.78,False,47.48,0.22,HIGH,Lettuce_16,Fruit and vegetable,Prague_3
3416,772.577731,0.9385714285714286,28.0,0.0,0.9385714285714286,False,47.46,0.0614,MEDIUM,Corn_4,Fruit and vegetable,Prague_3
3415,914.183527,0.9481481481481481,27.0,0.0,0.9481481481481481,False,47.4,0.0518,MEDIUM,Corn_4,Fruit and vegetable,Brno_1
5177,195.300963,0.7575000000000001,4.0,1.0,0.7575000000000001,False,47.36,0.2425,HIGH,Chicken_97,Meat and fish,Prague_2
1358,582.048642,0.9187499999999998,24.0,1.0,0.9187499999999998,False,47.29,0.0812,MEDIUM,Pork_15,Meat and fish,Prague_3
5345,2357.190907,0.9799999999999999,28.0,0.0,0.9799999999999999,False,47.14,0.02,LOW,Orange_31,Fruit and vegetable,Munich_1
1681,2027.606565,0.9767857142857143,28.0,0.0,0.9767857142857143,False,47.07,0.0232,LOW,Chive_1,Fruit and vegetable,Prague_3
2487,996.605383,0.9528571428571428,28.0,1.0,0.9528571428571428,False,46.98,0.0471,LOW,Bread_92,Bakery,Budapest_1
3136,958.1308779999999,0.9510714285714287,28.0,0.0,0.9510714285714287,False,46.88,0.0489,LOW,Carrot_21,Fruit and vegetable,Prague_1
3763,564.791236,0.9170833333333333,24.0,2.0,0.9170833333333333,False,46.83,0.0829,MEDIUM,Pork_26,Meat and fish,Brno_1
3936,761.077445,0.9385714285714285,28.0,2.0,0.9385714285714285,False,46.75,0.0614,MEDIUM,Onion_40,Fruit and vegetable,Prague_1
2700,612.324007,0.9238461538461539,26.0,1.0,0.9238461538461539,False,46.63,0.0762,MEDIUM,Pretzel_10,Bakery,Frankfurt_1
2188,569.025468,0.9182142857142858,28.0,1.0,0.9182142857142858,False,46.54,0.0818,MEDIUM,Mint_0,Fruit and vegetable,Prague_3
3516,917.499422,0.9496428571428572,28.0,0.0,0.9496428571428572,False,46.2,0.0504,MEDIUM,Bread_137,Bakery,Prague_1
1373,684.0936810000001,0.9326923076923077,26.0,1.0,0.9326923076923077,False,46.04,0.0673,MEDIUM,Pork_16,Meat and fish,Brno_1
1531,351.6357869,0.8696428571428572,28.0,2.0,0.8696428571428572,False,45.84,0.1304,HIGH,Roll_13,Bakery,Prague_3
4571,584.50705,0.9219230769230768,26.0,0.0,0.9219230769230768,False,45.64,0.0781,MEDIUM,Apple_123,Fruit and vegetable,Frankfurt_1
808,1615.351036,0.9717857142857144,28.0,0.0,0.9717857142857144,False,45.58,0.0282,LOW,Apple_18,Fruit and vegetable,Brno_1
1656,554.223924,0.9177777777777777,27.0,1.0,0.9177777777777777,False,45.57,0.0822,MEDIUM,Chicken_33,Meat and fish,Budapest_1
3391,1054.201946,0.9567857142857142,28.0,1.0,0.9567857142857142,False,45.56,0.0432,LOW,Beef_19,Meat and fish,Prague_3
1468,486.7035225,0.9064,25.0,3.0,0.9064,False,45.56,0.0936,MEDIUM,Lettuce_15,Fruit and vegetable,Frankfurt_1
5278,21252.01932,0.9978571428571428,28.0,0.0,0.9978571428571428,False,45.54,0.0021,LOW,Onion_51,Fruit and vegetable,Prague_1
2460,558.5240175,0.9185714285714287,28.0,1.0,0.9185714285714287,False,45.48,0.0814,MEDIUM,Pastry_105,Bakery,Prague_3
1995,561.039927,0.9191666666666668,24.0,2.0,0.9191666666666668,False,45.35,0.0808,MEDIUM,Chicken_43,Meat and fish,Prague_1
4383,1119.777318,0.9596296296296296,27.0,1.0,0.9596296296296296,False,45.21,0.0404,LOW,Tortilla_14,Bakery,Munich_1
3547,455.25496,0.9007142857142857,28.0,2.0,0.9007142857142857,False,45.2,0.0993,MEDIUM,Pastry_132,Bakery,Prague_3
1547,1168.617732,0.9614285714285715,28.0,0.0,0.9614285714285715,False,45.08,0.0386,LOW,Pomegranate_0,Fruit and vegetable,Prague_1
3965,1616.651653,0.9721428571428572,28.0,1.0,0.9721428571428572,False,45.04,0.0279,LOW,Chicken_73,Meat and fish,Brno_1
5420,1482.462515,0.9696296296296296,27.0,1.0,0.9696296296296296,False,45.02,0.0304,LOW,Pork_41,Meat and fish,Prague_3
3583,1285.439359,0.9650000000000001,28.0,1.0,0.9650000000000001,False,44.99,0.035,LOW,Vegetable_17,Fruit and vegetable,Prague_1
648,556.86292,0.9192857142857144,28.0,1.0,0.9192857142857144,False,44.95,0.0807,MEDIUM,Pastry_27,Bakery,Prague_1
5240,1113.324395,0.9596428571428571,28.0,1.0,0.9596428571428571,False,44.93,0.0404,LOW,Pork_39,Meat and fish,Budapest_1
421,1186.614405,0.9621428571428572,28.0,0.0,0.9621428571428572,False,44.92,0.0379,LOW,Pastry_21,Bakery,Munich_1
4194,227.692267,0.8028571428571428,28.0,3.0,0.8028571428571428,False,44.89,0.1972,HIGH,Pastry_153,Bakery,Prague_3
3738,693.285057,0.9353571428571429,28.0,1.0,0.9353571428571429,False,44.82,0.0646,MEDIUM,Parsley_8,Fruit and vegetable,Budapest_1
1208,305.9712948,0.8535999999999998,25.0,4.0,0.8535999999999998,False,44.79,0.1464,HIGH,Asparagus_5,Fruit and vegetable,Prague_2
4193,206.9794477,0.7839285714285714,28.0,2.0,0.7839285714285714,False,44.72,0.2161,HIGH,Pastry_153,Bakery,Prague_2
2123,1007.05491,0.9557142857142857,28.0,1.0,0.9557142857142857,False,44.6,0.0443,LOW,Thyme_1,Fruit and vegetable,Prague_1
2516,521.60416,0.9145833333333333,24.0,1.0,0.9145833333333333,False,44.55,0.0854,MEDIUM,Mushroom_11,Fruit and vegetable,Prague_2
3453,185.2039188,0.7607142857142858,28.0,8.0,0.7607142857142858,False,44.32,0.2393,HIGH,Roll_33,Bakery,Prague_2
2564,5889.15261,0.9924999999999999,28.0,0.0,0.9924999999999999,False,44.17,0.0075,LOW,Orange_14,Fruit and vegetable,Prague_3
3822,512.904153,0.9139285714285714,28.0,2.0,0.9139285714285714,False,44.15,0.0861,MEDIUM,Celery_13,Fruit and vegetable,Prague_3
2377,735.466107,0.9400000000000001,28.0,1.0,0.9400000000000001,False,44.13,0.06,MEDIUM,Chicken_51,Meat and fish,Prague_1
5183,588.056642,0.925,28.0,1.0,0.925,False,44.1,0.075,MEDIUM,Chicken_98,Meat and fish,Prague_3
55,300.6961983,0.8533333333333334,3.0,0.0,0.8533333333333334,False,44.1,0.1467,HIGH,Lettuce_0,Fruit and vegetable,Brno_1
3707,466.6464395,0.9060714285714286,28.0,2.0,0.9060714285714286,False,43.83,0.0939,MEDIUM,Chicory_0,Fruit and vegetable,Brno_1
4850,399.96954,0.8905000000000001,20.0,2.0,0.8905000000000001,False,43.8,0.1095,HIGH,Breadcrumb_10,Bakery,Prague_1
1914,886.756037,0.9508,25.0,1.0,0.9508,False,43.63,0.0492,LOW,Beef_9,Meat and fish,Prague_2
4989,2288.388932,0.980952380952381,21.0,0.0,0.980952380952381,False,43.59,0.019,LOW,Radish_17,Fruit and vegetable,Budapest_1
2540,330.489554,0.8680952380952381,21.0,2.0,0.8680952380952381,False,43.59,0.1319,HIGH,Mushroom_12,Fruit and vegetable,Prague_2
1285,1496.402664,0.9709090909090908,22.0,0.0,0.9709090909090908,False,43.53,0.0291,LOW,Salmon_4,Meat and fish,Munich_1
634,1807.52552,0.975925925925926,27.0,0.0,0.975925925925926,False,43.51,0.0241,LOW,Chicken_17,Meat and fish,Prague_3
1152,742.523555,0.9414285714285714,28.0,1.0,0.9414285714285714,False,43.49,0.0586,MEDIUM,Pork_12,Meat and fish,Budapest_1
1721,1102.041746,0.9607142857142857,28.0,1.0,0.9607142857142857,False,43.29,0.0393,LOW,Apple_47,Fruit and vegetable,Budapest_1
3517,423.719317,0.8978571428571428,28.0,0.0,0.8978571428571428,False,43.28,0.1021,HIGH,Bread_137,Bakery,Prague_3
3843,2472.540546,0.9824999999999999,28.0,0.0,0.9824999999999999,False,43.27,0.0175,LOW,Coriander_8,Fruit and vegetable,Brno_1
796,653.278909,0.934,25.0,1.0,0.934,False,43.12,0.066,MEDIUM,Onion_5,Fruit and vegetable,Frankfurt_1
213,460.3553215,0.9066666666666666,24.0,2.0,0.9066666666666666,False,42.97,0.0933,MEDIUM,Pear_4,Fruit and vegetable,Prague_3
1349,993.991744,0.9567857142857142,28.0,1.0,0.9567857142857142,False,42.95,0.0432,LOW,Lime_3,Fruit and vegetable,Prague_1
2952,1236.372244,0.9653571428571429,28.0,0.0,0.9653571428571429,False,42.83,0.0346,LOW,Chicken_62,Meat and fish,Prague_3
4840,549.472167,0.9221428571428573,28.0,1.0,0.9221428571428573,False,42.78,0.0779,MEDIUM,Basil_5,Fruit and vegetable,Prague_1
1423,1172.365374,0.9635714285714286,28.0,1.0,0.9635714285714286,False,42.71,0.0364,LOW,Potato_26,Fruit and vegetable,Frankfurt_1
4342,544.004222,0.9215,20.0,2.0,0.9215,False,42.7,0.0785,MEDIUM,Bagel_10,Bakery,Prague_3
450,979.64217,0.9564285714285715,14.0,0.0,0.9564285714285715,False,42.68,0.0436,LOW,Pastry_22,Bakery,Prague_1
778,986.159042,0.9567857142857142,28.0,1.0,0.9567857142857142,False,42.62,0.0432,LOW,Pastry_36,Bakery,Prague_1
431,695.297658,0.9388888888888888,27.0,1.0,0.9388888888888888,False,42.49,0.0611,MEDIUM,Pretzel_0,Bakery,Budapest_1
99,11863.85582,0.9964285714285713,28.0,0.0,0.9964285714285713,False,42.37,0.0036,LOW,Pastry_2,Bakery,Budapest_1
622,402.69933199999997,0.8949999999999998,28.0,0.0,0.8949999999999998,False,42.28,0.105,HIGH,Pastry_26,Bakery,Prague_3
2577,885.563961,0.9523076923076924,26.0,1.0,0.9523076923076924,False,42.23,0.0477,LOW,Toust_18,Bakery,Prague_1
4371,446.1818135,0.9053571428571431,28.0,0.0,0.9053571428571431,False,42.23,0.0946,MEDIUM,Bread_181,Bakery,Prague_2
802,1387.454611,0.9696428571428571,28.0,0.0,0.9696428571428571,False,42.12,0.0304,LOW,Pastry_38,Bakery,Prague_2
2119,680.5582545,0.9381481481481481,27.0,0.0,0.9381481481481481,False,42.09,0.0618,MEDIUM,Sweet Potato_5,Fruit and vegetable,Prague_2
2230,3799.992425,0.9889285714285714,28.0,0.0,0.9889285714285714,False,42.07,0.0111,LOW,Tomato_46,Fruit and vegetable,Budapest_1
2953,1237.817633,0.9660714285714286,28.0,1.0,0.9660714285714286,False,42.0,0.0339,LOW,Bread_114,Bakery,Budapest_1
777,455.941956,0.9082142857142858,28.0,1.0,0.9082142857142858,False,41.85,0.0918,MEDIUM,Pastry_36,Bakery,Prague_3
3709,375.43845350000004,0.8885714285714286,28.0,2.0,0.8885714285714286,False,41.83,0.1114,HIGH,Chicory_0,Fruit and vegetable,Prague_2
2551,175.05911220000002,0.7614285714285716,28.0,4.0,0.7614285714285716,False,41.76,0.2385,HIGH,Baguette_20,Bakery,Prague_3
3196,648.050116,0.9357142857142857,28.0,1.0,0.9357142857142857,False,41.66,0.0643,MEDIUM,Coriander_6,Fruit and vegetable,Prague_2
1374,477.9080851,0.9129629629629631,27.0,3.0,0.9129629629629631,False,41.6,0.087,MEDIUM,Pork_16,Meat and fish,Prague_3
2402,449.336371,0.9075,28.0,2.0,0.9075,False,41.56,0.0925,MEDIUM,Pork_21,Meat and fish,Budapest_1
2082,147.24648279000002,0.7178571428571429,28.0,6.0,0.7178571428571429,False,41.54,0.2821,HIGH,Baguette_14,Bakery,Prague_3
2595,308.8886175,0.8655555555555556,27.0,4.0,0.8655555555555556,False,41.53,0.1344,HIGH,Orange_15,Fruit and vegetable,Frankfurt_1
1852,1502.200684,0.9725,28.0,1.0,0.9725,False,41.31,0.0275,LOW,Spinach_4,Fruit and vegetable,Prague_2
2687,1411.441184,0.9707407407407408,27.0,0.0,0.9707407407407408,False,41.3,0.0293,LOW,Onion_25,Fruit and vegetable,Prague_3
2424,950.73983,0.9566666666666666,27.0,1.0,0.9566666666666666,False,41.2,0.0433,LOW,Cracker_1,Bakery,Munich_1
379,3289.633435,0.9874999999999999,28.0,0.0,0.9874999999999999,False,41.12,0.0125,LOW,Apple_7,Fruit and vegetable,Budapest_1
401,1538.458081,0.9733333333333334,27.0,0.0,0.9733333333333334,False,41.03,0.0267,LOW,Parsley_0,Fruit and vegetable,Prague_2
499,704.59162,0.9421428571428571,28.0,2.0,0.9421428571428571,False,40.77,0.0579,MEDIUM,Chicken_13,Meat and fish,Prague_3
5014,499.814315,0.9184615384615386,26.0,0.0,0.9184615384615386,False,40.75,0.0815,MEDIUM,Turkey_14,Meat and fish,Prague_2
2090,950.6005680000001,0.9571428571428572,28.0,1.0,0.9571428571428572,False,40.74,0.0429,LOW,Cabbage_6,Fruit and vegetable,Prague_1
2327,928.436449,0.9562962962962963,27.0,1.0,0.9562962962962963,False,40.58,0.0437,LOW,Physalis_1,Fruit and vegetable,Brno_1
1680,2316.659292,0.9824999999999999,28.0,0.0,0.9824999999999999,False,40.54,0.0175,LOW,Chive_1,Fruit and vegetable,Prague_2
344,644.790213,0.9371428571428572,21.0,1.0,0.9371428571428572,False,40.53,0.0629,MEDIUM,Squash_0,Fruit and vegetable,Budapest_1
2301,281.9694832,0.8567857142857142,28.0,5.0,0.8567857142857142,False,40.38,0.1432,HIGH,Croissant_17,Bakery,Prague_1
1797,742.057853,0.9455999999999999,25.0,1.0,0.9455999999999999,False,40.37,0.0544,MEDIUM,Tomato_37,Fruit and vegetable,Brno_1
4758,493.403204,0.9185714285714287,28.0,1.0,0.9185714285714287,False,40.18,0.0814,MEDIUM,Grapefruit_7,Fruit and vegetable,Frankfurt_1
2814,1039.8699940000001,0.9614285714285715,28.0,1.0,0.9614285714285715,False,40.11,0.0386,LOW,Potato_46,Fruit and vegetable,Prague_2
875,830.67055,0.9517857142857145,28.0,1.0,0.9517857142857145,False,40.05,0.0482,LOW,Chicken_20,Meat and fish,Prague_1
4271,502.7638545,0.9203846153846152,26.0,2.0,0.9203846153846152,False,40.03,0.0796,MEDIUM,Herb_15,Fruit and vegetable,Prague_1
2909,2665.929051,0.985,28.0,0.0,0.985,False,39.99,0.015,LOW,Mango_8,Fruit and vegetable,Prague_3
4606,969.78123,0.9592592592592593,27.0,0.0,0.9592592592592593,False,39.51,0.0407,LOW,Chicken_88,Meat and fish,Prague_2
2892,1421.29338,0.9722222222222222,27.0,0.0,0.9722222222222222,False,39.48,0.0278,LOW,Chicken_60,Meat and fish,Prague_2
3286,729.3773815,0.945925925925926,27.0,1.0,0.945925925925926,False,39.44,0.0541,MEDIUM,Bread_127,Bakery,Munich_1
3284,1173.950748,0.9664285714285715,28.0,1.0,0.9664285714285715,False,39.41,0.0336,LOW,Pear_27,Fruit and vegetable,Prague_3
2374,625.820071,0.9370370370370372,27.0,1.0,0.9370370370370372,False,39.4,0.063,MEDIUM,Pork_20,Meat and fish,Brno_1
4070,371.4553705,0.8939285714285715,28.0,2.0,0.8939285714285715,False,39.4,0.1061,HIGH,Chicken_76,Meat and fish,Prague_3
4068,425.34799200000003,0.9074074074074076,27.0,2.0,0.9074074074074076,False,39.38,0.0926,MEDIUM,Chicken_76,Meat and fish,Prague_2
2151,934.15872,0.9578571428571427,28.0,0.0,0.9578571428571427,False,39.37,0.0421,LOW,Cabbage_7,Fruit and vegetable,Prague_1
2714,591.850773,0.9335294117647059,17.0,1.0,0.9335294117647059,False,39.34,0.0665,MEDIUM,Tomato_56,Fruit and vegetable,Prague_1
3006,2334.941504,0.9832142857142856,28.0,0.0,0.9832142857142856,False,39.19,0.0168,LOW,Watermelon_16,Fruit and vegetable,Prague_1
1937,856.757938,0.9542857142857143,28.0,1.0,0.9542857142857143,False,39.17,0.0457,LOW,Potato_36,Fruit and vegetable,Prague_3
4267,1034.080796,0.9621428571428572,28.0,1.0,0.9621428571428572,False,39.15,0.0379,LOW,Toust_30,Bakery,Brno_1
2553,200.19273414,0.8046428571428569,28.0,4.0,0.8046428571428569,False,39.11,0.1954,HIGH,Baguette_20,Bakery,Prague_2
4272,243.7992479,0.8396153846153849,26.0,2.0,0.8396153846153849,False,39.1,0.1604,HIGH,Herb_15,Fruit and vegetable,Prague_2
1509,515.340896,0.9241666666666668,24.0,2.0,0.9241666666666668,False,39.08,0.0758,MEDIUM,Bread_62,Bakery,Prague_1
3881,270.795295,0.8558823529411766,17.0,2.0,0.8558823529411766,False,39.03,0.1441,HIGH,Chicken_71,Meat and fish,Prague_3
5113,983.719651,0.9603571428571429,28.0,1.0,0.9603571428571429,False,39.0,0.0396,LOW,Salmon_17,Meat and fish,Frankfurt_1
4268,1018.638877,0.9617857142857142,28.0,2.0,0.9617857142857142,False,38.93,0.0382,LOW,Toust_30,Bakery,Prague_1
527,600.649705,0.9353571428571428,28.0,2.0,0.9353571428571428,False,38.83,0.0646,MEDIUM,Pork_4,Meat and fish,Budapest_1
2654,1155.17578,0.9664285714285715,28.0,1.0,0.9664285714285715,False,38.78,0.0336,LOW,Apple_77,Fruit and vegetable,Prague_2
3448,2875.996685,0.9865217391304348,23.0,0.0,0.9865217391304348,False,38.76,0.0135,LOW,Asparagus_18,Fruit and vegetable,Prague_2
647,758.6315,0.9489285714285716,28.0,0.0,0.9489285714285716,False,38.74,0.0511,MEDIUM,Pastry_27,Bakery,Brno_1
3814,527.699816,0.9266666666666666,27.0,0.0,0.9266666666666666,False,38.7,0.0733,MEDIUM,Orange_23,Fruit and vegetable,Frankfurt_1
4391,722.676385,0.9465384615384617,26.0,1.0,0.9465384615384617,False,38.64,0.0535,MEDIUM,Chive_2,Fruit and vegetable,Budapest_1
4654,697.434178,0.9446428571428571,28.0,2.0,0.9446428571428571,False,38.61,0.0554,MEDIUM,Pastry_172,Bakery,Frankfurt_1
943,1562.588852,0.9753571428571428,28.0,0.0,0.9753571428571428,False,38.51,0.0246,LOW,Onion_7,Fruit and vegetable,Prague_1
2784,2499.173163,0.9846153846153847,26.0,0.0,0.9846153846153847,False,38.45,0.0154,LOW,Bell Pepper_9,Fruit and vegetable,Prague_1
11,767.090869,0.9500000000000001,28.0,1.0,0.9500000000000001,False,38.35,0.05,MEDIUM,Pastry_0,Bakery,Prague_2
1869,468.126261,0.9182142857142856,28.0,1.0,0.9182142857142856,False,38.29,0.0818,MEDIUM,Passion fruit_1,Fruit and vegetable,Brno_1
1210,155.2183373,0.7541176470588236,17.0,5.0,0.7541176470588236,False,38.17,0.2459,HIGH,Asparagus_5,Fruit and vegetable,Brno_1
3967,1344.982397,0.9717857142857141,28.0,1.0,0.9717857142857141,False,37.95,0.0282,LOW,Chicken_73,Meat and fish,Prague_1
3813,1490.935602,0.9746428571428571,28.0,0.0,0.9746428571428571,False,37.81,0.0254,LOW,Orange_23,Fruit and vegetable,Munich_1
5024,534.094529,0.9292857142857143,28.0,2.0,0.9292857142857143,False,37.77,0.0707,MEDIUM,Chive_3,Fruit and vegetable,Prague_2
107,951.912299,0.9603571428571429,28.0,1.0,0.9603571428571429,False,37.74,0.0396,LOW,Pastry_3,Bakery,Prague_1
3443,3296.950815,0.9885714285714284,28.0,0.0,0.9885714285714284,False,37.68,0.0114,LOW,Apple_93,Fruit and vegetable,Prague_3
3888,2148.082583,0.9825,28.0,0.0,0.9825,False,37.59,0.0175,LOW,Croissant_29,Bakery,Frankfurt_1
4869,372.687751,0.8996296296296296,27.0,4.0,0.8996296296296296,False,37.41,0.1004,HIGH,Pumpkin_18,Fruit and vegetable,Prague_1
1091,2181.838329,0.9828571428571429,28.0,0.0,0.9828571428571429,False,37.4,0.0171,LOW,Parsley_3,Fruit and vegetable,Munich_1
1598,803.062271,0.9535714285714286,28.0,2.0,0.9535714285714286,False,37.29,0.0464,LOW,Sprout_1,Fruit and vegetable,Budapest_1
3755,634.469917,0.94125,24.0,1.0,0.94125,False,37.28,0.0588,MEDIUM,Tomato_83,Fruit and vegetable,Prague_2
2112,511.231162,0.9273076923076924,26.0,1.0,0.9273076923076924,False,37.16,0.0727,MEDIUM,Chicken_47,Meat and fish,Budapest_1
5178,495.146829,0.925,2.0,0.0,0.925,False,37.14,0.075,MEDIUM,Chicken_97,Meat and fish,Brno_1
3701,384.731793,0.9034615384615385,26.0,1.0,0.9034615384615385,False,37.14,0.0965,MEDIUM,Orange_22,Fruit and vegetable,Brno_1
5346,830.977291,0.9553571428571429,28.0,1.0,0.9553571428571429,False,37.1,0.0446,LOW,Orange_31,Fruit and vegetable,Frankfurt_1
2713,443.9081805,0.9166666666666666,21.0,2.0,0.9166666666666666,False,36.99,0.0833,MEDIUM,Tomato_56,Fruit and vegetable,Prague_2
5335,1146.126117,0.9677777777777778,27.0,0.0,0.9677777777777778,False,36.93,0.0322,LOW,Bun_4,Bakery,Budapest_1
2287,3423.19336,0.9892857142857142,28.0,0.0,0.9892857142857142,False,36.68,0.0107,LOW,Pastry_94,Bakery,Budapest_1
4801,1626.920245,0.9775,28.0,0.0,0.9775,False,36.61,0.0225,LOW,Pear_34,Fruit and vegetable,Prague_3
1742,871.746554,0.9580000000000001,25.0,0.0,0.9580000000000001,False,36.61,0.042,LOW,Bagel_4,Bakery,Frankfurt_1
2005,465.659997,0.9214814814814815,27.0,2.0,0.9214814814814815,False,36.56,0.0785,MEDIUM,Kiwi_11,Fruit and vegetable,Brno_1
264,982.7930305,0.9628571428571427,28.0,1.0,0.9628571428571427,False,36.5,0.0371,LOW,Bread_10,Bakery,Munich_1
3735,5375.29363,0.9932142857142858,28.0,0.0,0.9932142857142858,False,36.48,0.0068,LOW,Kiwi_18,Fruit and vegetable,Prague_1
68,415.4773795,0.9124999999999999,28.0,0.0,0.9124999999999999,False,36.35,0.0875,MEDIUM,Pastry_1,Bakery,Prague_2
1370,282.5890575,0.8714285714285713,21.0,2.0,0.8714285714285713,False,36.33,0.1286,HIGH,Melon_5,Fruit and vegetable,Prague_1
374,1372.634781,0.9735714285714285,28.0,0.0,0.9735714285714285,False,36.28,0.0264,LOW,Salad_4,Fruit and vegetable,Prague_3
3752,975.476327,0.9628571428571429,28.0,0.0,0.9628571428571429,False,36.23,0.0371,LOW,Pappudia_0,Fruit and vegetable,Prague_1
12,1747.435993,0.9792857142857143,28.0,0.0,0.9792857142857143,False,36.2,0.0207,LOW,Pastry_0,Bakery,Brno_1
1201,1487.338294,0.9757142857142856,28.0,0.0,0.9757142857142856,False,36.12,0.0243,LOW,Bread_50,Bakery,Prague_2
330,2099.137758,0.9828571428571429,28.0,0.0,0.9828571428571429,False,35.99,0.0171,LOW,Sweet Potato_0,Fruit and vegetable,Prague_3
4144,648.496251,0.9445454545454546,22.0,0.0,0.9445454545454546,False,35.96,0.0555,MEDIUM,Melon_12,Fruit and vegetable,Frankfurt_1
987,468.721,0.9233333333333333,27.0,2.0,0.9233333333333333,False,35.94,0.0767,MEDIUM,Chicken_22,Meat and fish,Budapest_1
2703,2956.53242,0.9878571428571429,28.0,0.0,0.9878571428571429,False,35.9,0.0121,LOW,Potato_44,Fruit and vegetable,Prague_1
3421,238.61798,0.8496428571428571,28.0,3.0,0.8496428571428571,False,35.88,0.1504,HIGH,Onion_34,Fruit and vegetable,Munich_1
254,619.987518,0.9421428571428573,28.0,0.0,0.9421428571428573,False,35.87,0.0579,MEDIUM,Pastry_13,Bakery,Brno_1
3438,846.495125,0.9576923076923076,26.0,1.0,0.9576923076923076,False,35.81,0.0423,LOW,Chicken_67,Meat and fish,Budapest_1
1837,3711.724321,0.9903571428571428,28.0,0.0,0.9903571428571428,False,35.79,0.0096,LOW,Tomato_38,Fruit and vegetable,Prague_1
3045,382.1278775,0.9064285714285714,28.0,1.0,0.9064285714285714,False,35.76,0.0936,MEDIUM,Pastry_120,Bakery,Prague_1
350,413.70241,0.9139285714285714,28.0,2.0,0.9139285714285714,False,35.61,0.0861,MEDIUM,Pork_3,Meat and fish,Budapest_1
5408,1606.970471,0.9778571428571429,28.0,0.0,0.9778571428571429,False,35.58,0.0221,LOW,Bakery_0,Bakery,Frankfurt_1
4929,834.644865,0.9574999999999999,28.0,1.0,0.9574999999999999,False,35.47,0.0425,LOW,Cabbage_21,Fruit and vegetable,Prague_3
1095,423.60222699999997,0.9162962962962963,27.0,3.0,0.9162962962962963,False,35.46,0.0837,MEDIUM,Beef_7,Meat and fish,Prague_3
3446,432.547998,0.918076923076923,26.0,2.0,0.918076923076923,False,35.44,0.0819,MEDIUM,Salad_38,Fruit and vegetable,Frankfurt_1
2199,743.647243,0.9524999999999999,28.0,1.0,0.9524999999999999,False,35.32,0.0475,LOW,Ginger_4,Fruit and vegetable,Prague_2
1588,517.505095,0.9317857142857141,28.0,1.0,0.9317857142857141,False,35.3,0.0682,MEDIUM,Bread_65,Bakery,Frankfurt_1
4448,2315.562626,0.9848148148148147,27.0,0.0,0.9848148148148147,False,35.16,0.0152,LOW,Chicken_86,Meat and fish,Prague_1
4322,957.930306,0.9633333333333333,27.0,0.0,0.9633333333333333,False,35.12,0.0367,LOW,Chicken_81,Meat and fish,Brno_1
1851,2786.307433,0.9874074074074075,27.0,0.0,0.9874074074074075,False,35.09,0.0126,LOW,Spinach_4,Fruit and vegetable,Prague_1
2080,173.8741533,0.7982142857142858,28.0,5.0,0.7982142857142858,False,35.09,0.2018,HIGH,Baguette_14,Bakery,Prague_2
1307,3383.564124,0.9896428571428572,28.0,0.0,0.9896428571428572,False,35.04,0.0104,LOW,Tomato_29,Fruit and vegetable,Budapest_1
346,1528.618282,0.9771428571428571,28.0,0.0,0.9771428571428571,False,34.94,0.0229,LOW,Turkey_0,Meat and fish,Prague_1
2594,760.7363789999999,0.954074074074074,27.0,2.0,0.954074074074074,False,34.94,0.0459,LOW,Onion_24,Fruit and vegetable,Budapest_1
377,3455.7421640000002,0.99,28.0,0.0,0.99,False,34.56,0.01,LOW,Salad_4,Fruit and vegetable,Prague_1
1771,775.901824,0.9554545454545454,22.0,0.0,0.9554545454545454,False,34.56,0.0445,LOW,Pastry_74,Bakery,Prague_3
2122,556.427163,0.9381481481481482,27.0,1.0,0.9381481481481482,False,34.42,0.0619,MEDIUM,Thyme_1,Fruit and vegetable,Prague_2
1864,851.974003,0.9596153846153844,26.0,1.0,0.9596153846153844,False,34.41,0.0404,LOW,Lettuce_20,Fruit and vegetable,Prague_1
1540,2600.682916,0.9867857142857143,28.0,0.0,0.9867857142857143,False,34.37,0.0132,LOW,Tomato_33,Fruit and vegetable,Frankfurt_1
458,741.724276,0.9538461538461539,26.0,1.0,0.9538461538461539,False,34.23,0.0461,LOW,Biscuit_1,Bakery,Budapest_1
3585,329.125427,0.8960714285714287,28.0,1.0,0.8960714285714287,False,34.21,0.1039,HIGH,Bread_140,Bakery,Budapest_1
2758,504.10441299999997,0.9322222222222224,27.0,1.0,0.9322222222222224,False,34.17,0.0678,MEDIUM,Thyme_2,Fruit and vegetable,Budapest_1
345,2362.7564390000002,0.9855555555555556,27.0,0.0,0.9855555555555556,False,34.13,0.0144,LOW,Roll_4,Bakery,Budapest_1
760,1106.664737,0.9692592592592594,27.0,1.0,0.9692592592592594,False,34.02,0.0307,LOW,Mushroom_2,Fruit and vegetable,Frankfurt_1
4373,630.377135,0.9460714285714287,28.0,2.0,0.9460714285714287,False,34.0,0.0539,MEDIUM,Bread_181,Bakery,Prague_1
22,784.547606,0.9567857142857142,28.0,1.0,0.9567857142857142,False,33.9,0.0432,LOW,Melon_0,Fruit and vegetable,Prague_3
4625,347.1433035,0.9025,28.0,2.0,0.9025,False,33.85,0.0975,MEDIUM,Shallot_2,Fruit and vegetable,Brno_1
2684,665.091451,0.9492,25.0,1.0,0.9492,False,33.79,0.0508,MEDIUM,Salad_29,Fruit and vegetable,Prague_3
903,656.812634,0.9485714285714286,28.0,1.0,0.9485714285714286,False,33.78,0.0514,MEDIUM,Tomato_20,Fruit and vegetable,Frankfurt_1
2683,647.530724,0.9479166666666669,24.0,1.0,0.9479166666666669,False,33.73,0.0521,MEDIUM,Salad_29,Fruit and vegetable,Prague_2
2078,433.341962,0.9223076923076923,26.0,1.0,0.9223076923076923,False,33.67,0.0777,MEDIUM,Kohlrabi_0,Fruit and vegetable,Prague_2
17,531.25073,0.9367857142857143,28.0,1.0,0.9367857142857143,False,33.58,0.0632,MEDIUM,Mandarin_0,Fruit and vegetable,Munich_1
4960,208.18865399999999,0.8396153846153844,26.0,3.0,0.8396153846153844,False,33.39,0.1604,HIGH,Bell Pepper_22,Fruit and vegetable,Budapest_1
224,11117.68953,0.9969999999999999,20.0,0.0,0.9969999999999999,False,33.35,0.003,LOW,Roll_2,Bakery,Brno_1
3597,1279.1506610000001,0.9739285714285714,28.0,1.0,0.9739285714285714,False,33.35,0.0261,LOW,Pastry_134,Bakery,Frankfurt_1
2303,957.490456,0.9651851851851851,27.0,0.0,0.9651851851851851,False,33.33,0.0348,LOW,Baguette_18,Bakery,Budapest_1
4888,856.113708,0.9611111111111111,27.0,1.0,0.9611111111111111,False,33.29,0.0389,LOW,Bread_208,Bakery,Munich_1
2666,4987.77445,0.9933333333333333,27.0,0.0,0.9933333333333333,False,33.25,0.0067,LOW,Potato_43,Fruit and vegetable,Prague_3
2422,8450.06163,0.9960714285714286,28.0,0.0,0.9960714285714286,False,33.2,0.0039,LOW,Apple_68,Fruit and vegetable,Budapest_1
2175,977.783907,0.9660714285714286,28.0,1.0,0.9660714285714286,False,33.17,0.0339,LOW,Potato_38,Fruit and vegetable,Budapest_1
4735,711.939422,0.9535714285714285,28.0,1.0,0.9535714285714285,False,33.05,0.0464,LOW,Donut_35,Bakery,Budapest_1
5380,584.320511,0.9434615384615385,26.0,1.0,0.9434615384615385,False,33.04,0.0565,MEDIUM,Bread_227,Bakery,Frankfurt_1
2945,608.376252,0.9457142857142856,28.0,1.0,0.9457142857142856,False,33.03,0.0543,MEDIUM,Mushroom_14,Fruit and vegetable,Prague_2
4415,968.671858,0.965925925925926,27.0,1.0,0.965925925925926,False,33.01,0.0341,LOW,Chicken_85,Meat and fish,Brno_1
364,1098.491952,0.97,28.0,1.0,0.97,False,32.95,0.03,LOW,Carrot_3,Fruit and vegetable,Frankfurt_1
4025,1026.72602,0.968,15.0,0.0,0.968,False,32.86,0.032,LOW,Pastry_148,Bakery,Prague_1
4829,711.166854,0.9539285714285715,28.0,1.0,0.9539285714285715,False,32.76,0.0461,LOW,Chicken_92,Meat and fish,Prague_2
3746,572.006269,0.9428,25.0,2.0,0.9428,False,32.72,0.0572,MEDIUM,Mushroom_21,Fruit and vegetable,Prague_3
71,590.885276,0.9446428571428572,28.0,0.0,0.9446428571428572,False,32.71,0.0554,MEDIUM,Chicken_2,Meat and fish,Prague_3
2054,1235.318688,0.9735714285714285,28.0,0.0,0.9735714285714285,False,32.65,0.0264,LOW,Cabbage_5,Fruit and vegetable,Brno_1
4461,827.405579,0.9607142857142856,28.0,0.0,0.9607142857142856,False,32.51,0.0393,LOW,Chicory_1,Fruit and vegetable,Frankfurt_1
775,1375.770808,0.9764285714285714,28.0,1.0,0.9764285714285714,False,32.43,0.0236,LOW,Radish_5,Fruit and vegetable,Budapest_1
4618,810.717001,0.96,27.0,0.0,0.96,False,32.43,0.04,LOW,Bell Pepper_19,Fruit and vegetable,Prague_3
4471,673.272407,0.9518518518518517,27.0,1.0,0.9518518518518517,False,32.42,0.0482,LOW,Beef_25,Meat and fish,Prague_1
5179,648.449339,0.95,2.0,0.0,0.95,False,32.42,0.05,MEDIUM,Chicken_97,Meat and fish,Prague_3
646,248.3300064,0.8696428571428572,28.0,4.0,0.8696428571428572,False,32.37,0.1304,HIGH,Pastry_27,Bakery,Prague_3
336,3763.63011,0.9914285714285714,28.0,0.0,0.9914285714285714,False,32.26,0.0086,LOW,Apple_6,Fruit and vegetable,Munich_1
1448,700.608071,0.9541176470588235,17.0,1.0,0.9541176470588235,False,32.15,0.0459,LOW,Snack_1,Bakery,Prague_1
1309,1021.670669,0.9685714285714285,28.0,1.0,0.9685714285714285,False,32.11,0.0314,LOW,Vegetable_6,Fruit and vegetable,Prague_1
2675,966.518113,0.9667857142857141,28.0,1.0,0.9667857142857141,False,32.1,0.0332,LOW,Chicken_54,Meat and fish,Prague_3
4473,457.480317,0.93,28.0,1.0,0.93,False,32.02,0.07,MEDIUM,Beef_25,Meat and fish,Brno_1
4264,654.757559,0.9511111111111112,27.0,1.0,0.9511111111111112,False,32.01,0.0489,LOW,Bread_176,Bakery,Frankfurt_1
1048,316.39000599999997,0.8989285714285715,28.0,2.0,0.8989285714285715,False,31.98,0.1011,HIGH,Pastry_45,Bakery,Prague_2
2709,97.11403656,0.6707692307692308,13.0,6.0,0.6707692307692308,False,31.97,0.3292,HIGH,Duck_2,Meat and fish,Prague_3
28,2290.007592,0.9860714285714286,28.0,0.0,0.9860714285714286,False,31.9,0.0139,LOW,Baguette_1,Bakery,Munich_1
1090,338.940185,0.9059259259259257,27.0,2.0,0.9059259259259257,False,31.89,0.0941,MEDIUM,Chicken_25,Meat and fish,Prague_3
3314,1275.078911,0.9750000000000001,22.0,0.0,0.9750000000000001,False,31.88,0.025,LOW,Garlic_10,Fruit and vegetable,Brno_1
2770,648.974655,0.9508695652173913,23.0,0.0,0.9508695652173913,False,31.88,0.0491,LOW,Bread_104,Bakery,Prague_3
3414,1461.802751,0.9782142857142857,28.0,0.0,0.9782142857142857,False,31.85,0.0218,LOW,Corn_4,Fruit and vegetable,Prague_1
984,1010.692691,0.9685714285714286,28.0,1.0,0.9685714285714286,False,31.76,0.0314,LOW,Zucchini_4,Fruit and vegetable,Prague_3
1713,2112.201253,0.985,28.0,0.0,0.985,False,31.68,0.015,LOW,Cucumber_14,Fruit and vegetable,Budapest_1
276,1386.105736,0.9771428571428571,28.0,0.0,0.9771428571428571,False,31.68,0.0229,LOW,Mix meat_0,Meat and fish,Prague_3
1678,893.098063,0.964642857142857,28.0,1.0,0.964642857142857,False,31.58,0.0354,LOW,Pumpkin_6,Fruit and vegetable,Prague_1
93,74.92328,0.58,6.0,3.0,0.58,False,31.47,0.42,HIGH,Lettuce_1,Fruit and vegetable,Munich_1
3894,955.794938,0.9671428571428571,28.0,0.0,0.9671428571428571,False,31.4,0.0329,LOW,Granadilla_0,Fruit and vegetable,Frankfurt_1
2045,266.53770199999997,0.8825,12.0,1.0,0.8825,False,31.32,0.1175,HIGH,Bagel_5,Bakery,Brno_1
561,912.8703869999999,0.9657142857142856,28.0,1.0,0.9657142857142856,False,31.3,0.0343,LOW,Cucumber_7,Fruit and vegetable,Munich_1
3901,1824.300468,0.9828571428571428,28.0,0.0,0.9828571428571428,False,31.27,0.0171,LOW,Melon_11,Fruit and vegetable,Prague_1
4786,2229.005601,0.986,15.0,0.0,0.986,False,31.21,0.014,LOW,Potato_73,Fruit and vegetable,Prague_2
3381,504.1857235,0.9382142857142858,28.0,0.0,0.9382142857142858,False,31.15,0.0618,MEDIUM,Bread_133,Bakery,Prague_3
1092,1590.365945,0.9804347826086957,23.0,0.0,0.9804347826086957,False,31.12,0.0196,LOW,Bell Pepper_4,Fruit and vegetable,Budapest_1
575,564.296838,0.9453571428571428,28.0,2.0,0.9453571428571428,False,30.83,0.0546,MEDIUM,Pineapple_1,Fruit and vegetable,Prague_2
2485,616.402781,0.9500000000000001,7.0,0.0,0.9500000000000001,False,30.82,0.05,MEDIUM,Spinach_6,Fruit and vegetable,Munich_1
4323,630.733398,0.9511538461538461,26.0,1.0,0.9511538461538461,False,30.81,0.0488,LOW,Chicken_81,Meat and fish,Prague_3
5066,633.182384,0.9514814814814815,27.0,0.0,0.9514814814814815,False,30.72,0.0485,LOW,Bread_215,Bakery,Frankfurt_1
3222,3301.69857,0.9907142857142858,28.0,0.0,0.9907142857142858,False,30.66,0.0093,LOW,Toust_20,Bakery,Brno_1
4433,1714.236305,0.9821428571428571,28.0,0.0,0.9821428571428571,False,30.61,0.0179,LOW,Mix meat_5,Meat and fish,Prague_2
1508,332.1059429,0.90875,24.0,2.0,0.90875,False,30.3,0.0912,MEDIUM,Bread_62,Bakery,Prague_3
2412,900.357453,0.9664285714285715,28.0,1.0,0.9664285714285715,False,30.23,0.0336,LOW,Pumpkin_10,Fruit and vegetable,Prague_2
62,257.5390928,0.8826923076923077,26.0,2.0,0.8826923076923077,False,30.21,0.1173,HIGH,Chicken_0,Meat and fish,Prague_3
2627,1050.460117,0.97125,16.0,0.0,0.97125,False,30.2,0.0287,LOW,Lettuce_24,Fruit and vegetable,Brno_1
1777,629.332686,0.9521428571428571,28.0,1.0,0.9521428571428571,False,30.12,0.0479,LOW,Chicken_36,Meat and fish,Frankfurt_1
3175,583.9253255,0.9484615384615385,26.0,1.0,0.9484615384615385,False,30.09,0.0515,MEDIUM,Zucchini_6,Fruit and vegetable,Budapest_1
1089,436.430184,0.931153846153846,26.0,2.0,0.931153846153846,False,30.05,0.0689,MEDIUM,Chicken_25,Meat and fish,Prague_2
1348,526.275276,0.942962962962963,27.0,1.0,0.942962962962963,False,30.02,0.057,MEDIUM,Lime_3,Fruit and vegetable,Brno_1
2948,688.512953,0.9564285714285715,28.0,0.0,0.9564285714285715,False,30.0,0.0436,LOW,Mushroom_14,Fruit and vegetable,Prague_3
5201,381.60133379999996,0.9214285714285714,28.0,2.0,0.9214285714285714,False,29.98,0.0786,MEDIUM,Pork_38,Meat and fish,Prague_3
3392,1710.339326,0.9825,28.0,0.0,0.9825,False,29.93,0.0175,LOW,Beef_19,Meat and fish,Brno_1
2779,685.893967,0.9563636363636363,22.0,1.0,0.9563636363636363,False,29.93,0.0436,LOW,Peach_10,Fruit and vegetable,Prague_2
3121,393.44526,0.9239285714285713,28.0,1.0,0.9239285714285713,False,29.93,0.0761,MEDIUM,Roll_28,Bakery,Prague_2
205,720.258278,0.9585185185185184,27.0,1.0,0.9585185185185184,False,29.88,0.0415,LOW,Pork_1,Meat and fish,Brno_1
4040,368.9141695,0.9192307692307692,26.0,1.0,0.9192307692307692,False,29.8,0.0808,MEDIUM,Leek_6,Fruit and vegetable,Frankfurt_1
776,479.038921,0.9378571428571428,28.0,1.0,0.9378571428571428,False,29.77,0.0621,MEDIUM,Pastry_36,Bakery,Prague_2
4814,483.855829,0.9385714285714285,28.0,2.0,0.9385714285714285,False,29.72,0.0614,MEDIUM,Salad_55,Fruit and vegetable,Frankfurt_1
3177,487.60966,0.9392307692307693,26.0,1.0,0.9392307692307693,False,29.63,0.0608,MEDIUM,Herb_11,Fruit and vegetable,Munich_1
4077,2023.091976,0.9853571428571427,28.0,0.0,0.9853571428571427,False,29.62,0.0146,LOW,Drink_0,Fruit and vegetable,Prague_1
577,1119.6584560000001,0.9735714285714285,28.0,0.0,0.9735714285714285,False,29.59,0.0264,LOW,Pineapple_1,Fruit and vegetable,Prague_1
2337,431.343878,0.9314285714285715,28.0,1.0,0.9314285714285715,False,29.58,0.0686,MEDIUM,Pastry_98,Bakery,Prague_2
5238,190.51077279999998,0.8448148148148149,27.0,3.0,0.8448148148148149,False,29.56,0.1552,HIGH,Chicken_99,Meat and fish,Prague_2
4285,982.25915,0.97,28.0,1.0,0.97,False,29.47,0.03,LOW,Pork_29,Meat and fish,Budapest_1
4554,3424.764664,0.9914285714285713,28.0,0.0,0.9914285714285713,False,29.36,0.0086,LOW,Beet_5,Fruit and vegetable,Brno_1
3193,820.648866,0.9642857142857143,28.0,1.0,0.9642857142857143,False,29.31,0.0357,LOW,Plum_17,Fruit and vegetable,Prague_2
3077,1544.49113,0.9810714285714285,28.0,0.0,0.9810714285714285,False,29.24,0.0189,LOW,Potato_51,Fruit and vegetable,Prague_1
4190,378.199427,0.9226923076923076,26.0,2.0,0.9226923076923076,False,29.24,0.0773,MEDIUM,Ginger_6,Fruit and vegetable,Frankfurt_1
1652,31.0966491,0.06,4.0,4.0,0.06,False,29.23,0.94,HIGH,Bag_0,Fruit and vegetable,Prague_3
2302,153.3982310115,0.8096428571428573,28.0,4.0,0.8096428571428573,False,29.2,0.1904,HIGH,Croissant_17,Bakery,Prague_3
2710,199.9511642,0.8539999999999999,20.0,3.0,0.8539999999999999,False,29.19,0.146,HIGH,Duck_2,Meat and fish,Prague_2
1290,926.796492,0.9685714285714286,28.0,0.0,0.9685714285714286,False,29.13,0.0314,LOW,Bread_54,Bakery,Prague_2
3300,586.174822,0.9503846153846153,26.0,1.0,0.9503846153846153,False,29.08,0.0496,LOW,Chicken_66,Meat and fish,Prague_3
3107,812.7188639999999,0.9642857142857143,28.0,1.0,0.9642857142857143,False,29.03,0.0357,LOW,Squash_2,Fruit and vegetable,Budapest_1
4799,121.53884199999999,0.7611538461538461,26.0,6.0,0.7611538461538461,False,29.03,0.2389,HIGH,Snack_10,Fruit and vegetable,Frankfurt_1
4659,819.754518,0.964642857142857,28.0,1.0,0.964642857142857,False,28.98,0.0354,LOW,Rosemary_2,Fruit and vegetable,Brno_1
1306,786.692092,0.9632142857142856,28.0,1.0,0.9632142857142856,False,28.94,0.0368,LOW,Bread_55,Bakery,Prague_1
1723,600.668665,0.9518518518518518,27.0,0.0,0.9518518518518518,False,28.92,0.0481,LOW,Pastry_69,Bakery,Budapest_1
4474,408.7906815,0.9292857142857144,28.0,2.0,0.9292857142857144,False,28.91,0.0707,MEDIUM,Beef_25,Meat and fish,Prague_2
1898,1156.077566,0.975,28.0,1.0,0.975,False,28.9,0.025,LOW,Croissant_14,Bakery,Frankfurt_1
2234,1836.268946,0.9842857142857142,28.0,0.0,0.9842857142857142,False,28.86,0.0157,LOW,Mushroom_8,Fruit and vegetable,Brno_1
642,712.0989665,0.9596000000000001,25.0,0.0,0.9596000000000001,False,28.77,0.0404,LOW,Bread_21,Bakery,Munich_1
4135,870.2649260000001,0.967,20.0,1.0,0.967,False,28.72,0.033,LOW,Bread_171,Bakery,Brno_1
2204,486.98436,0.9410714285714287,28.0,1.0,0.9410714285714287,False,28.7,0.0589,MEDIUM,Carrot_17,Fruit and vegetable,Prague_3
3484,911.137213,0.9685185185185184,27.0,0.0,0.9685185185185184,False,28.68,0.0315,LOW,Coriander_7,Fruit and vegetable,Frankfurt_1
4656,496.212533,0.9422222222222222,27.0,1.0,0.9422222222222222,False,28.67,0.0578,MEDIUM,Rosemary_2,Fruit and vegetable,Prague_3
1117,350.4028461,0.9185185185185185,27.0,1.0,0.9185185185185185,False,28.55,0.0815,MEDIUM,Vegetable_5,Fruit and vegetable,Prague_3
2523,144.2427898,0.8025000000000001,28.0,6.0,0.8025000000000001,False,28.49,0.1975,HIGH,Pastry_110,Bakery,Prague_3
670,724.023999,0.9607142857142856,28.0,0.0,0.9607142857142856,False,28.44,0.0393,LOW,Pork_6,Meat and fish,Budapest_1
4091,595.327766,0.9525,28.0,1.0,0.9525,False,28.28,0.0475,LOW,Bean_1,Fruit and vegetable,Brno_1
4584,942.163888,0.97,28.0,1.0,0.97,False,28.26,0.03,LOW,Bean_2,Fruit and vegetable,Prague_2
2186,648.438393,0.9564285714285713,28.0,0.0,0.9564285714285713,False,28.25,0.0436,LOW,Mint_0,Fruit and vegetable,Prague_2
2116,5268.08716,0.9946428571428572,28.0,0.0,0.9946428571428572,False,28.22,0.0054,LOW,Cucumber_17,Fruit and vegetable,Munich_1
4123,617.49896,0.9544,25.0,1.0,0.9544,False,28.16,0.0456,LOW,Pastry_151,Bakery,Frankfurt_1
2511,285.0471424,0.9018518518518518,27.0,3.0,0.9018518518518518,False,27.98,0.0982,MEDIUM,Beef_12,Meat and fish,Prague_1
2734,685.110066,0.9592592592592594,27.0,1.0,0.9592592592592594,False,27.91,0.0407,LOW,Rice Cake_2,Bakery,Prague_2
621,400.6160125,0.9303571428571429,28.0,0.0,0.9303571428571429,False,27.9,0.0696,MEDIUM,Pastry_26,Bakery,Prague_2
1096,565.415493,0.9507142857142857,28.0,2.0,0.9507142857142857,False,27.87,0.0493,LOW,Beef_7,Meat and fish,Prague_2
4716,1529.185703,0.9817857142857144,28.0,1.0,0.9817857142857144,False,27.85,0.0182,LOW,Parsley_12,Fruit and vegetable,Prague_3
2035,1769.713181,0.9842857142857142,28.0,0.0,0.9842857142857142,False,27.81,0.0157,LOW,Salad_22,Fruit and vegetable,Munich_1
3501,883.904339,0.9685714285714286,28.0,0.0,0.9685714285714286,False,27.78,0.0314,LOW,Pastry_131,Bakery,Brno_1
3557,611.319519,0.9546428571428571,28.0,1.0,0.9546428571428571,False,27.73,0.0454,LOW,Bread_139,Bakery,Frankfurt_1
5250,1175.848376,0.9764285714285714,28.0,1.0,0.9764285714285714,False,27.72,0.0236,LOW,Potato_81,Fruit and vegetable,Prague_3
5072,214.7720861,0.8712000000000001,25.0,4.0,0.8712000000000001,False,27.66,0.1288,HIGH,Onion_46,Fruit and vegetable,Prague_2
870,585.980924,0.9528571428571428,28.0,1.0,0.9528571428571428,False,27.62,0.0471,LOW,Soup_1,Fruit and vegetable,Prague_3
2529,1331.620001,0.9792857142857144,28.0,0.0,0.9792857142857144,False,27.58,0.0207,LOW,Onion_22,Fruit and vegetable,Frankfurt_1
4181,747.524513,0.9633333333333334,27.0,1.0,0.9633333333333334,False,27.41,0.0367,LOW,Salmon_15,Meat and fish,Brno_1
979,807.346722,0.9660714285714286,28.0,1.0,0.9660714285714286,False,27.39,0.0339,LOW,Toust_8,Bakery,Prague_2
4719,3332.4579949999998,0.9917857142857143,28.0,0.0,0.9917857142857143,False,27.37,0.0082,LOW,Parsley_12,Fruit and vegetable,Brno_1
4366,280.382288,0.9025,28.0,2.0,0.9025,False,27.34,0.0975,MEDIUM,Snack_8,Fruit and vegetable,Prague_2
3069,1699.6090080000001,0.9839285714285715,28.0,0.0,0.9839285714285715,False,27.32,0.0161,LOW,Salad_33,Fruit and vegetable,Prague_1
5202,857.725973,0.9682142857142858,28.0,1.0,0.9682142857142858,False,27.26,0.0318,LOW,Pork_38,Meat and fish,Brno_1
4657,1192.085273,0.9771428571428571,28.0,1.0,0.9771428571428571,False,27.25,0.0229,LOW,Rosemary_2,Fruit and vegetable,Prague_1
400,1210.503102,0.9774999999999999,28.0,0.0,0.9774999999999999,False,27.24,0.0225,LOW,Parsley_0,Fruit and vegetable,Brno_1
1871,548.429444,0.950357142857143,28.0,1.0,0.950357142857143,False,27.23,0.0497,LOW,Passion fruit_1,Fruit and vegetable,Prague_1
982,612.585628,0.9557142857142856,28.0,0.0,0.9557142857142856,False,27.13,0.0443,LOW,Toust_8,Bakery,Prague_3
1705,490.140992,0.9446428571428571,28.0,2.0,0.9446428571428571,False,27.13,0.0554,MEDIUM,Pork_17,Meat and fish,Budapest_1
4432,1702.082809,0.9840740740740741,27.0,0.0,0.9840740740740741,False,27.11,0.0159,LOW,Mix meat_5,Meat and fish,Prague_3
5070,420.7445865,0.9357142857142857,28.0,1.0,0.9357142857142857,False,27.05,0.0643,MEDIUM,Onion_46,Fruit and vegetable,Prague_1
1666,4193.67245,0.9935714285714285,28.0,0.0,0.9935714285714285,False,26.96,0.0064,LOW,Garlic_4,Fruit and vegetable,Prague_1
1517,333.390212,0.9192857142857143,28.0,2.0,0.9192857142857143,False,26.91,0.0807,MEDIUM,Pepper_8,Fruit and vegetable,Brno_1
4439,622.306291,0.9568181818181819,22.0,1.0,0.9568181818181819,False,26.87,0.0432,LOW,Tomato_100,Fruit and vegetable,Budapest_1
3220,2087.0925349999998,0.9871428571428572,28.0,0.0,0.9871428571428572,False,26.83,0.0129,LOW,Toust_20,Bakery,Prague_2
412,4152.720235,0.9935714285714285,28.0,0.0,0.9935714285714285,False,26.7,0.0064,LOW,Tomato_7,Fruit and vegetable,Prague_2
5355,441.1941375,0.9395652173913043,23.0,0.0,0.9395652173913043,False,26.66,0.0604,MEDIUM,Potato_84,Fruit and vegetable,Frankfurt_1
2197,1286.687273,0.9792857142857143,28.0,0.0,0.9792857142857143,False,26.65,0.0207,LOW,Ginger_4,Fruit and vegetable,Prague_1
3497,373.037354,0.9285714285714285,28.0,3.0,0.9285714285714285,False,26.65,0.0714,MEDIUM,Spinach_9,Fruit and vegetable,Brno_1
2299,144.01184826,0.8150000000000002,28.0,4.0,0.8150000000000002,False,26.64,0.185,HIGH,Croissant_17,Bakery,Prague_2
3606,1661.703634,0.984,10.0,0.0,0.984,False,26.59,0.016,LOW,Potato_57,Fruit and vegetable,Budapest_1
4368,504.460533,0.9473076923076924,26.0,1.0,0.9473076923076924,False,26.58,0.0527,MEDIUM,Flatbread_0,Bakery,Frankfurt_1
592,830.459612,0.968,15.0,0.0,0.968,False,26.57,0.032,LOW,Croissant_4,Bakery,Prague_1
1375,414.80375399999997,0.9362962962962963,27.0,2.0,0.9362962962962963,False,26.42,0.0637,MEDIUM,Pork_16,Meat and fish,Prague_2
3609,2311.1208619999998,0.9885714285714285,28.0,0.0,0.9885714285714285,False,26.41,0.0114,LOW,Pretzel_12,Bakery,Budapest_1
3662,3202.5649,0.9917857142857143,28.0,0.0,0.9917857142857143,False,26.31,0.0082,LOW,Garlic_12,Fruit and vegetable,Budapest_1
3564,87.565223,0.7007692307692307,13.0,4.0,0.7007692307692307,False,26.2,0.2992,HIGH,Grape_30,Fruit and vegetable,Brno_1
98,916.246792,0.9714285714285714,28.0,0.0,0.9714285714285714,False,26.18,0.0286,LOW,Bread_0,Bakery,Brno_1
1311,538.1901665,0.9514285714285714,28.0,1.0,0.9514285714285714,False,26.14,0.0486,LOW,Vegetable_6,Fruit and vegetable,Prague_3
1109,1868.095602,0.9860714285714286,28.0,0.0,0.9860714285714286,False,26.02,0.0139,LOW,Mango_3,Fruit and vegetable,Budapest_1
4183,644.841891,0.9596428571428574,28.0,1.0,0.9596428571428574,False,26.02,0.0404,LOW,Salmon_15,Meat and fish,Prague_3
4059,402.49217899999996,0.9353571428571428,28.0,1.0,0.9353571428571428,False,26.02,0.0646,MEDIUM,Orange_26,Fruit and vegetable,Budapest_1
578,606.229115,0.9571428571428572,28.0,0.0,0.9571428571428572,False,25.98,0.0429,LOW,Pineapple_1,Fruit and vegetable,Prague_3
1956,595.311198,0.9564285714285715,28.0,2.0,0.9564285714285715,False,25.94,0.0436,LOW,Bread_79,Bakery,Frankfurt_1
4163,805.1811299999999,0.9678571428571429,28.0,1.0,0.9678571428571429,False,25.88,0.0321,LOW,Pork_28,Meat and fish,Brno_1
2050,466.9643325,0.9446428571428571,28.0,1.0,0.9446428571428571,False,25.85,0.0554,MEDIUM,Duck_1,Meat and fish,Budapest_1
1907,1536.063867,0.9832142857142857,28.0,0.0,0.9832142857142857,False,25.78,0.0168,LOW,Salmon_5,Meat and fish,Prague_2
4875,1477.090147,0.9825925925925927,27.0,0.0,0.9825925925925927,False,25.71,0.0174,LOW,Bread_206,Bakery,Munich_1
4573,535.767419,0.9521428571428571,28.0,1.0,0.9521428571428571,False,25.64,0.0479,LOW,Pork_34,Meat and fish,Budapest_1
2124,581.623603,0.9560714285714286,28.0,1.0,0.9560714285714286,False,25.55,0.0439,LOW,Thyme_1,Fruit and vegetable,Brno_1
1709,2235.12002,0.9885714285714285,28.0,0.0,0.9885714285714285,False,25.54,0.0114,LOW,Carrot_15,Fruit and vegetable,Frankfurt_1
566,1517.13921,0.9832142857142857,28.0,0.0,0.9832142857142857,False,25.47,0.0168,LOW,Bread_19,Bakery,Brno_1
2576,491.2082345,0.9482142857142858,28.0,0.0,0.9482142857142858,False,25.44,0.0518,MEDIUM,Bread_95,Bakery,Frankfurt_1
3758,1547.619706,0.9835714285714287,28.0,0.0,0.9835714285714287,False,25.43,0.0164,LOW,Chicken_68,Meat and fish,Prague_1
944,973.721515,0.9739285714285713,28.0,0.0,0.9739285714285713,False,25.39,0.0261,LOW,Onion_7,Fruit and vegetable,Prague_2
2009,580.171936,0.9564285714285715,28.0,0.0,0.9564285714285715,False,25.28,0.0436,LOW,Radish_9,Fruit and vegetable,Prague_2
4154,618.323151,0.9592857142857143,28.0,0.0,0.9592857142857143,False,25.17,0.0407,LOW,Pastry_152,Bakery,Prague_1
3137,488.36179450000003,0.9484615384615385,26.0,1.0,0.9484615384615385,False,25.17,0.0515,MEDIUM,Carrot_21,Fruit and vegetable,Prague_2
5044,308.796547,0.9185714285714285,28.0,3.0,0.9185714285714285,False,25.14,0.0814,MEDIUM,Baguette_37,Bakery,Budapest_1
901,1049.022837,0.9760714285714285,28.0,1.0,0.9760714285714285,False,25.1,0.0239,LOW,Bread_37,Bakery,Brno_1
1695,375.8716655,0.9332142857142858,28.0,1.0,0.9332142857142858,False,25.1,0.0668,MEDIUM,Bread_68,Bakery,Prague_2
2084,988.105092,0.9746428571428571,28.0,0.0,0.9746428571428571,False,25.06,0.0254,LOW,Pomegranate_1,Fruit and vegetable,Brno_1
5046,483.778572,0.9482142857142856,28.0,0.0,0.9482142857142856,False,25.05,0.0518,MEDIUM,Bread_213,Bakery,Prague_3
1516,343.7299655,0.9271428571428572,28.0,2.0,0.9271428571428572,False,25.04,0.0728,MEDIUM,Pepper_8,Fruit and vegetable,Prague_2
4179,1667.216575,0.985,28.0,0.0,0.985,False,25.01,0.015,LOW,Cucumber_28,Fruit and vegetable,Budapest_1
3125,411.8308615,0.9392857142857143,28.0,2.0,0.9392857142857143,False,25.0,0.0607,MEDIUM,Mushroom_16,Fruit and vegetable,Prague_2
2452,784.897745,0.9682142857142858,28.0,1.0,0.9682142857142858,False,24.95,0.0318,LOW,Toust_17,Bakery,Prague_1
1228,1224.857863,0.9796428571428571,28.0,1.0,0.9796428571428571,False,24.93,0.0204,LOW,Fennel_0,Fruit and vegetable,Budapest_1
2891,703.667657,0.9646428571428572,28.0,1.0,0.9646428571428572,False,24.88,0.0354,LOW,Roll_27,Bakery,Frankfurt_1
2008,465.927979,0.9467857142857143,28.0,1.0,0.9467857142857143,False,24.79,0.0532,MEDIUM,Radish_9,Fruit and vegetable,Prague_3
511,1054.266448,0.9765384615384616,26.0,1.0,0.9765384615384616,False,24.73,0.0235,LOW,Bell pepper_0,Fruit and vegetable,Brno_1
5023,535.339921,0.9538461538461539,26.0,0.0,0.9538461538461539,False,24.71,0.0462,LOW,Chive_3,Fruit and vegetable,Prague_3
2206,580.962204,0.9575000000000001,28.0,0.0,0.9575000000000001,False,24.69,0.0425,LOW,Carrot_17,Fruit and vegetable,Prague_2
3063,907.199382,0.9728571428571426,28.0,0.0,0.9728571428571426,False,24.62,0.0271,LOW,Pepper_17,Fruit and vegetable,Prague_1
2328,362.243679,0.932142857142857,28.0,1.0,0.932142857142857,False,24.58,0.0679,MEDIUM,Physalis_1,Fruit and vegetable,Prague_3
1167,517.3023,0.9524999999999999,28.0,1.0,0.9524999999999999,False,24.57,0.0475,LOW,Apple_27,Fruit and vegetable,Munich_1
2326,494.014907,0.9503846153846154,26.0,0.0,0.9503846153846154,False,24.51,0.0496,LOW,Physalis_1,Fruit and vegetable,Prague_2
3342,485.506594,0.9496428571428571,28.0,1.0,0.9496428571428571,False,24.45,0.0504,MEDIUM,Pak choi_2,Fruit and vegetable,Budapest_1
126,317.1269772,0.9229629629629629,27.0,2.0,0.9229629629629629,False,24.43,0.077,MEDIUM,Chicken_4,Meat and fish,Prague_2
4827,597.996476,0.9592857142857144,28.0,1.0,0.9592857142857144,False,24.35,0.0407,LOW,Chicken_92,Meat and fish,Prague_3
501,1284.789615,0.9811111111111113,27.0,0.0,0.9811111111111113,False,24.27,0.0189,LOW,Chicken_13,Meat and fish,Prague_1
78,228.622607,0.8942857142857142,28.0,2.0,0.8942857142857142,False,24.17,0.1057,HIGH,Pork_0,Meat and fish,Prague_3
1744,1771.755251,0.9864285714285713,28.0,0.0,0.9864285714285713,False,24.05,0.0136,LOW,Bread_71,Bakery,Munich_1
4563,473.8585555,0.9492857142857142,28.0,0.0,0.9492857142857142,False,24.03,0.0507,MEDIUM,Beef_26,Meat and fish,Prague_3
3623,1301.049432,0.981578947368421,19.0,0.0,0.981578947368421,False,23.97,0.0184,LOW,Toust_23,Bakery,Prague_3
2829,684.778476,0.965,26.0,1.0,0.965,False,23.97,0.035,LOW,Pastry_116,Bakery,Budapest_1
832,817.303957,0.9707142857142859,28.0,1.0,0.9707142857142859,False,23.94,0.0293,LOW,Croissant_7,Bakery,Prague_2
4867,440.526077,0.9457692307692308,26.0,2.0,0.9457692307692308,False,23.89,0.0542,MEDIUM,Pumpkin_18,Fruit and vegetable,Brno_1
2702,1749.08333,0.9864285714285713,28.0,0.0,0.9864285714285713,False,23.74,0.0136,LOW,Leek_3,Fruit and vegetable,Budapest_1
2461,562.7336755,0.9578571428571429,28.0,0.0,0.9578571428571429,False,23.72,0.0422,LOW,Pastry_105,Bakery,Prague_2
4530,2205.863689,0.9892592592592593,27.0,0.0,0.9892592592592593,False,23.69,0.0107,LOW,Parsley_11,Fruit and vegetable,Brno_1
2125,401.9549165,0.9410714285714287,28.0,1.0,0.9410714285714287,False,23.69,0.0589,MEDIUM,Thyme_1,Fruit and vegetable,Prague_3
214,389.0131042,0.9391304347826087,23.0,1.0,0.9391304347826087,False,23.68,0.0609,MEDIUM,Pear_4,Fruit and vegetable,Prague_2
3313,523.40104,0.955,28.0,1.0,0.955,False,23.55,0.045,LOW,Garlic_10,Fruit and vegetable,Prague_3
2309,362.3316345,0.9349999999999998,28.0,2.0,0.9349999999999998,False,23.55,0.065,MEDIUM,Potato_40,Fruit and vegetable,Prague_2
281,196.165289,0.88,1.0,0.0,0.88,False,23.54,0.12,HIGH,Nectarine_0,Fruit and vegetable,Prague_2
5236,218.0859236,0.892142857142857,28.0,3.0,0.892142857142857,False,23.52,0.1078,HIGH,Chicken_99,Meat and fish,Prague_3
1222,506.142584,0.9535714285714285,28.0,1.0,0.9535714285714285,False,23.5,0.0464,LOW,Bread_53,Bakery,Frankfurt_1
905,2112.809154,0.9889285714285714,28.0,0.0,0.9889285714285714,False,23.39,0.0111,LOW,Pear_8,Fruit and vegetable,Prague_2
703,1679.478499,0.9860714285714286,28.0,0.0,0.9860714285714286,False,23.39,0.0139,LOW,Turkey_3,Meat and fish,Prague_1
2086,778.662418,0.9700000000000001,28.0,0.0,0.9700000000000001,False,23.36,0.03,LOW,Pomegranate_1,Fruit and vegetable,Prague_3
3676,389.308491,0.9400000000000002,28.0,1.0,0.9400000000000002,False,23.36,0.06,MEDIUM,Fennel_2,Fruit and vegetable,Prague_2
1829,813.5415407,0.9713636363636364,22.0,0.0,0.9713636363636364,False,23.3,0.0286,LOW,Roll_16,Bakery,Munich_1
3128,1533.0254,0.9848148148148148,27.0,0.0,0.9848148148148148,False,23.28,0.0152,LOW,Bread_121,Bakery,Munich_1
2941,714.594693,0.9675,28.0,1.0,0.9675,False,23.22,0.0325,LOW,Chicken_61,Meat and fish,Prague_3
3075,854.251003,0.972857142857143,28.0,1.0,0.972857142857143,False,23.19,0.0271,LOW,Potato_51,Fruit and vegetable,Prague_3
3566,101.146104,0.7711538461538462,26.0,5.0,0.7711538461538462,False,23.15,0.2289,HIGH,Grape_30,Fruit and vegetable,Prague_1
3842,1407.1252180000001,0.9835714285714285,28.0,0.0,0.9835714285714285,False,23.12,0.0164,LOW,Coriander_8,Fruit and vegetable,Prague_3
5300,380.3309265,0.9392857142857144,28.0,0.0,0.9392857142857144,False,23.09,0.0607,MEDIUM,Cookie_1,Bakery,Prague_2
3061,500.8239135,0.9539285714285713,28.0,1.0,0.9539285714285713,False,23.07,0.0461,LOW,Pepper_17,Fruit and vegetable,Prague_3
988,381.9323885,0.9396428571428571,28.0,1.0,0.9396428571428571,False,23.05,0.0604,MEDIUM,Bread_40,Bakery,Budapest_1
2947,1321.788046,0.9825925925925927,27.0,0.0,0.9825925925925927,False,23.01,0.0174,LOW,Mushroom_14,Fruit and vegetable,Prague_1
5071,255.2530461,0.9099999999999999,27.0,3.0,0.9099999999999999,False,22.97,0.09,MEDIUM,Onion_46,Fruit and vegetable,Brno_1
1445,655.3520579999999,0.965,22.0,1.0,0.965,False,22.94,0.035,LOW,Snack_1,Bakery,Brno_1
2780,1197.4035000000001,0.9809090909090908,22.0,0.0,0.9809090909090908,False,22.86,0.0191,LOW,Peach_10,Fruit and vegetable,Prague_1
3882,252.755416,0.91,23.0,1.0,0.91,False,22.75,0.09,MEDIUM,Chicken_71,Meat and fish,Prague_2
2711,313.490075,0.9276190476190475,21.0,1.0,0.9276190476190475,False,22.69,0.0724,MEDIUM,Tomato_56,Fruit and vegetable,Brno_1
3402,1350.564952,0.9832142857142856,28.0,0.0,0.9832142857142856,False,22.67,0.0168,LOW,Carrot_23,Fruit and vegetable,Munich_1
4182,667.774701,0.9660714285714286,28.0,1.0,0.9660714285714286,False,22.66,0.0339,LOW,Salmon_15,Meat and fish,Prague_2
5421,2029.041817,0.9888461538461539,26.0,0.0,0.9888461538461539,False,22.63,0.0112,LOW,Pork_41,Meat and fish,Brno_1
1289,1152.211338,0.9803571428571429,28.0,0.0,0.9803571428571429,False,22.63,0.0196,LOW,Bread_54,Bakery,Prague_1
3040,540.3228925,0.9581481481481481,27.0,0.0,0.9581481481481481,False,22.61,0.0418,LOW,Garlic_9,Fruit and vegetable,Brno_1
3495,323.671205,0.9303846153846155,26.0,1.0,0.9303846153846155,False,22.53,0.0696,MEDIUM,Spinach_9,Fruit and vegetable,Prague_2
3857,1397.696408,0.9839285714285715,28.0,0.0,0.9839285714285715,False,22.46,0.0161,LOW,Donut_31,Bakery,Budapest_1
3082,587.273178,0.9617857142857142,28.0,0.0,0.9617857142857142,False,22.44,0.0382,LOW,Shallot_1,Fruit and vegetable,Brno_1
4321,658.32263,0.9659259259259259,27.0,1.0,0.9659259259259259,False,22.43,0.0341,LOW,Chicken_81,Meat and fish,Prague_2
2228,242.99437799999998,0.9077272727272727,22.0,1.0,0.9077272727272727,False,22.42,0.0923,MEDIUM,Corn_3,Fruit and vegetable,Prague_3
3393,1160.695244,0.9807142857142858,28.0,0.0,0.9807142857142858,False,22.38,0.0193,LOW,Beef_19,Meat and fish,Prague_2
4870,205.2696683,0.8909523809523809,21.0,2.0,0.8909523809523809,False,22.38,0.109,HIGH,Pumpkin_18,Fruit and vegetable,Prague_2
3248,670.130359,0.9667857142857142,28.0,1.0,0.9667857142857142,False,22.26,0.0332,LOW,Bread_126,Bakery,Frankfurt_1
5039,401.518723,0.944642857142857,28.0,1.0,0.944642857142857,False,22.23,0.0554,MEDIUM,Pastry_187,Bakery,Prague_3
2579,851.997387,0.9739285714285714,28.0,1.0,0.9739285714285714,False,22.21,0.0261,LOW,Toust_18,Bakery,Brno_1
2001,825.854562,0.9732142857142857,28.0,1.0,0.9732142857142857,False,22.12,0.0268,LOW,Pastry_83,Bakery,Budapest_1
2998,231.4622721,0.9046153846153846,26.0,2.0,0.9046153846153846,False,22.08,0.0954,MEDIUM,Cake_5,Bakery,Prague_3
1386,140.84923455,0.8432142857142856,28.0,5.0,0.8432142857142856,False,22.08,0.1568,HIGH,Croissant_11,Bakery,Prague_3
3306,381.5079405,0.9421428571428571,28.0,0.0,0.9421428571428571,False,22.07,0.0578,MEDIUM,Bread_129,Bakery,Prague_3
801,1814.37667,0.9878571428571429,28.0,0.0,0.9878571428571429,False,22.03,0.0121,LOW,Pastry_38,Bakery,Prague_1
1994,237.0867146,0.9071999999999999,25.0,2.0,0.9071999999999999,False,22.0,0.0928,MEDIUM,Chicken_43,Meat and fish,Prague_3
4171,704.527764,0.9689285714285714,28.0,0.0,0.9689285714285714,False,21.89,0.0311,LOW,Chicken_77,Meat and fish,Prague_1
752,913.920198,0.9760714285714285,28.0,0.0,0.9760714285714285,False,21.87,0.0239,LOW,Pastry_34,Bakery,Prague_2
2414,1017.794803,0.9785714285714286,28.0,0.0,0.9785714285714286,False,21.81,0.0214,LOW,Pumpkin_10,Fruit and vegetable,Brno_1
598,3049.76317,0.9928571428571429,28.0,0.0,0.9928571428571429,False,21.78,0.0071,LOW,Celery_4,Fruit and vegetable,Prague_3
2999,300.3356997,0.9275,28.0,2.0,0.9275,False,21.77,0.0725,MEDIUM,Cake_5,Bakery,Prague_2
1812,811.704708,0.9732142857142857,28.0,1.0,0.9732142857142857,False,21.74,0.0268,LOW,Radish_8,Fruit and vegetable,Brno_1
5042,371.048056,0.9414814814814816,27.0,1.0,0.9414814814814816,False,21.71,0.0585,MEDIUM,Pork_37,Meat and fish,Budapest_1
3102,362.4205115,0.9403571428571429,28.0,0.0,0.9403571428571429,False,21.62,0.0597,MEDIUM,Pastry_121,Bakery,Prague_1
1677,491.913191,0.9560714285714286,28.0,0.0,0.9560714285714286,False,21.61,0.0439,LOW,Pumpkin_6,Fruit and vegetable,Prague_3
3130,214.5738387,0.8992857142857142,28.0,3.0,0.8992857142857142,False,21.61,0.1007,HIGH,Cake_6,Bakery,Prague_2
5051,1042.696585,0.9792857142857143,28.0,0.0,0.9792857142857143,False,21.6,0.0207,LOW,Mushroom_27,Fruit and vegetable,Budapest_1
1978,1123.231017,0.9808333333333333,24.0,0.0,0.9808333333333333,False,21.53,0.0192,LOW,Bread_81,Bakery,Frankfurt_1
3661,258.309984,0.9166666666666666,9.0,1.0,0.9166666666666666,False,21.53,0.0833,MEDIUM,Flower_10,Fruit and vegetable,Budapest_1
516,387.651881,0.9445454545454546,11.0,1.0,0.9445454545454546,False,21.5,0.0555,MEDIUM,Burger_0,Meat and fish,Munich_1
2133,1999.801007,0.9892857142857142,28.0,0.0,0.9892857142857142,False,21.43,0.0107,LOW,Croissant_15,Bakery,Prague_1
1371,188.8621823,0.8866666666666667,21.0,2.0,0.8866666666666667,False,21.4,0.1133,HIGH,Melon_5,Fruit and vegetable,Brno_1
4556,472.5745305,0.955,28.0,1.0,0.955,False,21.27,0.045,LOW,Cabbage_17,Fruit and vegetable,Prague_2
3841,2204.562597,0.9903571428571428,28.0,0.0,0.9903571428571428,False,21.26,0.0096,LOW,Coriander_8,Fruit and vegetable,Prague_1
2730,403.170799,0.9475999999999999,25.0,1.0,0.9475999999999999,False,21.13,0.0524,MEDIUM,Beef_13,Meat and fish,Prague_2
2782,623.8130142,0.9661538461538461,26.0,1.0,0.9661538461538461,False,21.11,0.0338,LOW,Bell Pepper_9,Fruit and vegetable,Prague_2
4393,2560.663238,0.9917857142857143,28.0,0.0,0.9917857142857143,False,21.03,0.0082,LOW,Herb_17,Fruit and vegetable,Brno_1
2205,762.89015,0.9725,28.0,1.0,0.9725,False,20.98,0.0275,LOW,Carrot_17,Fruit and vegetable,Prague_1
109,482.3020945,0.9566666666666668,27.0,2.0,0.9566666666666668,False,20.9,0.0433,LOW,Pastry_3,Bakery,Prague_3
2958,414.9436445,0.9496428571428571,28.0,1.0,0.9496428571428571,False,20.9,0.0504,MEDIUM,Potato_49,Fruit and vegetable,Prague_2
1298,1102.6133,0.9810714285714287,28.0,0.0,0.9810714285714287,False,20.87,0.0189,LOW,Pastry_56,Bakery,Prague_1
1993,279.812072,0.9258333333333333,24.0,2.0,0.9258333333333333,False,20.75,0.0742,MEDIUM,Chicken_43,Meat and fish,Prague_2
3949,230.2329585,0.91,28.0,2.0,0.91,False,20.72,0.09,MEDIUM,Breadcrumbs_0,Bakery,Prague_3
3563,49.356460999999996,0.5804,25.0,11.0,0.5804,False,20.71,0.4196,HIGH,Grape_30,Fruit and vegetable,Prague_2
1209,389.6123725,0.946923076923077,26.0,1.0,0.946923076923077,False,20.68,0.0531,MEDIUM,Asparagus_5,Fruit and vegetable,Prague_3
1168,1991.143358,0.9896428571428572,28.0,0.0,0.9896428571428572,False,20.62,0.0104,LOW,Pastry_53,Bakery,Budapest_1
1872,214.7409048,0.9042857142857142,28.0,1.0,0.9042857142857142,False,20.55,0.0957,MEDIUM,Passion fruit_1,Fruit and vegetable,Prague_3
645,261.4752117,0.9217857142857142,28.0,3.0,0.9217857142857142,False,20.45,0.0782,MEDIUM,Pastry_27,Bakery,Prague_2
4638,577.1448115000001,0.9646153846153847,26.0,1.0,0.9646153846153847,False,20.42,0.0354,LOW,Green Bean_1,Fruit and vegetable,Budapest_1
2087,601.495077,0.9660714285714285,28.0,0.0,0.9660714285714285,False,20.41,0.0339,LOW,Cabbage_6,Fruit and vegetable,Prague_3
3358,5188.36795,0.9960714285714286,28.0,0.0,0.9960714285714286,False,20.38,0.0039,LOW,Donut_28,Bakery,Prague_2
3840,1357.251329,0.985,28.0,0.0,0.985,False,20.36,0.015,LOW,Coriander_8,Fruit and vegetable,Prague_2
2933,120.3680194,0.8311538461538462,26.0,4.0,0.8311538461538462,False,20.32,0.1688,HIGH,Salmon_9,Meat and fish,Prague_2
2735,679.501124,0.9703571428571429,28.0,1.0,0.9703571428571429,False,20.14,0.0296,LOW,Rice Cake_2,Bakery,Prague_3
2083,608.902788,0.9671428571428571,28.0,1.0,0.9671428571428571,False,20.01,0.0329,LOW,Pomegranate_1,Fruit and vegetable,Prague_2
443,508.808152,0.9607142857142856,14.0,0.0,0.9607142857142856,False,19.99,0.0393,LOW,Vegetable_0,Fruit and vegetable,Budapest_1
827,1158.4956,0.982857142857143,28.0,0.0,0.982857142857143,False,19.86,0.0171,LOW,Tomato_16,Fruit and vegetable,Prague_2
5040,328.4838855,0.9396428571428572,28.0,0.0,0.9396428571428572,False,19.83,0.0604,MEDIUM,Pastry_187,Bakery,Prague_2
2451,579.798035,0.9660714285714286,28.0,1.0,0.9660714285714286,False,19.67,0.0339,LOW,Toust_17,Bakery,Brno_1
5021,982.077155,0.9800000000000001,28.0,0.0,0.9800000000000001,False,19.64,0.02,LOW,Chive_3,Fruit and vegetable,Prague_1
5180,453.252933,0.9566666666666667,3.0,0.0,0.9566666666666667,False,19.64,0.0433,LOW,Chicken_97,Meat and fish,Prague_1
4365,265.1259085,0.9264285714285715,28.0,2.0,0.9264285714285715,False,19.51,0.0736,MEDIUM,Snack_8,Fruit and vegetable,Prague_3
1731,1504.614756,0.9870370370370372,27.0,0.0,0.9870370370370372,False,19.5,0.013,LOW,Bagel_3,Bakery,Frankfurt_1
2312,303.547649,0.9357894736842104,19.0,1.0,0.9357894736842104,False,19.49,0.0642,MEDIUM,Snack_2,Bakery,Prague_1
1833,478.25311899999997,0.9592857142857144,28.0,1.0,0.9592857142857144,False,19.47,0.0407,LOW,Melon_6,Fruit and vegetable,Prague_2
3260,824.224497,0.9764285714285714,28.0,1.0,0.9764285714285714,False,19.43,0.0236,LOW,Squash_3,Fruit and vegetable,Budapest_1
3565,52.911102,0.6333333333333334,27.0,9.0,0.6333333333333334,False,19.4,0.3667,HIGH,Grape_30,Fruit and vegetable,Prague_3
1910,860.983639,0.9774999999999999,28.0,0.0,0.9774999999999999,False,19.37,0.0225,LOW,Celery_8,Fruit and vegetable,Munich_1
436,347.609834,0.9442857142857143,28.0,1.0,0.9442857142857143,False,19.37,0.0557,MEDIUM,Potato_5,Fruit and vegetable,Prague_1
872,645.317694,0.9700000000000001,27.0,0.0,0.9700000000000001,False,19.36,0.03,LOW,Soup_1,Fruit and vegetable,Prague_2
1376,716.561229,0.9730769230769231,26.0,0.0,0.9730769230769231,False,19.29,0.0269,LOW,Pork_16,Meat and fish,Prague_1
3964,709.7889260000001,0.9728571428571428,28.0,1.0,0.9728571428571428,False,19.27,0.0271,LOW,Chicken_73,Meat and fish,Prague_3
4414,1098.069382,0.9824999999999999,28.0,0.0,0.9824999999999999,False,19.22,0.0175,LOW,Chicken_85,Meat and fish,Prague_1
5098,1143.396354,0.9832142857142857,28.0,0.0,0.9832142857142857,False,19.19,0.0168,LOW,Broccoli_10,Fruit and vegetable,Budapest_1
1798,428.293013,0.9551851851851852,27.0,0.0,0.9551851851851852,False,19.19,0.0448,LOW,Tomato_37,Fruit and vegetable,Prague_3
3723,152.7717282,0.8757692307692309,26.0,2.0,0.8757692307692309,False,18.98,0.1242,HIGH,Cake_8,Bakery,Prague_2
3708,885.280839,0.9785714285714286,28.0,0.0,0.9785714285714286,False,18.97,0.0214,LOW,Chicory_0,Fruit and vegetable,Prague_1
4363,535.235019,0.965,28.0,0.0,0.965,False,18.73,0.035,LOW,Snack_8,Fruit and vegetable,Prague_1
3681,130.28769,0.8566666666666667,18.0,2.0,0.8566666666666667,False,18.67,0.1433,HIGH,Leek_4,Fruit and vegetable,Brno_1
2488,916.265453,0.9796428571428573,28.0,0.0,0.9796428571428573,False,18.65,0.0204,LOW,Chicken_52,Meat and fish,Budapest_1
368,207.217339,0.91,27.0,3.0,0.91,False,18.65,0.09,MEDIUM,Carrot_4,Fruit and vegetable,Budapest_1
4018,1852.819439,0.99,28.0,0.0,0.99,False,18.53,0.01,LOW,Beef_24,Meat and fish,Brno_1
1372,168.1384893,0.89,25.0,2.0,0.89,False,18.5,0.11,HIGH,Melon_5,Fruit and vegetable,Prague_3
3010,507.248772,0.9635714285714287,28.0,1.0,0.9635714285714287,False,18.48,0.0364,LOW,Salmon_10,Meat and fish,Prague_3
1676,426.7350175,0.9568000000000001,25.0,0.0,0.9568000000000001,False,18.43,0.0432,LOW,Pumpkin_6,Fruit and vegetable,Prague_2
1280,577.545818,0.9682142857142857,28.0,1.0,0.9682142857142857,False,18.36,0.0318,LOW,Pasta_0,Bakery,Brno_1
4075,901.525829,0.9796428571428571,28.0,0.0,0.9796428571428571,False,18.35,0.0204,LOW,Drink_0,Fruit and vegetable,Prague_2
2149,484.5966325,0.9621428571428571,28.0,1.0,0.9621428571428571,False,18.35,0.0379,LOW,Cabbage_7,Fruit and vegetable,Prague_2
3120,666.074786,0.9725,28.0,0.0,0.9725,False,18.32,0.0275,LOW,Roll_28,Bakery,Prague_1
3702,283.0464099,0.9353571428571429,28.0,1.0,0.9353571428571429,False,18.3,0.0647,MEDIUM,Orange_22,Fruit and vegetable,Prague_2
4400,371.527078,0.9508333333333333,24.0,2.0,0.9508333333333333,False,18.27,0.0492,LOW,Bread_182,Bakery,Frankfurt_1
562,3405.91536,0.9946428571428572,28.0,0.0,0.9946428571428572,False,18.25,0.0054,LOW,Tomato_13,Fruit and vegetable,Prague_1
212,599.586528,0.9695833333333334,24.0,1.0,0.9695833333333334,False,18.24,0.0304,LOW,Pear_4,Fruit and vegetable,Brno_1
4236,376.564292,0.9517857142857143,28.0,1.0,0.9517857142857143,False,18.16,0.0482,LOW,Date_1,Fruit and vegetable,Brno_1
4446,1429.88998,0.9873076923076922,26.0,0.0,0.9873076923076922,False,18.15,0.0127,LOW,Chicken_86,Meat and fish,Prague_3
710,263.043525,0.9314814814814815,27.0,1.0,0.9314814814814815,False,18.02,0.0685,MEDIUM,Bread_25,Bakery,Budapest_1
4416,663.3385940000001,0.9728571428571428,28.0,0.0,0.9728571428571428,False,18.0,0.0271,LOW,Chicken_85,Meat and fish,Prague_3
2777,1005.4025819999999,0.9822727272727273,22.0,0.0,0.9822727272727273,False,17.82,0.0177,LOW,Peach_10,Fruit and vegetable,Prague_3
2227,267.3683852,0.9333333333333333,27.0,1.0,0.9333333333333333,False,17.82,0.0666,MEDIUM,Corn_3,Fruit and vegetable,Prague_2
371,750.749778,0.9764285714285714,28.0,0.0,0.9764285714285714,False,17.7,0.0236,LOW,Bread_12,Bakery,Munich_1
5117,696.404838,0.9746428571428571,28.0,0.0,0.9746428571428571,False,17.66,0.0254,LOW,Chicken_96,Meat and fish,Brno_1
4152,1172.157287,0.9849999999999998,28.0,0.0,0.9849999999999998,False,17.58,0.015,LOW,Pastry_152,Bakery,Brno_1
3809,558.816363,0.9685714285714285,28.0,0.0,0.9685714285714285,False,17.56,0.0314,LOW,Beef_22,Meat and fish,Frankfurt_1
2721,621.790004,0.9717857142857144,28.0,1.0,0.9717857142857144,False,17.54,0.0282,LOW,Tortilla_8,Bakery,Prague_1
4273,197.149103,0.9111538461538463,26.0,1.0,0.9111538461538463,False,17.52,0.0889,MEDIUM,Herb_15,Fruit and vegetable,Prague_3
2825,1750.411962,0.99,28.0,0.0,0.99,False,17.5,0.01,LOW,Onion_26,Fruit and vegetable,Budapest_1
5115,515.85988,0.9660714285714285,28.0,1.0,0.9660714285714285,False,17.5,0.0339,LOW,Chicken_96,Meat and fish,Prague_2
2699,289.1243725,0.9396428571428572,28.0,1.0,0.9396428571428572,False,17.45,0.0604,MEDIUM,Turkey_12,Meat and fish,Budapest_1
3938,448.400269,0.9611111111111111,27.0,0.0,0.9611111111111111,False,17.44,0.0389,LOW,Onion_40,Fruit and vegetable,Prague_2
2313,192.664289,0.9094999999999999,20.0,2.0,0.9094999999999999,False,17.44,0.0905,MEDIUM,Snack_2,Bakery,Prague_2
1815,362.99134,0.952,10.0,0.0,0.952,False,17.42,0.048,LOW,Onion_15,Fruit and vegetable,Munich_1
940,676.755355,0.9742857142857142,28.0,1.0,0.9742857142857142,False,17.4,0.0257,LOW,Pork_9,Meat and fish,Prague_2
3753,427.01500550000003,0.9592857142857143,28.0,0.0,0.9592857142857143,False,17.39,0.0407,LOW,Pappudia_0,Fruit and vegetable,Prague_2
4841,283.0981756,0.9385714285714286,28.0,0.0,0.9385714285714286,False,17.39,0.0614,MEDIUM,Basil_5,Fruit and vegetable,Prague_3
2881,571.648673,0.9696428571428571,28.0,0.0,0.9696428571428571,False,17.35,0.0304,LOW,Salad_32,Fruit and vegetable,Prague_1
407,275.81424,0.9371428571428572,28.0,1.0,0.9371428571428572,False,17.34,0.0629,MEDIUM,Chicken_11,Meat and fish,Prague_3
171,346.092111,0.95,1.0,0.0,0.95,False,17.3,0.05,MEDIUM,Watermelon_2,Fruit and vegetable,Prague_3
4973,1227.4658200000001,0.985925925925926,27.0,0.0,0.985925925925926,False,17.28,0.0141,LOW,Chicken_93,Meat and fish,Prague_2
785,619.087722,0.9721428571428571,28.0,0.0,0.9721428571428571,False,17.25,0.0279,LOW,Pork_7,Meat and fish,Budapest_1
3047,169.9595334,0.8985714285714285,28.0,1.0,0.8985714285714285,False,17.24,0.1014,HIGH,Pastry_120,Bakery,Prague_2
5194,803.892906,0.9785714285714285,28.0,0.0,0.9785714285714285,False,17.23,0.0214,LOW,Kohlrabi_12,Fruit and vegetable,Munich_1
2454,609.861816,0.9717857142857144,28.0,1.0,0.9717857142857144,False,17.21,0.0282,LOW,Toust_17,Bakery,Prague_2
2989,1301.1782,0.9867857142857143,28.0,0.0,0.9867857142857143,False,17.19,0.0132,LOW,Garlic_8,Fruit and vegetable,Prague_1
4531,1115.043225,0.9846428571428572,28.0,0.0,0.9846428571428572,False,17.12,0.0154,LOW,Parsley_11,Fruit and vegetable,Prague_2
2039,1227.330962,0.9860714285714286,28.0,0.0,0.9860714285714286,False,17.09,0.0139,LOW,Chicken_45,Meat and fish,Prague_1
3459,1835.899868,0.9907142857142857,28.0,0.0,0.9907142857142857,False,17.05,0.0093,LOW,Salmon_12,Meat and fish,Munich_1
4153,273.2185206,0.9378571428571428,28.0,1.0,0.9378571428571428,False,16.98,0.0621,MEDIUM,Pastry_152,Bakery,Prague_2
4083,830.904938,0.9796296296296296,27.0,0.0,0.9796296296296296,False,16.93,0.0204,LOW,Apple_107,Fruit and vegetable,Prague_1
1950,353.13951000000003,0.9521428571428573,28.0,0.0,0.9521428571428573,False,16.9,0.0479,LOW,Bread_78,Bakery,Prague_3
2661,457.137348,0.9632142857142858,28.0,1.0,0.9632142857142858,False,16.82,0.0368,LOW,Bagel_7,Bakery,Budapest_1
5430,208.1659308,0.9192857142857144,28.0,2.0,0.9192857142857144,False,16.8,0.0807,MEDIUM,Chicken_102,Meat and fish,Prague_3
3046,248.4918434,0.9325,28.0,1.0,0.9325,False,16.77,0.0675,MEDIUM,Pastry_120,Bakery,Prague_3
2875,1140.707473,0.9853571428571428,28.0,0.0,0.9853571428571428,False,16.7,0.0146,LOW,Herb_10,Fruit and vegetable,Prague_2
2835,607.387291,0.9725,28.0,0.0,0.9725,False,16.7,0.0275,LOW,Rosemary_1,Fruit and vegetable,Budapest_1
2323,1287.265955,0.9870370370370369,27.0,0.0,0.9870370370370369,False,16.69,0.013,LOW,Pastry_97,Bakery,Brno_1
2333,896.3567859999999,0.9814285714285714,28.0,0.0,0.9814285714285714,False,16.65,0.0186,LOW,Pork_19,Meat and fish,Budapest_1
5329,763.932647,0.9782142857142857,28.0,0.0,0.9782142857142857,False,16.64,0.0218,LOW,Beef_28,Meat and fish,Prague_1
3696,545.444492,0.9696296296296296,27.0,0.0,0.9696296296296296,False,16.57,0.0304,LOW,Pastry_138,Bakery,Frankfurt_1
4146,1492.460522,0.9889285714285715,28.0,0.0,0.9889285714285715,False,16.52,0.0111,LOW,Salad_52,Fruit and vegetable,Prague_1
5424,782.972161,0.9789285714285715,28.0,0.0,0.9789285714285715,False,16.5,0.0211,LOW,Sandwich_4,Bakery,Frankfurt_1
77,276.5186169,0.9403846153846155,26.0,1.0,0.9403846153846155,False,16.48,0.0596,MEDIUM,Pork_0,Meat and fish,Prague_2
3760,822.7835279999999,0.9799999999999999,28.0,0.0,0.9799999999999999,False,16.46,0.02,LOW,Chicken_68,Meat and fish,Prague_3
4160,576.696006,0.9714814814814815,27.0,0.0,0.9714814814814815,False,16.45,0.0285,LOW,Pork_28,Meat and fish,Prague_2
4375,979.261247,0.9832142857142856,28.0,0.0,0.9832142857142856,False,16.44,0.0168,LOW,Baguette_33,Bakery,Munich_1
3580,838.156974,0.9803846153846154,26.0,0.0,0.9803846153846154,False,16.44,0.0196,LOW,Vegetable_17,Fruit and vegetable,Prague_2
1283,1764.865838,0.9907142857142858,28.0,0.0,0.9907142857142858,False,16.39,0.0093,LOW,Salmon_3,Meat and fish,Prague_1
3926,2866.223674,0.9942857142857143,28.0,0.0,0.9942857142857143,False,16.38,0.0057,LOW,Cauliflower_8,Fruit and vegetable,Budapest_1
1001,404.8616175,0.9596428571428571,28.0,0.0,0.9596428571428571,False,16.34,0.0404,LOW,Chicken_23,Meat and fish,Prague_2
1496,2670.243969,0.9939285714285714,28.0,0.0,0.9939285714285714,False,16.21,0.0061,LOW,Coriander_3,Fruit and vegetable,Prague_3
3388,432.967605,0.9628571428571429,28.0,1.0,0.9628571428571429,False,16.08,0.0371,LOW,Pork_23,Meat and fish,Prague_2
4583,737.445389,0.9782142857142857,28.0,0.0,0.9782142857142857,False,16.07,0.0218,LOW,Bean_2,Fruit and vegetable,Prague_3
3544,6396.86553,0.9974999999999999,28.0,0.0,0.9974999999999999,False,15.99,0.0025,LOW,Apple_96,Fruit and vegetable,Prague_3
59,2475.241905,0.9935714285714285,28.0,0.0,0.9935714285714285,False,15.91,0.0064,LOW,Cabbage_0,Fruit and vegetable,Budapest_1
2975,246.069326,0.9357142857142857,28.0,1.0,0.9357142857142857,False,15.82,0.0643,MEDIUM,Tulip_2,Fruit and vegetable,Munich_1
3113,788.703849,0.9799999999999999,28.0,0.0,0.9799999999999999,False,15.77,0.02,LOW,Bread_120,Bakery,Frankfurt_1
4354,573.47914,0.9725,28.0,0.0,0.9725,False,15.77,0.0275,LOW,Herb_16,Fruit and vegetable,Prague_3
3117,436.665001,0.9639285714285715,28.0,1.0,0.9639285714285715,False,15.75,0.0361,LOW,Breadcrumb_5,Bakery,Prague_2
2626,277.064863,0.9433333333333334,15.0,0.0,0.9433333333333334,False,15.7,0.0567,MEDIUM,Lettuce_24,Fruit and vegetable,Prague_2
2441,1514.863488,0.9896428571428572,28.0,0.0,0.9896428571428572,False,15.69,0.0104,LOW,Turkey_10,Meat and fish,Prague_1
1828,474.143005,0.9671428571428571,28.0,0.0,0.9671428571428571,False,15.58,0.0329,LOW,Sprout_2,Fruit and vegetable,Prague_2
2489,690.669347,0.9775,28.0,1.0,0.9775,False,15.54,0.0225,LOW,Bread_93,Bakery,Munich_1
1504,758.545656,0.9796296296296296,27.0,0.0,0.9796296296296296,False,15.45,0.0204,LOW,Pepper_7,Fruit and vegetable,Budapest_1
3122,359.609025,0.9571428571428573,28.0,0.0,0.9571428571428573,False,15.41,0.0429,LOW,Roll_28,Bakery,Prague_3
4868,184.2852708,0.9164285714285713,28.0,3.0,0.9164285714285713,False,15.4,0.0836,MEDIUM,Pumpkin_18,Fruit and vegetable,Prague_3
4145,742.760566,0.9792857142857142,28.0,0.0,0.9792857142857142,False,15.39,0.0207,LOW,Salad_52,Fruit and vegetable,Prague_3
4225,1345.962903,0.9885714285714285,28.0,0.0,0.9885714285714285,False,15.38,0.0114,LOW,Apple_114,Fruit and vegetable,Prague_1
2708,146.9026646,0.8952941176470588,17.0,2.0,0.8952941176470588,False,15.38,0.1047,HIGH,Duck_2,Meat and fish,Brno_1
2453,377.2135535,0.9592857142857143,28.0,1.0,0.9592857142857143,False,15.36,0.0407,LOW,Toust_17,Bakery,Prague_3
4009,292.908159,0.9478260869565218,23.0,2.0,0.9478260869565218,False,15.28,0.0522,MEDIUM,Cracker_3,Bakery,Frankfurt_1
1351,422.828324,0.9639285714285714,28.0,1.0,0.9639285714285714,False,15.25,0.0361,LOW,Lime_3,Fruit and vegetable,Prague_3
5110,1854.943529,0.9917857142857143,28.0,0.0,0.9917857142857143,False,15.24,0.0082,LOW,Pastry_189,Bakery,Budapest_1
5313,561.035578,0.972857142857143,28.0,1.0,0.972857142857143,False,15.23,0.0271,LOW,Vegetable_20,Fruit and vegetable,Budapest_1
452,968.335589,0.9842857142857142,14.0,0.0,0.9842857142857142,False,15.22,0.0157,LOW,Pastry_22,Bakery,Prague_2
1223,426.181625,0.9644444444444444,27.0,1.0,0.9644444444444444,False,15.15,0.0355,LOW,Croissant_9,Bakery,Prague_2
370,381.656975,0.9603703703703705,27.0,1.0,0.9603703703703705,False,15.12,0.0396,LOW,Bread_12,Bakery,Frankfurt_1
3129,464.681328,0.9675,28.0,1.0,0.9675,False,15.1,0.0325,LOW,Cake_6,Bakery,Prague_1
1369,159.6630469,0.9054166666666665,24.0,2.0,0.9054166666666665,False,15.1,0.0946,MEDIUM,Melon_5,Fruit and vegetable,Prague_2
432,659.477858,0.9771428571428571,28.0,0.0,0.9771428571428571,False,15.07,0.0229,LOW,Sprout_0,Fruit and vegetable,Budapest_1
1795,360.472215,0.9582142857142858,28.0,1.0,0.9582142857142858,False,15.06,0.0418,LOW,Tomato_37,Fruit and vegetable,Prague_1
4809,765.346711,0.9803703703703704,27.0,0.0,0.9803703703703704,False,15.02,0.0196,LOW,Croissant_33,Bakery,Budapest_1
591,997.806297,0.985,28.0,0.0,0.985,False,14.97,0.015,LOW,Bread_20,Bakery,Budapest_1
1946,260.3075508,0.9425000000000001,28.0,1.0,0.9425000000000001,False,14.97,0.0575,MEDIUM,Chicken_41,Meat and fish,Prague_2
2481,335.150835,0.9553571428571427,28.0,1.0,0.9553571428571427,False,14.96,0.0446,LOW,Tortilla_7,Bakery,Prague_2
4610,235.2352365,0.9364285714285715,28.0,1.0,0.9364285714285715,False,14.95,0.0636,MEDIUM,Pastry_170,Bakery,Prague_3
2942,744.593294,0.9799999999999999,28.0,1.0,0.9799999999999999,False,14.89,0.02,LOW,Chicken_61,Meat and fish,Prague_2
1046,240.6851405,0.9381481481481481,27.0,1.0,0.9381481481481481,False,14.89,0.0619,MEDIUM,Pastry_45,Bakery,Prague_3
3161,603.3739419999999,0.9753571428571429,28.0,1.0,0.9753571428571429,False,14.87,0.0246,LOW,Croissant_22,Bakery,Budapest_1
4692,830.373128,0.9821428571428571,28.0,0.0,0.9821428571428571,False,14.83,0.0179,LOW,Bread_195,Bakery,Munich_1
2931,188.81186689999998,0.9215384615384615,26.0,1.0,0.9215384615384615,False,14.81,0.0784,MEDIUM,Salmon_9,Meat and fish,Prague_3
4169,589.115202,0.975,28.0,0.0,0.975,False,14.73,0.025,LOW,Chicken_77,Meat and fish,Prague_2
3966,761.820603,0.9807142857142858,28.0,0.0,0.9807142857142858,False,14.69,0.0193,LOW,Chicken_73,Meat and fish,Prague_2
283,488.108749,0.97,1.0,0.0,0.97,False,14.64,0.03,LOW,Nectarine_0,Fruit and vegetable,Brno_1
1119,305.4726365,0.9521428571428572,28.0,1.0,0.9521428571428572,False,14.62,0.0479,LOW,Vegetable_5,Fruit and vegetable,Prague_2
5422,1356.088076,0.9892592592592593,27.0,0.0,0.9892592592592593,False,14.57,0.0107,LOW,Pork_41,Meat and fish,Prague_2
37,330.533645,0.9560714285714287,28.0,1.0,0.9560714285714287,False,14.52,0.0439,LOW,Bagel_0,Bakery,Budapest_1
125,277.2462567,0.9476923076923077,26.0,1.0,0.9476923076923077,False,14.5,0.0523,MEDIUM,Chicken_4,Meat and fish,Prague_3
4038,4508.23143,0.9967857142857143,28.0,0.0,0.9967857142857143,False,14.49,0.0032,LOW,Bread_164,Bakery,Prague_1
559,422.6216925,0.9657142857142856,28.0,0.0,0.9657142857142856,False,14.49,0.0343,LOW,Radish_2,Fruit and vegetable,Prague_2
5428,317.7618565,0.9544444444444444,27.0,1.0,0.9544444444444444,False,14.48,0.0456,LOW,Chicken_102,Meat and fish,Brno_1
2707,135.7987669,0.8942105263157893,19.0,1.0,0.8942105263157893,False,14.37,0.1058,HIGH,Duck_2,Meat and fish,Prague_1
4413,550.5312445,0.9739285714285714,28.0,0.0,0.9739285714285714,False,14.35,0.0261,LOW,Chicken_85,Meat and fish,Prague_2
404,13384.22324,0.9989285714285714,28.0,0.0,0.9989285714285714,False,14.34,0.0011,LOW,Pepper_2,Fruit and vegetable,Budapest_1
636,3612.199731,0.9960714285714286,28.0,0.0,0.9960714285714286,False,14.19,0.0039,LOW,Chicken_17,Meat and fish,Prague_1
1984,882.600894,0.9839285714285715,28.0,0.0,0.9839285714285715,False,14.18,0.0161,LOW,Bread_82,Bakery,Budapest_1
5315,809.210236,0.9824999999999999,28.0,0.0,0.9824999999999999,False,14.16,0.0175,LOW,Parsley_13,Fruit and vegetable,Prague_2
4839,337.299906,0.9582142857142857,28.0,1.0,0.9582142857142857,False,14.09,0.0418,LOW,Basil_5,Fruit and vegetable,Prague_2
3317,2816.169226,0.995,28.0,0.0,0.995,False,14.08,0.005,LOW,Pineapple_5,Fruit and vegetable,Munich_1
1007,1261.752559,0.9889285714285714,28.0,0.0,0.9889285714285714,False,13.97,0.0111,LOW,Avocado_2,Fruit and vegetable,Prague_2
780,2783.625729,0.995,28.0,0.0,0.995,False,13.92,0.005,LOW,Bread_29,Bakery,Munich_1
512,624.158158,0.9776923076923077,26.0,1.0,0.9776923076923077,False,13.92,0.0223,LOW,Bell pepper_0,Fruit and vegetable,Prague_2
2932,138.8710784,0.9004166666666666,24.0,2.0,0.9004166666666666,False,13.83,0.0996,MEDIUM,Salmon_9,Meat and fish,Brno_1
565,1751.180076,0.9921428571428572,28.0,0.0,0.9921428571428572,False,13.76,0.0079,LOW,Tomato_13,Fruit and vegetable,Prague_2
5204,475.2579426,0.9710714285714286,28.0,1.0,0.9710714285714286,False,13.75,0.0289,LOW,Pork_38,Meat and fish,Prague_2
2676,1922.370418,0.9928571428571428,28.0,0.0,0.9928571428571428,False,13.73,0.0071,LOW,Chicken_54,Meat and fish,Prague_1
2841,6402.38161,0.9978571428571429,28.0,0.0,0.9978571428571429,False,13.72,0.0021,LOW,Avocado_5,Fruit and vegetable,Frankfurt_1
420,414.3187939,0.9669565217391304,23.0,1.0,0.9669565217391304,False,13.69,0.033,LOW,Pastry_21,Bakery,Frankfurt_1
3131,231.7317518,0.9410714285714287,28.0,1.0,0.9410714285714287,False,13.66,0.0589,MEDIUM,Cake_6,Bakery,Prague_3
466,382.6294935,0.9648,25.0,0.0,0.9648,False,13.47,0.0352,LOW,Chicken_12,Meat and fish,Frankfurt_1
1545,470.539813,0.9714285714285715,28.0,1.0,0.9714285714285715,False,13.44,0.0286,LOW,Pomegranate_0,Fruit and vegetable,Prague_2
4081,293.6575485,0.9553571428571429,28.0,1.0,0.9553571428571429,False,13.11,0.0446,LOW,Apple_107,Fruit and vegetable,Prague_3
3238,2037.39097,0.9935714285714287,28.0,0.0,0.9935714285714287,False,13.1,0.0064,LOW,Tomato_66,Fruit and vegetable,Prague_2
5429,405.553506,0.9676923076923077,26.0,0.0,0.9676923076923077,False,13.1,0.0323,LOW,Chicken_102,Meat and fish,Prague_1
2483,708.58124,0.9815384615384615,26.0,0.0,0.9815384615384615,False,13.08,0.0185,LOW,Tortilla_7,Bakery,Prague_1
219,461.4347375,0.9717857142857144,28.0,0.0,0.9717857142857144,False,13.02,0.0282,LOW,Pork_2,Meat and fish,Budapest_1
3858,181.909714,0.9285,20.0,1.0,0.9285,False,13.01,0.0715,MEDIUM,Grapefruit_5,Fruit and vegetable,Prague_3
3417,773.416252,0.9832142857142857,28.0,0.0,0.9832142857142857,False,12.98,0.0168,LOW,Corn_4,Fruit and vegetable,Prague_2
4749,1207.622312,0.9892857142857142,28.0,0.0,0.9892857142857142,False,12.94,0.0107,LOW,Potato_71,Fruit and vegetable,Prague_2
206,447.189128,0.9710714285714285,28.0,1.0,0.9710714285714285,False,12.94,0.0289,LOW,Pork_1,Meat and fish,Prague_2
4558,658.866989,0.9803703703703703,27.0,0.0,0.9803703703703703,False,12.93,0.0196,LOW,Cabbage_17,Fruit and vegetable,Brno_1
2705,1444.598406,0.9910714285714286,28.0,0.0,0.9910714285714286,False,12.9,0.0089,LOW,Potato_44,Fruit and vegetable,Prague_3
3316,749.933068,0.9828571428571429,28.0,0.0,0.9828571428571429,False,12.86,0.0171,LOW,Garlic_10,Fruit and vegetable,Prague_1
4647,66.06081,0.8053333333333333,15.0,2.0,0.8053333333333333,False,12.86,0.1947,HIGH,Pear_32,Fruit and vegetable,Frankfurt_1
3315,333.467086,0.9614814814814815,27.0,1.0,0.9614814814814815,False,12.84,0.0385,LOW,Garlic_10,Fruit and vegetable,Prague_2
73,579.114271,0.9778571428571429,28.0,0.0,0.9778571428571429,False,12.82,0.0221,LOW,Chicken_2,Meat and fish,Prague_2
3192,966.992964,0.9867857142857144,28.0,0.0,0.9867857142857144,False,12.78,0.0132,LOW,Plum_17,Fruit and vegetable,Brno_1
3013,840.326117,0.9848148148148148,27.0,0.0,0.9848148148148148,False,12.76,0.0152,LOW,Salmon_10,Meat and fish,Brno_1
3340,489.3901065,0.9739285714285714,28.0,1.0,0.9739285714285714,False,12.76,0.0261,LOW,Sprout_3,Fruit and vegetable,Prague_3
3721,155.965661,0.9184615384615386,26.0,1.0,0.9184615384615386,False,12.72,0.0816,MEDIUM,Cake_8,Bakery,Prague_3
1779,3498.462725,0.9964285714285713,28.0,0.0,0.9964285714285713,False,12.49,0.0036,LOW,Apple_51,Fruit and vegetable,Brno_1
2338,331.78121,0.9625,28.0,1.0,0.9625,False,12.44,0.0375,LOW,Pastry_98,Bakery,Prague_3
3207,226.4043202,0.9453571428571428,28.0,1.0,0.9453571428571428,False,12.37,0.0546,MEDIUM,Beef_17,Meat and fish,Prague_3
1486,419.162808,0.9705263157894736,19.0,1.0,0.9705263157894736,False,12.35,0.0295,LOW,Croissant_12,Bakery,Prague_2
1350,348.5641785,0.964642857142857,28.0,1.0,0.964642857142857,False,12.32,0.0353,LOW,Lime_3,Fruit and vegetable,Prague_2
2712,279.364945,0.9561111111111111,18.0,1.0,0.9561111111111111,False,12.26,0.0439,LOW,Tomato_56,Fruit and vegetable,Prague_3
2510,162.5457312,0.9251851851851853,27.0,2.0,0.9251851851851853,False,12.16,0.0748,MEDIUM,Beef_12,Meat and fish,Prague_2
4946,227.8146809,0.9468,25.0,0.0,0.9468,False,12.12,0.0532,MEDIUM,Herb_19,Fruit and vegetable,Brno_1
5009,418.830361,0.9711538461538461,26.0,1.0,0.9711538461538461,False,12.08,0.0288,LOW,Wrap_3,Bakery,Frankfurt_1
2578,383.950431,0.9685714285714286,28.0,1.0,0.9685714285714286,False,12.07,0.0314,LOW,Toust_18,Bakery,Prague_3
5114,366.402671,0.9671428571428571,28.0,0.0,0.9671428571428571,False,12.04,0.0329,LOW,Chicken_96,Meat and fish,Prague_3
230,461.56069,0.9739285714285716,28.0,0.0,0.9739285714285716,False,12.03,0.0261,LOW,Onion_2,Fruit and vegetable,Prague_2
4082,743.751491,0.9838461538461538,26.0,0.0,0.9838461538461538,False,12.01,0.0161,LOW,Apple_107,Fruit and vegetable,Brno_1
4306,178.3997561,0.9326923076923077,26.0,1.0,0.9326923076923077,False,12.01,0.0673,MEDIUM,Chicken_79,Meat and fish,Prague_3
4370,492.4594275,0.9757142857142858,28.0,0.0,0.9757142857142858,False,11.96,0.0243,LOW,Bread_181,Bakery,Brno_1
3460,683.111226,0.9826923076923078,26.0,0.0,0.9826923076923078,False,11.82,0.0173,LOW,Salmon_12,Meat and fish,Frankfurt_1
2528,674.849641,0.9824999999999999,28.0,0.0,0.9824999999999999,False,11.81,0.0175,LOW,Rice Cake_0,Bakery,Budapest_1
2806,765.606696,0.9846153846153847,26.0,0.0,0.9846153846153847,False,11.78,0.0154,LOW,Tomato_57,Fruit and vegetable,Munich_1
828,1136.729127,0.989642857142857,28.0,0.0,0.989642857142857,False,11.77,0.0104,LOW,Tomato_16,Fruit and vegetable,Prague_3
3937,622.625039,0.9811111111111112,27.0,0.0,0.9811111111111112,False,11.76,0.0189,LOW,Onion_40,Fruit and vegetable,Prague_3
1039,452.957749,0.9740740740740742,27.0,0.0,0.9740740740740742,False,11.74,0.0259,LOW,Rosemary_0,Fruit and vegetable,Budapest_1
3878,682.973195,0.982857142857143,28.0,0.0,0.982857142857143,False,11.71,0.0171,LOW,Bread_156,Bakery,Budapest_1
4697,1126.55482,0.9896296296296296,27.0,0.0,0.9896296296296296,False,11.68,0.0104,LOW,Roll_50,Bakery,Frankfurt_1
3436,364.391885,0.968,15.0,0.0,0.968,False,11.66,0.032,LOW,Pastry_129,Bakery,Prague_1
1480,1120.9512260000001,0.9896428571428572,28.0,0.0,0.9896428571428572,False,11.61,0.0104,LOW,Apple_37,Fruit and vegetable,Prague_3
435,268.6134855,0.9567857142857142,28.0,1.0,0.9567857142857142,False,11.61,0.0432,LOW,Potato_5,Fruit and vegetable,Prague_3
4136,858.882576,0.9865,20.0,0.0,0.9865,False,11.59,0.0135,LOW,Bread_171,Bakery,Prague_1
4658,530.137446,0.9781481481481481,27.0,0.0,0.9781481481481481,False,11.58,0.0218,LOW,Rosemary_2,Fruit and vegetable,Prague_2
3371,3220.284296,0.9964285714285713,28.0,0.0,0.9964285714285713,False,11.5,0.0036,LOW,Basil_2,Fruit and vegetable,Prague_2
3765,585.388059,0.9803571428571429,28.0,1.0,0.9803571428571429,False,11.5,0.0196,LOW,Pork_26,Meat and fish,Prague_1
1861,780.001754,0.9853571428571428,28.0,0.0,0.9853571428571428,False,11.42,0.0146,LOW,Lettuce_20,Fruit and vegetable,Prague_2
1548,603.075114,0.9810714285714285,28.0,0.0,0.9810714285714285,False,11.42,0.0189,LOW,Pomegranate_0,Fruit and vegetable,Prague_3
399,1387.879868,0.9917857142857143,28.0,0.0,0.9917857142857143,False,11.4,0.0082,LOW,Parsley_0,Fruit and vegetable,Prague_3
5143,1015.633477,0.9888461538461539,26.0,0.0,0.9888461538461539,False,11.33,0.0112,LOW,Shrimp_0,Meat and fish,Brno_1
1481,1219.371566,0.9907142857142858,28.0,0.0,0.9907142857142858,False,11.32,0.0093,LOW,Apple_37,Fruit and vegetable,Prague_2
1534,1806.718635,0.99375,24.0,0.0,0.99375,False,11.29,0.0062,LOW,Corn_1,Fruit and vegetable,Munich_1
2036,525.805301,0.9785714285714285,28.0,1.0,0.9785714285714285,False,11.27,0.0214,LOW,Chicken_45,Meat and fish,Prague_3
1834,900.34169,0.9875,28.0,0.0,0.9875,False,11.25,0.0125,LOW,Melon_6,Fruit and vegetable,Prague_1
980,1822.239195,0.9938461538461538,26.0,0.0,0.9938461538461538,False,11.21,0.0062,LOW,Toust_8,Bakery,Brno_1
3851,1707.517101,0.9934615384615385,26.0,0.0,0.9934615384615385,False,11.16,0.0065,LOW,Chicken_70,Meat and fish,Munich_1
5176,3103.65406,0.9964285714285713,28.0,0.0,0.9964285714285713,False,11.08,0.0036,LOW,Tomato_115,Fruit and vegetable,Budapest_1
4166,95.9698115,0.885,4.0,0.0,0.885,False,11.04,0.115,HIGH,Baguette_32,Bakery,Frankfurt_1
2339,701.899139,0.9842857142857142,28.0,0.0,0.9842857142857142,False,11.03,0.0157,LOW,Pastry_98,Bakery,Prague_1
10,643.427405,0.9828571428571429,28.0,0.0,0.9828571428571429,False,11.03,0.0171,LOW,Pastry_0,Bakery,Prague_3
1305,390.342224,0.9717857142857141,28.0,0.0,0.9717857142857141,False,11.01,0.0282,LOW,Bread_55,Bakery,Prague_3
3101,261.1345353,0.9578571428571429,28.0,0.0,0.9578571428571429,False,11.0,0.0421,LOW,Pastry_121,Bakery,Prague_3
3579,189.5747355,0.9422222222222223,27.0,1.0,0.9422222222222223,False,10.95,0.0578,MEDIUM,Salmon_13,Meat and fish,Brno_1
2006,201.23808350000002,0.9458333333333333,24.0,0.0,0.9458333333333333,False,10.9,0.0542,MEDIUM,Kiwi_11,Fruit and vegetable,Prague_3
1848,240.1463847,0.9546428571428571,28.0,0.0,0.9546428571428571,False,10.89,0.0453,LOW,Pastry_79,Bakery,Prague_3
1224,543.546103,0.98,26.0,0.0,0.98,False,10.87,0.02,LOW,Croissant_9,Bakery,Prague_1
232,473.5778095,0.9771428571428571,28.0,1.0,0.9771428571428571,False,10.82,0.0228,LOW,Onion_2,Fruit and vegetable,Brno_1
3999,452.24102700000003,0.9760714285714286,28.0,0.0,0.9760714285714286,False,10.82,0.0239,LOW,Bread_161,Bakery,Budapest_1
5206,408.4450747,0.9735714285714285,28.0,0.0,0.9735714285714285,False,10.79,0.0264,LOW,Pumpkin_21,Fruit and vegetable,Prague_3
4972,433.736476,0.9753571428571428,28.0,0.0,0.9753571428571428,False,10.69,0.0246,LOW,Cabbage_22,Fruit and vegetable,Prague_2
1947,465.8391575,0.9771428571428571,28.0,0.0,0.9771428571428571,False,10.65,0.0229,LOW,Chicken_41,Meat and fish,Prague_1
2065,51.8866648,0.795,4.0,1.0,0.795,False,10.64,0.2051,HIGH,Bagel_6,Bakery,Prague_3
3846,184.019366,0.9424999999999999,28.0,0.0,0.9424999999999999,False,10.58,0.0575,MEDIUM,Berry_6,Fruit and vegetable,Frankfurt_1
3903,1138.762683,0.9907142857142857,28.0,0.0,0.9907142857142857,False,10.57,0.0093,LOW,Melon_11,Fruit and vegetable,Prague_3
5209,538.2045355,0.9807407407407408,27.0,0.0,0.9807407407407408,False,10.37,0.0193,LOW,Pumpkin_21,Fruit and vegetable,Prague_2
4514,844.871294,0.9877777777777779,27.0,0.0,0.9877777777777779,False,10.33,0.0122,LOW,Pork_31,Meat and fish,Budapest_1
829,1463.902374,0.9929629629629629,27.0,0.0,0.9929629629629629,False,10.3,0.007,LOW,Croissant_7,Bakery,Brno_1
4472,410.2503355,0.975,28.0,0.0,0.975,False,10.26,0.025,LOW,Beef_25,Meat and fish,Prague_3
593,544.99228,0.98125,16.0,0.0,0.98125,False,10.22,0.0188,LOW,Croissant_4,Bakery,Prague_3
5423,1665.888866,0.9939285714285714,28.0,0.0,0.9939285714285714,False,10.11,0.0061,LOW,Roll_61,Bakery,Budapest_1
476,2564.664113,0.9960714285714286,28.0,0.0,0.9960714285714286,False,10.08,0.0039,LOW,Mango_0,Fruit and vegetable,Frankfurt_1
1832,375.9843515,0.9732142857142857,28.0,1.0,0.9732142857142857,False,10.07,0.0268,LOW,Melon_6,Fruit and vegetable,Prague_3
1737,4628.5658109999995,0.9978571428571429,28.0,0.0,0.9978571428571429,False,9.92,0.0021,LOW,Mushroom_6,Fruit and vegetable,Munich_1
2425,276.1599106,0.9640909090909091,22.0,1.0,0.9640909090909091,False,9.92,0.0359,LOW,Cracker_1,Bakery,Frankfurt_1
4309,237.0889595,0.9581481481481482,27.0,1.0,0.9581481481481482,False,9.92,0.0418,LOW,Chicken_79,Meat and fish,Prague_2
25,1105.479722,0.9910714285714286,28.0,0.0,0.9910714285714286,False,9.87,0.0089,LOW,Melon_0,Fruit and vegetable,Brno_1
1236,1023.907681,0.9903571428571427,28.0,0.0,0.9903571428571427,False,9.87,0.0096,LOW,Croissant_10,Bakery,Frankfurt_1
2378,318.3322295,0.9692857142857143,28.0,0.0,0.9692857142857143,False,9.78,0.0307,LOW,Chicken_51,Meat and fish,Prague_3
16,296.531563,0.9671428571428571,28.0,1.0,0.9671428571428571,False,9.74,0.0328,LOW,Mandarin_0,Fruit and vegetable,Frankfurt_1
3671,669.718192,0.9855555555555556,18.0,0.0,0.9855555555555556,False,9.67,0.0144,LOW,Tomato_80,Fruit and vegetable,Munich_1
1112,450.349334,0.9785714285714286,28.0,1.0,0.9785714285714286,False,9.65,0.0214,LOW,Croissant_8,Bakery,Frankfurt_1
1811,421.759378,0.9771428571428571,28.0,0.0,0.9771428571428571,False,9.64,0.0229,LOW,Radish_8,Fruit and vegetable,Prague_1
2444,1075.939123,0.9910714285714286,28.0,0.0,0.9910714285714286,False,9.61,0.0089,LOW,Turkey_10,Meat and fish,Prague_2
1729,543.233918,0.9823076923076923,26.0,0.0,0.9823076923076923,False,9.61,0.0177,LOW,Muffin_1,Bakery,Frankfurt_1
2920,596.636413,0.9839130434782608,23.0,0.0,0.9839130434782608,False,9.6,0.0161,LOW,Croissant_21,Bakery,Brno_1
3764,363.5651035,0.9737499999999999,24.0,1.0,0.9737499999999999,False,9.54,0.0262,LOW,Pork_26,Meat and fish,Prague_3
558,740.806249,0.9871428571428572,28.0,0.0,0.9871428571428572,False,9.52,0.0129,LOW,Radish_2,Fruit and vegetable,Brno_1
1919,542.680203,0.9825,28.0,0.0,0.9825,False,9.5,0.0175,LOW,Chicken_38,Meat and fish,Brno_1
2294,535.6819265,0.9824,25.0,0.0,0.9824,False,9.43,0.0176,LOW,Pizza_0,Bakery,Frankfurt_1
108,444.302771,0.9789285714285713,28.0,0.0,0.9789285714285713,False,9.36,0.0211,LOW,Pastry_3,Bakery,Prague_2
1447,322.739509,0.9710000000000001,20.0,1.0,0.9710000000000001,False,9.36,0.029,LOW,Snack_1,Bakery,Prague_3
3338,545.5739885,0.9828571428571429,28.0,0.0,0.9828571428571429,False,9.35,0.0171,LOW,Sprout_3,Fruit and vegetable,Prague_2
4151,251.4924403,0.9628571428571427,28.0,0.0,0.9628571428571427,False,9.34,0.0371,LOW,Pastry_152,Bakery,Prague_3
3135,618.389237,0.985,28.0,0.0,0.985,False,9.28,0.015,LOW,Carrot_21,Fruit and vegetable,Prague_3
1973,354.996256,0.9739285714285714,28.0,1.0,0.9739285714285714,False,9.26,0.0261,LOW,Duck_0,Meat and fish,Budapest_1
2969,4301.83101,0.9978571428571429,28.0,0.0,0.9978571428571429,False,9.22,0.0021,LOW,Carrot_20,Fruit and vegetable,Prague_3
4640,430.088348,0.9785714285714285,7.0,0.0,0.9785714285714285,False,9.22,0.0214,LOW,Pepper_27,Fruit and vegetable,Munich_1
3071,1982.336458,0.9953571428571429,28.0,0.0,0.9953571428571429,False,9.2,0.0046,LOW,Salad_33,Fruit and vegetable,Brno_1
2371,549.278856,0.9833333333333334,27.0,0.0,0.9833333333333334,False,9.15,0.0167,LOW,Pork_20,Meat and fish,Prague_1
3285,1817.642382,0.995,28.0,0.0,0.995,False,9.09,0.005,LOW,Pear_27,Fruit and vegetable,Brno_1
4479,904.667077,0.99,28.0,0.0,0.99,False,9.05,0.01,LOW,Bread_186,Bakery,Munich_1
2580,532.400505,0.9832142857142856,28.0,0.0,0.9832142857142856,False,8.94,0.0168,LOW,Toust_18,Bakery,Prague_2
3834,472.5154405,0.9810714285714285,28.0,0.0,0.9810714285714285,False,8.94,0.0189,LOW,Bread_153,Bakery,Prague_1
434,352.22957,0.9746428571428571,28.0,0.0,0.9746428571428571,False,8.93,0.0254,LOW,Potato_5,Fruit and vegetable,Prague_2
5262,991.948334,0.9910714285714286,28.0,0.0,0.9910714285714286,False,8.86,0.0089,LOW,Toust_42,Bakery,Budapest_1
2625,789.69954,0.9888888888888888,27.0,0.0,0.9888888888888888,False,8.77,0.0111,LOW,Chicken_53,Meat and fish,Munich_1
2957,599.266526,0.9853571428571428,28.0,0.0,0.9853571428571428,False,8.77,0.0146,LOW,Potato_49,Fruit and vegetable,Prague_3
3860,167.022689,0.9475000000000001,20.0,1.0,0.9475000000000001,False,8.77,0.0525,MEDIUM,Grapefruit_5,Fruit and vegetable,Prague_2
4468,1097.734818,0.9921428571428571,28.0,0.0,0.9921428571428571,False,8.63,0.0079,LOW,Toust_34,Bakery,Prague_1
5431,274.616098,0.9685714285714286,28.0,1.0,0.9685714285714286,False,8.63,0.0314,LOW,Chicken_102,Meat and fish,Prague_2
2786,470.865714,0.9817857142857143,28.0,0.0,0.9817857142857143,False,8.58,0.0182,LOW,Chicken_56,Meat and fish,Budapest_1
1261,320.168113,0.9732142857142857,28.0,0.0,0.9732142857142857,False,8.58,0.0268,LOW,Chili_0,Fruit and vegetable,Frankfurt_1
935,1258.334319,0.9932142857142858,28.0,0.0,0.9932142857142858,False,8.54,0.0068,LOW,Bread_39,Bakery,Frankfurt_1
830,770.396438,0.9889285714285714,28.0,0.0,0.9889285714285714,False,8.53,0.0111,LOW,Croissant_7,Bakery,Prague_3
684,433.63136399999996,0.9803571428571428,28.0,0.0,0.9803571428571428,False,8.52,0.0196,LOW,Chard_0,Fruit and vegetable,Munich_1
231,432.4745775,0.9803571428571429,28.0,0.0,0.9803571428571429,False,8.5,0.0197,LOW,Onion_2,Fruit and vegetable,Prague_3
3731,539.7577995,0.9842857142857142,28.0,0.0,0.9842857142857142,False,8.48,0.0157,LOW,Pork_25,Meat and fish,Brno_1
3850,422.7881555,0.9800000000000001,28.0,0.0,0.9800000000000001,False,8.46,0.02,LOW,Chicken_70,Meat and fish,Frankfurt_1
2409,25.595383,0.67,2.0,1.0,0.67,False,8.45,0.3301,MEDIUM,Onion_17,Fruit and vegetable,Budapest_1
1002,559.8283245,0.985,28.0,0.0,0.985,False,8.4,0.015,LOW,Chicken_23,Meat and fish,Prague_1
1944,1009.879671,0.9917857142857143,28.0,0.0,0.9917857142857143,False,8.3,0.0082,LOW,Beef_10,Meat and fish,Brno_1
4026,280.7911915,0.9705263157894736,19.0,1.0,0.9705263157894736,False,8.28,0.0295,LOW,Pastry_148,Bakery,Prague_2
1916,577.649782,0.9857142857142858,28.0,0.0,0.9857142857142858,False,8.25,0.0143,LOW,Chicken_38,Meat and fish,Prague_1
4320,1170.070736,0.992962962962963,27.0,0.0,0.992962962962963,False,8.23,0.007,LOW,Chicken_81,Meat and fish,Prague_1
4076,675.300612,0.9878571428571429,28.0,0.0,0.9878571428571429,False,8.2,0.0121,LOW,Drink_0,Fruit and vegetable,Prague_3
5203,954.2075935,0.9914285714285713,28.0,0.0,0.9914285714285713,False,8.18,0.0086,LOW,Pork_38,Meat and fish,Prague_1
5328,370.52245999999997,0.9781481481481481,27.0,0.0,0.9781481481481481,False,8.1,0.0219,LOW,Beef_28,Meat and fish,Prague_3
3185,806.128769,0.99,26.0,0.0,0.99,False,8.06,0.01,LOW,Lime_8,Fruit and vegetable,Budapest_1
3503,312.5702968,0.9742857142857142,28.0,1.0,0.9742857142857142,False,8.04,0.0257,LOW,Pastry_131,Bakery,Prague_3
1688,1182.901297,0.9932142857142857,28.0,0.0,0.9932142857142857,False,8.03,0.0068,LOW,Turkey_6,Meat and fish,Brno_1
2404,267.705133,0.9706666666666667,15.0,0.0,0.9706666666666667,False,7.85,0.0293,LOW,Pumpkin_9,Fruit and vegetable,Prague_2
3502,246.463905,0.9681481481481482,27.0,1.0,0.9681481481481482,False,7.85,0.0319,LOW,Pastry_131,Bakery,Prague_2
3194,775.453411,0.99,28.0,0.0,0.99,False,7.75,0.01,LOW,Plum_17,Fruit and vegetable,Prague_3
3397,766.77667,0.99,28.0,0.0,0.99,False,7.67,0.01,LOW,Pork_24,Meat and fish,Budapest_1
2731,339.4915014,0.9774074074074074,27.0,0.0,0.9774074074074074,False,7.67,0.0226,LOW,Beef_13,Meat and fish,Prague_3
4137,528.357809,0.9855,20.0,0.0,0.9855,False,7.66,0.0145,LOW,Bread_171,Bakery,Prague_3
1225,305.7488395,0.975,28.0,1.0,0.975,False,7.64,0.025,LOW,Croissant_9,Bakery,Prague_3
1945,257.8600148,0.9703571428571428,28.0,1.0,0.9703571428571428,False,7.64,0.0296,LOW,Chicken_41,Meat and fish,Prague_3
4948,212.516189,0.9642307692307692,26.0,0.0,0.9642307692307692,False,7.6,0.0358,LOW,Herb_19,Fruit and vegetable,Prague_3
4024,400.6349345,0.98125,16.0,0.0,0.98125,False,7.51,0.0187,LOW,Pastry_148,Bakery,Prague_3
1182,699.4228715,0.9892857142857142,28.0,0.0,0.9892857142857142,False,7.49,0.0107,LOW,Asparagus_4,Fruit and vegetable,Prague_2
3632,1039.595655,0.9928571428571429,28.0,0.0,0.9928571428571429,False,7.43,0.0071,LOW,Orange_19,Fruit and vegetable,Budapest_1
5167,1152.793175,0.9935714285714285,28.0,0.0,0.9935714285714285,False,7.41,0.0064,LOW,Pear_37,Fruit and vegetable,Budapest_1
2877,2567.53659,0.9971428571428572,28.0,0.0,0.9971428571428572,False,7.34,0.0029,LOW,Herb_10,Fruit and vegetable,Prague_1
2130,1859.821066,0.9960714285714286,28.0,0.0,0.9960714285714286,False,7.31,0.0039,LOW,Croissant_15,Bakery,Brno_1
1938,1203.666762,0.9939285714285714,28.0,0.0,0.9939285714285714,False,7.31,0.0061,LOW,Potato_36,Fruit and vegetable,Prague_2
289,394.2714925,0.9815999999999999,25.0,0.0,0.9815999999999999,False,7.25,0.0184,LOW,Pastry_15,Bakery,Prague_3
1918,331.2222663,0.9782142857142857,28.0,1.0,0.9782142857142857,False,7.22,0.0218,LOW,Chicken_38,Meat and fish,Prague_3
1885,1186.114817,0.9939285714285714,28.0,0.0,0.9939285714285714,False,7.2,0.0061,LOW,Vegetable_11,Fruit and vegetable,Budapest_1
1827,411.09143950000004,0.9825,28.0,0.0,0.9825,False,7.19,0.0175,LOW,Sprout_2,Fruit and vegetable,Prague_3
3070,986.296081,0.9928571428571429,28.0,0.0,0.9928571428571429,False,7.04,0.0071,LOW,Salad_33,Fruit and vegetable,Prague_3
2185,276.431687,0.9746428571428571,28.0,1.0,0.9746428571428571,False,7.01,0.0254,LOW,Pastry_91,Bakery,Prague_3
1838,1505.7540979999999,0.9953571428571427,28.0,0.0,0.9953571428571427,False,6.99,0.0046,LOW,Tomato_38,Fruit and vegetable,Brno_1
2311,200.820891,0.9652173913043478,23.0,1.0,0.9652173913043478,False,6.99,0.0348,LOW,Snack_2,Bakery,Brno_1
284,139.7765882,0.95,1.0,0.0,0.95,False,6.99,0.05,MEDIUM,Nectarine_0,Fruit and vegetable,Prague_3
1316,1623.983785,0.9957142857142857,28.0,0.0,0.9957142857142857,False,6.96,0.0043,LOW,Apple_30,Fruit and vegetable,Munich_1
1226,973.028622,0.9928571428571429,28.0,0.0,0.9928571428571429,False,6.95,0.0071,LOW,Croissant_9,Bakery,Brno_1
942,845.35755,0.9917857142857143,28.0,0.0,0.9917857142857143,False,6.94,0.0082,LOW,Onion_7,Fruit and vegetable,Prague_3
4845,1093.490883,0.9937037037037038,27.0,0.0,0.9937037037037038,False,6.88,0.0063,LOW,Croissant_35,Bakery,Budapest_1
4138,335.492591,0.9795,20.0,0.0,0.9795,False,6.88,0.0205,LOW,Bread_171,Bakery,Prague_2
2037,1151.502068,0.9940740740740741,27.0,0.0,0.9940740740740741,False,6.82,0.0059,LOW,Chicken_45,Meat and fish,Brno_1
5069,185.0357523,0.9632142857142857,28.0,1.0,0.9632142857142857,False,6.81,0.0368,LOW,Onion_46,Fruit and vegetable,Prague_3
5316,791.477385,0.9914285714285713,28.0,0.0,0.9914285714285713,False,6.78,0.0086,LOW,Parsley_13,Fruit and vegetable,Prague_3
2403,677.391402,0.99,15.0,0.0,0.99,False,6.77,0.01,LOW,Pumpkin_9,Fruit and vegetable,Brno_1
1863,591.513313,0.9885714285714285,28.0,0.0,0.9885714285714285,False,6.76,0.0114,LOW,Lettuce_20,Fruit and vegetable,Prague_3
4080,361.067308,0.9814285714285714,28.0,0.0,0.9814285714285714,False,6.71,0.0186,LOW,Apple_107,Fruit and vegetable,Prague_2
5169,267.8567032,0.9750000000000002,28.0,1.0,0.9750000000000002,False,6.7,0.025,LOW,Pastry_193,Bakery,Prague_1
4372,338.272973,0.9803571428571428,28.0,0.0,0.9803571428571428,False,6.64,0.0196,LOW,Bread_181,Bakery,Prague_3
2191,269.5702599,0.9753571428571428,28.0,0.0,0.9753571428571428,False,6.64,0.0246,LOW,Mango_6,Fruit and vegetable,Prague_2
757,1058.934301,0.99375,24.0,0.0,0.99375,False,6.62,0.0063,LOW,Corn_0,Fruit and vegetable,Munich_1
405,308.0752875,0.9785714285714285,28.0,0.0,0.9785714285714285,False,6.6,0.0214,LOW,Chicken_11,Meat and fish,Prague_2
3199,712.059581,0.9908,25.0,0.0,0.9908,False,6.55,0.0092,LOW,Berry_5,Fruit and vegetable,Budapest_1
3104,246.6938445,0.9739285714285714,28.0,1.0,0.9739285714285714,False,6.43,0.0261,LOW,Pastry_121,Bakery,Prague_2
4770,814.575001,0.9921428571428572,28.0,0.0,0.9921428571428572,False,6.4,0.0079,LOW,Cabbage_18,Fruit and vegetable,Budapest_1
2406,849.775545,0.9926666666666667,15.0,0.0,0.9926666666666667,False,6.23,0.0073,LOW,Pumpkin_9,Fruit and vegetable,Prague_1
3011,617.9403159999999,0.99,28.0,0.0,0.99,False,6.18,0.01,LOW,Salmon_10,Meat and fish,Prague_2
3060,522.662285,0.9882142857142858,28.0,0.0,0.9882142857142858,False,6.16,0.0118,LOW,Pepper_17,Fruit and vegetable,Brno_1
1682,4303.4557,0.9985714285714286,28.0,0.0,0.9985714285714286,False,6.15,0.0014,LOW,Chive_1,Fruit and vegetable,Prague_1
3757,951.396483,0.9935714285714285,28.0,0.0,0.9935714285714285,False,6.12,0.0064,LOW,Chicken_68,Meat and fish,Prague_2
1847,551.156195,0.9889285714285715,28.0,0.0,0.9889285714285715,False,6.1,0.0111,LOW,Pastry_79,Bakery,Prague_1
413,3402.404864,0.9982142857142857,28.0,0.0,0.9982142857142857,False,6.08,0.0018,LOW,Tomato_7,Fruit and vegetable,Prague_3
706,131.3830335,0.954074074074074,27.0,0.0,0.954074074074074,False,6.03,0.0459,LOW,Apple_15,Fruit and vegetable,Prague_1
873,330.5693056,0.9817857142857144,28.0,0.0,0.9817857142857144,False,6.02,0.0182,LOW,Chicken_20,Meat and fish,Prague_2
4269,495.0454595,0.9878571428571429,28.0,0.0,0.9878571428571429,False,6.01,0.0121,LOW,Toust_30,Bakery,Prague_3
3798,540.438172,0.9889285714285714,28.0,0.0,0.9889285714285714,False,5.98,0.0111,LOW,Bread_150,Bakery,Frankfurt_1
1813,186.880173,0.9682142857142857,28.0,0.0,0.9682142857142857,False,5.94,0.0318,LOW,Radish_8,Fruit and vegetable,Prague_3
2882,319.4081415,0.9817857142857143,28.0,0.0,0.9817857142857143,False,5.82,0.0182,LOW,Salad_32,Fruit and vegetable,Prague_3
515,136.33971400000001,0.9576923076923076,13.0,1.0,0.9576923076923076,False,5.77,0.0423,LOW,Burger_0,Meat and fish,Frankfurt_1
1942,845.093241,0.9932142857142858,28.0,0.0,0.9932142857142858,False,5.73,0.0068,LOW,Beef_10,Meat and fish,Prague_2
3835,290.61197500000003,0.9803571428571428,28.0,0.0,0.9803571428571428,False,5.71,0.0196,LOW,Bread_153,Bakery,Prague_2
4611,453.0566712,0.9874999999999999,28.0,0.0,0.9874999999999999,False,5.66,0.0125,LOW,Pastry_170,Bakery,Prague_1
2310,380.346232,0.9853571428571428,28.0,0.0,0.9853571428571428,False,5.57,0.0146,LOW,Potato_40,Fruit and vegetable,Prague_3
3836,219.6171648,0.9746428571428571,28.0,1.0,0.9746428571428571,False,5.57,0.0254,LOW,Bread_153,Bakery,Prague_3
2042,125.96615510000001,0.9566666666666667,21.0,1.0,0.9566666666666667,False,5.46,0.0433,LOW,Bagel_5,Bakery,Prague_2
4612,206.3684069,0.9735714285714286,28.0,0.0,0.9735714285714286,False,5.45,0.0264,LOW,Pastry_170,Bakery,Prague_2
4873,632.612107,0.9914285714285714,28.0,0.0,0.9914285714285714,False,5.42,0.0086,LOW,Pomegranate_7,Fruit and vegetable,Prague_1
2372,321.1014393,0.9832142857142857,28.0,0.0,0.9832142857142857,False,5.39,0.0168,LOW,Pork_20,Meat and fish,Prague_2
1849,191.791786,0.9721428571428571,28.0,0.0,0.9721428571428571,False,5.34,0.0278,LOW,Pastry_79,Bakery,Prague_2
1870,286.9379569,0.9814814814814815,27.0,0.0,0.9814814814814815,False,5.31,0.0185,LOW,Passion fruit_1,Fruit and vegetable,Prague_2
1431,539.8614557999999,0.9903703703703705,27.0,0.0,0.9903703703703705,False,5.2,0.0096,LOW,Bread_59,Bakery,Frankfurt_1
2884,685.132254,0.9924999999999999,28.0,0.0,0.9924999999999999,False,5.14,0.0075,LOW,Salad_32,Fruit and vegetable,Brno_1
2192,622.207957,0.9917857142857143,28.0,0.0,0.9917857142857143,False,5.11,0.0082,LOW,Mango_6,Fruit and vegetable,Prague_1
4628,248.1366964,0.9796428571428571,28.0,0.0,0.9796428571428571,False,5.05,0.0204,LOW,Shallot_2,Fruit and vegetable,Prague_2
2004,258.373291,0.9805882352941178,17.0,0.0,0.9805882352941178,False,5.02,0.0194,LOW,Kiwi_11,Fruit and vegetable,Prague_2
280,584.852738,0.9914285714285714,28.0,0.0,0.9914285714285714,False,5.01,0.0086,LOW,Breadcrumb_1,Bakery,Budapest_1
1341,192.9195325,0.9742857142857143,28.0,0.0,0.9742857142857143,False,4.96,0.0257,LOW,Herb_2,Fruit and vegetable,Prague_2
3287,354.809862,0.9860714285714286,28.0,0.0,0.9860714285714286,False,4.94,0.0139,LOW,Bread_127,Bakery,Frankfurt_1
1181,509.687208,0.9903571428571428,28.0,0.0,0.9903571428571428,False,4.91,0.0096,LOW,Plantain_0,Fruit and vegetable,Budapest_1
560,974.480734,0.995,28.0,0.0,0.995,False,4.87,0.005,LOW,Radish_2,Fruit and vegetable,Prague_1
2450,903.154082,0.9946428571428572,28.0,0.0,0.9946428571428572,False,4.84,0.0054,LOW,Herb_9,Fruit and vegetable,Munich_1
4871,542.619858,0.991111111111111,27.0,0.0,0.991111111111111,False,4.82,0.0089,LOW,Pomegranate_7,Fruit and vegetable,Prague_3
1917,372.174461,0.9871428571428572,28.0,0.0,0.9871428571428572,False,4.79,0.0129,LOW,Chicken_38,Meat and fish,Prague_2
3744,1102.635723,0.9957142857142857,28.0,0.0,0.9957142857142857,False,4.73,0.0043,LOW,Baguette_27,Bakery,Frankfurt_1
5283,875.313639,0.9946428571428572,28.0,0.0,0.9946428571428572,False,4.69,0.0054,LOW,Pita_2,Bakery,Brno_1
152,623.595326,0.9924999999999999,28.0,0.0,0.9924999999999999,False,4.68,0.0075,LOW,Pita_0,Bakery,Budapest_1
1518,344.55816450000003,0.9864285714285714,28.0,0.0,0.9864285714285714,False,4.68,0.0136,LOW,Pepper_8,Fruit and vegetable,Prague_3
5170,221.8830709,0.9792857142857142,28.0,0.0,0.9792857142857142,False,4.6,0.0207,LOW,Pastry_193,Bakery,Prague_3
2530,127.10204350000001,0.9638461538461538,26.0,1.0,0.9638461538461538,False,4.6,0.0362,LOW,Plant meat_0,Meat and fish,Frankfurt_1
4047,582.8211335,0.9921428571428572,28.0,0.0,0.9921428571428572,False,4.58,0.0079,LOW,Bread_166,Bakery,Frankfurt_1
2314,145.077346,0.9685,20.0,1.0,0.9685,False,4.57,0.0315,LOW,Snack_2,Bakery,Prague_3
2531,299.439001,0.9847619047619047,21.0,0.0,0.9847619047619047,False,4.56,0.0152,LOW,Plant meat_0,Meat and fish,Munich_1
3729,411.3518844,0.9889285714285715,28.0,0.0,0.9889285714285715,False,4.55,0.0111,LOW,Pork_25,Meat and fish,Prague_1
4947,201.1507044,0.9774074074074074,27.0,0.0,0.9774074074074074,False,4.54,0.0226,LOW,Herb_19,Fruit and vegetable,Prague_2
1003,316.0091877,0.9857142857142858,28.0,0.0,0.9857142857142858,False,4.51,0.0143,LOW,Chicken_23,Meat and fish,Prague_3
3481,199.80617420000002,0.9774074074074074,27.0,1.0,0.9774074074074074,False,4.51,0.0226,LOW,Breadcrumb_7,Bakery,Prague_3
2883,374.788131,0.9882142857142858,28.0,0.0,0.9882142857142858,False,4.42,0.0118,LOW,Salad_32,Fruit and vegetable,Prague_2
233,950.72915,0.9953571428571429,28.0,0.0,0.9953571428571429,False,4.41,0.0046,LOW,Onion_2,Fruit and vegetable,Prague_1
1118,613.571255,0.9928571428571429,28.0,0.0,0.9928571428571429,False,4.38,0.0071,LOW,Vegetable_5,Fruit and vegetable,Prague_1
4352,523.28497,0.9917857142857143,28.0,0.0,0.9917857142857143,False,4.3,0.0082,LOW,Herb_16,Fruit and vegetable,Prague_2
1961,445.851385,0.9903571428571428,28.0,0.0,0.9903571428571428,False,4.3,0.0096,LOW,Turkey_8,Meat and fish,Prague_1
390,19.14392,0.7755555555555556,9.0,2.0,0.7755555555555556,False,4.3,0.2246,LOW,Celery_2,Fruit and vegetable,Frankfurt_1
922,999.171617,0.9957142857142857,7.0,0.0,0.9957142857142857,False,4.28,0.0043,LOW,Celery_5,Fruit and vegetable,Budapest_1
4308,348.440599,0.9878571428571428,28.0,0.0,0.9878571428571428,False,4.23,0.0121,LOW,Chicken_79,Meat and fish,Prague_1
874,421.964232,0.99,28.0,0.0,0.99,False,4.22,0.01,LOW,Chicken_20,Meat and fish,Prague_3
3576,140.072328,0.9700000000000001,27.0,0.0,0.9700000000000001,False,4.2,0.03,LOW,Salmon_13,Meat and fish,Prague_2
2052,838.9134839999999,0.995,28.0,0.0,0.995,False,4.19,0.005,LOW,Cabbage_5,Fruit and vegetable,Prague_2
3373,20.116066,0.7958333333333334,12.0,2.0,0.7958333333333334,False,4.11,0.2043,LOW,Bell Pepper_13,Fruit and vegetable,Frankfurt_1
1488,218.6429355,0.98125,16.0,0.0,0.98125,False,4.1,0.0188,LOW,Croissant_12,Bakery,Prague_3
4759,1429.951872,0.9971428571428572,28.0,0.0,0.9971428571428572,False,4.09,0.0029,LOW,Grapefruit_7,Fruit and vegetable,Munich_1
4874,445.3043376,0.9910714285714286,28.0,0.0,0.9910714285714286,False,3.98,0.0089,LOW,Pomegranate_7,Fruit and vegetable,Prague_2
1510,32.328903,0.8769565217391305,23.0,3.0,0.8769565217391305,False,3.98,0.1231,LOW,Pea_1,Fruit and vegetable,Frankfurt_1
1948,610.301849,0.9935714285714285,28.0,0.0,0.9935714285714285,False,3.92,0.0064,LOW,Bread_78,Bakery,Prague_1
4557,472.5851775,0.9917857142857143,28.0,0.0,0.9917857142857143,False,3.88,0.0082,LOW,Cabbage_17,Fruit and vegetable,Prague_3
1949,348.9883124,0.9889285714285714,28.0,0.0,0.9889285714285714,False,3.86,0.0111,LOW,Bread_78,Bakery,Prague_2
3206,582.455047,0.9935714285714285,28.0,0.0,0.9935714285714285,False,3.74,0.0064,LOW,Beef_17,Meat and fish,Brno_1
552,41.27111,0.9096296296296295,27.0,3.0,0.9096296296296295,False,3.73,0.0904,LOW,Kiwi_1,Fruit and vegetable,Budapest_1
3993,1481.402534,0.9974999999999999,28.0,0.0,0.9974999999999999,False,3.7,0.0025,LOW,Bread_160,Bakery,Prague_2
891,690.903771,0.9946428571428572,28.0,0.0,0.9946428571428572,False,3.7,0.0054,LOW,Grain_0,Bakery,Frankfurt_1
1098,980.310802,0.9962962962962963,27.0,0.0,0.9962962962962963,False,3.63,0.0037,LOW,Pork_11,Meat and fish,Prague_1
3318,770.899373,0.9953571428571427,28.0,0.0,0.9953571428571427,False,3.58,0.0046,LOW,Pineapple_5,Fruit and vegetable,Frankfurt_1
1749,1233.921256,0.9971428571428572,28.0,0.0,0.9971428571428572,False,3.53,0.0029,LOW,Bread_72,Bakery,Brno_1
5116,810.9759740000001,0.9957142857142857,28.0,0.0,0.9957142857142857,False,3.48,0.0043,LOW,Chicken_96,Meat and fish,Prague_1
2443,967.468942,0.9964285714285713,28.0,0.0,0.9964285714285713,False,3.46,0.0036,LOW,Turkey_10,Meat and fish,Prague_3
333,538.884742,0.9935714285714285,28.0,0.0,0.9935714285714285,False,3.46,0.0064,LOW,Baguette_4,Bakery,Budapest_1
4226,734.218133,0.9953571428571429,28.0,0.0,0.9953571428571429,False,3.41,0.0046,LOW,Apple_114,Fruit and vegetable,Prague_3
4953,1903.503175,0.9982142857142857,28.0,0.0,0.9982142857142857,False,3.4,0.0018,LOW,Leek_7,Fruit and vegetable,Frankfurt_1
2513,455.619644,0.9925925925925925,27.0,0.0,0.9925925925925925,False,3.37,0.0074,LOW,Bread_94,Bakery,Frankfurt_1
1308,515.9614645,0.9935714285714285,28.0,0.0,0.9935714285714285,False,3.32,0.0064,LOW,Vegetable_6,Fruit and vegetable,Prague_2
1342,380.828264,0.9914285714285714,28.0,0.0,0.9914285714285714,False,3.26,0.0086,LOW,Herb_2,Fruit and vegetable,Prague_1
4691,301.1459942,0.9892,25.0,0.0,0.9892,False,3.25,0.0108,LOW,Bread_195,Bakery,Frankfurt_1
803,1133.467645,0.9971428571428571,28.0,0.0,0.9971428571428571,False,3.24,0.0029,LOW,Pastry_38,Bakery,Prague_3
2946,754.373432,0.9957142857142858,28.0,0.0,0.9957142857142858,False,3.23,0.0043,LOW,Mushroom_14,Fruit and vegetable,Brno_1
4418,599.994322,0.9946428571428572,28.0,0.0,0.9946428571428572,False,3.21,0.0054,LOW,Bread_184,Bakery,Frankfurt_1
3749,351.77933459999997,0.9910714285714286,28.0,0.0,0.9910714285714286,False,3.14,0.0089,LOW,Toust_24,Bakery,Budapest_1
1523,151.462852,0.9796153846153846,26.0,1.0,0.9796153846153846,False,3.09,0.0204,LOW,Baguette_10,Bakery,Munich_1
4027,4290.001113,0.9992857142857143,28.0,0.0,0.9992857142857143,False,3.06,0.0007,LOW,Toust_27,Bakery,Munich_1
2308,1221.400462,0.9974999999999999,28.0,0.0,0.9974999999999999,False,3.05,0.0025,LOW,Potato_40,Fruit and vegetable,Prague_1
1238,94.22851,0.9690476190476192,21.0,0.0,0.9690476190476192,False,2.92,0.031,LOW,Flower_3,Fruit and vegetable,Munich_1
4202,1356.962318,0.9978571428571428,28.0,0.0,0.9978571428571428,False,2.91,0.0021,LOW,Pastry_155,Bakery,Brno_1
2630,208.3016517,0.9864285714285714,28.0,0.0,0.9864285714285714,False,2.83,0.0136,LOW,Vegetable_14,Fruit and vegetable,Prague_3
1284,974.684237,0.9971428571428572,28.0,0.0,0.9971428571428572,False,2.78,0.0029,LOW,Salmon_3,Meat and fish,Prague_3
871,1106.251032,0.9974999999999999,28.0,0.0,0.9974999999999999,False,2.77,0.0025,LOW,Soup_1,Fruit and vegetable,Prague_1
3773,936.372543,0.9971428571428571,28.0,0.0,0.9971428571428571,False,2.68,0.0029,LOW,Pastry_142,Bakery,Brno_1
3682,77.683167,0.9665000000000001,20.0,0.0,0.9665000000000001,False,2.6,0.0335,LOW,Leek_4,Fruit and vegetable,Prague_3
4632,213.6329918,0.9878571428571429,28.0,0.0,0.9878571428571429,False,2.59,0.0121,LOW,Pastry_171,Bakery,Prague_1
2677,1721.647584,0.9985185185185186,27.0,0.0,0.9985185185185186,False,2.55,0.0015,LOW,Chicken_54,Meat and fish,Brno_1
941,1170.425184,0.9978571428571428,28.0,0.0,0.9978571428571428,False,2.51,0.0021,LOW,Pork_9,Meat and fish,Prague_1
945,1378.837356,0.9982142857142857,28.0,0.0,0.9982142857142857,False,2.46,0.0018,LOW,Onion_7,Fruit and vegetable,Brno_1
2190,259.8598175,0.9907142857142857,28.0,0.0,0.9907142857142857,False,2.41,0.0093,LOW,Mango_6,Fruit and vegetable,Prague_3
3680,88.15284,0.9727777777777776,18.0,0.0,0.9727777777777776,False,2.4,0.0272,LOW,Leek_4,Fruit and vegetable,Prague_2
1446,442.1106735,0.994736842105263,19.0,0.0,0.994736842105263,False,2.33,0.0053,LOW,Snack_1,Bakery,Prague_2
4204,323.825844,0.9929629629629629,27.0,0.0,0.9929629629629629,False,2.28,0.007,LOW,Pastry_157,Bakery,Frankfurt_1
2863,487.2265165,0.9953571428571427,28.0,0.0,0.9953571428571427,False,2.26,0.0046,LOW,Bread_109,Bakery,Frankfurt_1
2064,39.3123623,0.944,5.0,0.0,0.944,False,2.2,0.056,LOW,Bagel_6,Bakery,Prague_2
4093,556.824489,0.9960714285714286,28.0,0.0,0.9960714285714286,False,2.19,0.0039,LOW,Bean_1,Fruit and vegetable,Prague_2
3751,408.1328035,0.9946428571428572,28.0,0.0,0.9946428571428572,False,2.19,0.0054,LOW,Pappudia_0,Fruit and vegetable,Prague_3
1430,2037.90212,0.9989285714285714,28.0,0.0,0.9989285714285714,False,2.18,0.0011,LOW,Bread_59,Bakery,Munich_1
1097,1124.657592,0.9980769230769231,26.0,0.0,0.9980769230769231,False,2.16,0.0019,LOW,Beef_7,Meat and fish,Prague_1
4090,1185.268836,0.9982142857142857,28.0,0.0,0.9982142857142857,False,2.12,0.0018,LOW,Bean_1,Fruit and vegetable,Prague_1
4384,240.9924523,0.9914285714285713,28.0,0.0,0.9914285714285713,False,2.07,0.0086,LOW,Chicken_83,Meat and fish,Frankfurt_1
2990,576.991967,0.9964285714285713,28.0,0.0,0.9964285714285713,False,2.06,0.0036,LOW,Garlic_8,Fruit and vegetable,Prague_2
1696,256.8706142,0.9924999999999998,28.0,0.0,0.9924999999999998,False,1.93,0.0075,LOW,Bread_68,Bakery,Prague_3
4279,335.7069331,0.9943478260869566,23.0,0.0,0.9943478260869566,False,1.9,0.0057,LOW,Pastry_160,Bakery,Frankfurt_1
2334,277.3178102,0.9935714285714285,28.0,0.0,0.9935714285714285,False,1.78,0.0064,LOW,Turkey_9,Meat and fish,Frankfurt_1
864,986.296078,0.9982142857142857,28.0,0.0,0.9982142857142857,False,1.76,0.0018,LOW,Vegetable_4,Fruit and vegetable,Frankfurt_1
2951,1623.650225,0.9989285714285714,28.0,0.0,0.9989285714285714,False,1.74,0.0011,LOW,Chicken_62,Meat and fish,Prague_2
2512,152.6106799,0.9885714285714285,28.0,0.0,0.9885714285714285,False,1.74,0.0114,LOW,Beef_12,Meat and fish,Prague_3
2405,371.246012,0.9953333333333333,15.0,0.0,0.9953333333333333,False,1.73,0.0047,LOW,Pumpkin_9,Fruit and vegetable,Prague_3
709,78.5967865,0.9781818181818182,22.0,0.0,0.9781818181818182,False,1.71,0.0218,LOW,Apple_15,Fruit and vegetable,Prague_2
5207,920.844465,0.9982142857142857,28.0,0.0,0.9982142857142857,False,1.64,0.0018,LOW,Pumpkin_21,Fruit and vegetable,Brno_1
3677,353.686753,0.9955555555555555,27.0,0.0,0.9955555555555555,False,1.57,0.0044,LOW,Fennel_2,Fruit and vegetable,Prague_3
2728,496.7398705,0.997037037037037,27.0,0.0,0.997037037037037,False,1.47,0.003,LOW,Beef_13,Meat and fish,Brno_1
4469,401.635205,0.9964285714285716,28.0,0.0,0.9964285714285716,False,1.43,0.0036,LOW,Toust_34,Bakery,Prague_2
1894,1284.985983,0.9989285714285714,28.0,0.0,0.9989285714285714,False,1.38,0.0011,LOW,Turkey_7,Meat and fish,Prague_1
3012,937.421964,0.9985714285714286,28.0,0.0,0.9985714285714286,False,1.34,0.0014,LOW,Salmon_10,Meat and fish,Prague_1
1522,35.59877,0.9642857142857144,28.0,1.0,0.9642857142857144,False,1.27,0.0357,LOW,Baguette_10,Bakery,Frankfurt_1
707,32.236885300000004,0.9610714285714286,28.0,1.0,0.9610714285714286,False,1.25,0.0388,LOW,Apple_15,Fruit and vegetable,Prague_3
2411,576.252467,0.9978571428571429,28.0,0.0,0.9978571428571429,False,1.23,0.0021,LOW,Pumpkin_10,Fruit and vegetable,Prague_3
4168,519.2954427,0.9978571428571428,28.0,0.0,0.9978571428571428,False,1.11,0.0021,LOW,Chicken_77,Meat and fish,Prague_3
348,1000.39662,0.9989285714285714,28.0,0.0,0.9989285714285714,False,1.07,0.0011,LOW,Turkey_0,Meat and fish,Prague_3
5280,333.1745365,0.9967857142857143,28.0,0.0,0.9967857142857143,False,1.07,0.0032,LOW,Pita_2,Bakery,Prague_2
1960,291.1016531,0.9967857142857143,28.0,0.0,0.9967857142857143,False,0.94,0.0032,LOW,Turkey_8,Meat and fish,Prague_2
3204,192.5399466,0.9951851851851852,27.0,0.0,0.9951851851851852,False,0.93,0.0048,LOW,Beef_17,Meat and fish,Prague_2
2442,1208.135839,0.9992857142857143,28.0,0.0,0.9992857142857143,False,0.86,0.0007,LOW,Turkey_10,Meat and fish,Brno_1
1694,598.895187,0.9985714285714286,28.0,0.0,0.9985714285714286,False,0.86,0.0014,LOW,Bread_68,Bakery,Brno_1
708,118.906625,0.9928571428571429,28.0,0.0,0.9928571428571429,False,0.85,0.0071,LOW,Apple_15,Fruit and vegetable,Brno_1
1281,1086.718509,0.9992857142857143,28.0,0.0,0.9992857142857143,False,0.78,0.0007,LOW,Salmon_3,Meat and fish,Prague_2
349,985.571354,0.9992857142857143,28.0,0.0,0.9992857142857143,False,0.7,0.0007,LOW,Turkey_0,Meat and fish,Prague_2
1896,623.881369,0.9989285714285714,28.0,0.0,0.9989285714285714,False,0.67,0.0011,LOW,Turkey_7,Meat and fish,Prague_3
701,811.5663470000001,0.9992857142857143,28.0,0.0,0.9992857142857143,False,0.58,0.0007,LOW,Turkey_3,Meat and fish,Prague_2
513,521.96164,0.9989285714285714,28.0,0.0,0.9989285714285714,False,0.56,0.0011,LOW,Bell pepper_0,Fruit and vegetable,Prague_3
1941,1502.183512,0.9996428571428572,28.0,0.0,0.9996428571428572,False,0.54,0.0004,LOW,Beef_10,Meat and fish,Prague_1
3205,443.11219,0.9988461538461538,26.0,0.0,0.9988461538461538,False,0.51,0.0012,LOW,Beef_17,Meat and fish,Prague_1
1959,223.4115442,0.9989285714285714,28.0,0.0,0.9989285714285714,False,0.24,0.0011,LOW,Turkey_8,Meat and fish,Prague_3
139,59748.7428,1.0,28.0,0.0,1.0,False,0.0,0.0,LOW,Pastry_4,Bakery,Budapest_1
3336,59413.2161,1.0,28.0,0.0,1.0,False,0.0,0.0,LOW,Roll_32,Bakery,Brno_1
4793,58811.4922,1.0,28.0,0.0,1.0,False,0.0,0.0,LOW,Roll_54,Bakery,Budapest_1
3144,50940.8886,1.0,28.0,0.0,1.0,False,0.0,0.0,LOW,Bread_122,Bakery,Prague_1
655,46657.9211,1.0,28.0,0.0,1.0,False,0.0,0.0,LOW,Cucumber_10,Fruit and vegetable,Prague_2
393,41728.63821,1.0,28.0,0.0,1.0,False,0.0,0.0,LOW,Avocado_1,Fruit and vegetable,Prague_1
3145,33397.106,1.0,28.0,0.0,1.0,False,0.0,0.0,LOW,Bread_122,Bakery,Prague_2
4172,32562.53662,1.0,28.0,0.0,1.0,False,0.0,0.0,LOW,Cucumber_27,Fruit and vegetable,Budapest_1
4666,29333.48548,1.0,28.0,0.0,1.0,False,0.0,0.0,LOW,Apple_124,Fruit and vegetable,Munich_1
3147,28889.55135,1.0,28.0,0.0,1.0,False,0.0,0.0,LOW,Bread_122,Bakery,Prague_3
2937,28221.50905,1.0,28.0,0.0,1.0,False,0.0,0.0,LOW,Bread_113,Bakery,Prague_1
2216,28082.2393,1.0,28.0,0.0,1.0,False,0.0,0.0,LOW,Croissant_16,Bakery,Prague_1
2217,26185.07176,1.0,28.0,0.0,1.0,False,0.0,0.0,LOW,Croissant_16,Bakery,Brno_1
392,22980.44476,1.0,28.0,0.0,1.0,False,0.0,0.0,LOW,Avocado_1,Fruit and vegetable,Prague_3
5293,21937.84504,1.0,28.0,0.0,1.0,False,0.0,0.0,LOW,Baguette_40,Bakery,Prague_1
2352,19460.30864,1.0,28.0,0.0,1.0,False,0.0,0.0,LOW,Pastry_102,Bakery,Budapest_1
5294,17854.17105,1.0,28.0,0.0,1.0,False,0.0,0.0,LOW,Baguette_40,Bakery,Brno_1
1408,17359.70537,1.0,28.0,0.0,1.0,False,0.0,0.0,LOW,Lime_4,Fruit and vegetable,Prague_1
1266,17101.375350000002,1.0,28.0,0.0,1.0,False,0.0,0.0,LOW,Donut_9,Bakery,Brno_1
2325,17024.64763,1.0,28.0,0.0,1.0,False,0.0,0.0,LOW,Pretzel_7,Bakery,Munich_1
2935,16939.266499999998,1.0,28.0,0.0,1.0,False,0.0,0.0,LOW,Bread_113,Bakery,Brno_1
2938,16617.01013,1.0,28.0,0.0,1.0,False,0.0,0.0,LOW,Bread_113,Bakery,Prague_2
2936,16589.3095,1.0,28.0,0.0,1.0,False,0.0,0.0,LOW,Bread_113,Bakery,Prague_3
784,16588.11065,1.0,28.0,0.0,1.0,False,0.0,0.0,LOW,Pastry_37,Bakery,Budapest_1
1549,16238.62148,1.0,28.0,0.0,1.0,False,0.0,0.0,LOW,Bread_63,Bakery,Budapest_1
4523,16234.72502,1.0,28.0,0.0,1.0,False,0.0,0.0,LOW,Toust_36,Bakery,Brno_1
1269,15326.115090000001,1.0,28.0,0.0,1.0,False,0.0,0.0,LOW,Donut_9,Bakery,Prague_1
5295,14899.77692,1.0,28.0,0.0,1.0,False,0.0,0.0,LOW,Baguette_40,Bakery,Prague_2
5296,13948.74279,1.0,28.0,0.0,1.0,False,0.0,0.0,LOW,Baguette_40,Bakery,Prague_3
2219,13144.19556,1.0,28.0,0.0,1.0,False,0.0,0.0,LOW,Croissant_16,Bakery,Prague_2
223,12854.71245,1.0,28.0,0.0,1.0,False,0.0,0.0,LOW,Roll_2,Bakery,Prague_1
1270,11933.69875,1.0,28.0,0.0,1.0,False,0.0,0.0,LOW,Onion_12,Fruit and vegetable,Brno_1
2128,11691.04351,1.0,28.0,0.0,1.0,False,0.0,0.0,LOW,Grape_15,Fruit and vegetable,Prague_2
3489,11548.31482,1.0,28.0,0.0,1.0,False,0.0,0.0,LOW,Baguette_25,Bakery,Brno_1
2218,11443.22494,1.0,28.0,0.0,1.0,False,0.0,0.0,LOW,Croissant_16,Bakery,Prague_3
1217,11355.06335,1.0,28.0,0.0,1.0,False,0.0,0.0,LOW,Bread_52,Bakery,Budapest_1
2341,11352.34312,1.0,28.0,0.0,1.0,False,0.0,0.0,LOW,Donut_20,Bakery,Prague_1
5082,11197.12629,1.0,28.0,0.0,1.0,False,0.0,0.0,LOW,Tomato_113,Fruit and vegetable,Brno_1
5243,10983.2909,1.0,28.0,0.0,1.0,False,0.0,0.0,LOW,Spinach_13,Fruit and vegetable,Prague_1
5279,10515.49097,1.0,28.0,0.0,1.0,False,0.0,0.0,LOW,Onion_51,Fruit and vegetable,Prague_2
3357,9888.34161,1.0,28.0,0.0,1.0,False,0.0,0.0,LOW,Donut_28,Bakery,Brno_1
2967,9434.988659999999,1.0,28.0,0.0,1.0,False,0.0,0.0,LOW,Carrot_20,Fruit and vegetable,Brno_1
2051,9101.76426,,,,1.0,True,0.0,0.0,LOW,Corn_2,Fruit and vegetable,Budapest_1
474,8967.88586,1.0,28.0,0.0,1.0,False,0.0,0.0,LOW,Croissant_3,Bakery,Budapest_1
2427,8839.51994,1.0,28.0,0.0,1.0,False,0.0,0.0,LOW,Pretzel_8,Bakery,Munich_1
1267,8603.12528,1.0,28.0,0.0,1.0,False,0.0,0.0,LOW,Donut_9,Bakery,Prague_2
4203,8391.54487,1.0,28.0,0.0,1.0,False,0.0,0.0,LOW,Pastry_156,Bakery,Budapest_1
4346,8372.70831,,,,1.0,True,0.0,0.0,LOW,Pear_31,Fruit and vegetable,Munich_1
4525,8126.02775,1.0,28.0,0.0,1.0,False,0.0,0.0,LOW,Toust_36,Bakery,Prague_2
1297,8077.00577,1.0,28.0,0.0,1.0,False,0.0,0.0,LOW,Pretzel_2,Bakery,Prague_1
4710,7992.51606,1.0,28.0,0.0,1.0,False,0.0,0.0,LOW,Bread_198,Bakery,Brno_1
4521,7492.6959400000005,1.0,28.0,0.0,1.0,False,0.0,0.0,LOW,Parsley_10,Fruit and vegetable,Munich_1
221,7446.67735,1.0,28.0,0.0,1.0,False,0.0,0.0,LOW,Roll_2,Bakery,Prague_3
1268,7151.20612,1.0,28.0,0.0,1.0,False,0.0,0.0,LOW,Donut_9,Bakery,Prague_3
1273,7078.20085,1.0,28.0,0.0,1.0,False,0.0,0.0,LOW,Onion_12,Fruit and vegetable,Prague_2
4711,7046.51553,1.0,28.0,0.0,1.0,False,0.0,0.0,LOW,Bread_198,Bakery,Prague_1
1272,6931.04896,1.0,28.0,0.0,1.0,False,0.0,0.0,LOW,Onion_12,Fruit and vegetable,Prague_3
2342,6872.12084,1.0,28.0,0.0,1.0,False,0.0,0.0,LOW,Donut_20,Bakery,Prague_2
3545,6868.42865,1.0,28.0,0.0,1.0,False,0.0,0.0,LOW,Apple_96,Fruit and vegetable,Prague_2
2259,6692.77447,1.0,28.0,0.0,1.0,False,0.0,0.0,LOW,Toust_16,Bakery,Prague_1
222,6619.85792,1.0,28.0,0.0,1.0,False,0.0,0.0,LOW,Roll_2,Bakery,Prague_2
730,6581.22688,1.0,28.0,0.0,1.0,False,0.0,0.0,LOW,Zucchini_1,Fruit and vegetable,Prague_2
5286,6559.35168,1.0,28.0,0.0,1.0,False,0.0,0.0,LOW,Onion_52,Fruit and vegetable,Brno_1
2966,6480.34916,1.0,28.0,0.0,1.0,False,0.0,0.0,LOW,Carrot_20,Fruit and vegetable,Prague_1
599,6431.155,1.0,28.0,0.0,1.0,False,0.0,0.0,LOW,Celery_4,Fruit and vegetable,Prague_1
4522,6404.18178,1.0,28.0,0.0,1.0,False,0.0,0.0,LOW,Toust_36,Bakery,Prague_3
2387,6376.449975,1.0,28.0,0.0,1.0,False,0.0,0.0,LOW,Tomato_48,Fruit and vegetable,Prague_1
3657,6098.13253,1.0,28.0,0.0,1.0,False,0.0,0.0,LOW,Pastry_136,Bakery,Brno_1
1172,6089.48783,1.0,28.0,0.0,1.0,False,0.0,0.0,LOW,Donut_8,Bakery,Brno_1
3369,6031.40434,1.0,28.0,0.0,1.0,False,0.0,0.0,LOW,Basil_2,Fruit and vegetable,Prague_1
4958,5897.25118,1.0,28.0,0.0,1.0,False,0.0,0.0,LOW,Baguette_36,Bakery,Budapest_1
1163,5877.40184,1.0,28.0,0.0,1.0,False,0.0,0.0,LOW,Pastry_52,Bakery,Budapest_1
3873,5802.17273,1.0,28.0,0.0,1.0,False,0.0,0.0,LOW,Avocado_7,Fruit and vegetable,Prague_3
4963,5745.59482,1.0,28.0,0.0,1.0,False,0.0,0.0,LOW,Pastry_181,Bakery,Brno_1
80,5742.07481,1.0,28.0,0.0,1.0,False,0.0,0.0,LOW,Roll_0,Bakery,Budapest_1
4037,5687.25567,1.0,28.0,0.0,1.0,False,0.0,0.0,LOW,Bread_164,Bakery,Brno_1
2428,5646.28466,1.0,28.0,0.0,1.0,False,0.0,0.0,LOW,Onion_19,Fruit and vegetable,Budapest_1
3154,5635.80587,1.0,28.0,0.0,1.0,False,0.0,0.0,LOW,Broccoli_8,Fruit and vegetable,Prague_2
3491,5558.95173,1.0,28.0,0.0,1.0,False,0.0,0.0,LOW,Baguette_25,Bakery,Prague_1
1104,5473.03871,1.0,28.0,0.0,1.0,False,0.0,0.0,LOW,Tortilla_2,Bakery,Prague_1
1296,5465.23572,1.0,28.0,0.0,1.0,False,0.0,0.0,LOW,Pretzel_2,Bakery,Prague_3
147,5458.343006,1.0,28.0,0.0,1.0,False,0.0,0.0,LOW,Bread_5,Bakery,Frankfurt_1
4709,5411.24138,1.0,28.0,0.0,1.0,False,0.0,0.0,LOW,Bread_198,Bakery,Prague_2
627,5373.848441,1.0,28.0,0.0,1.0,False,0.0,0.0,LOW,Radish_3,Fruit and vegetable,Prague_1
2260,5372.4723,1.0,28.0,0.0,1.0,False,0.0,0.0,LOW,Toust_16,Bakery,Brno_1
2399,5187.74699,1.0,28.0,0.0,1.0,False,0.0,0.0,LOW,Snack_3,Bakery,Brno_1
2012,5090.70639,1.0,28.0,0.0,1.0,False,0.0,0.0,LOW,Donut_16,Bakery,Budapest_1
2343,5089.29217,1.0,28.0,0.0,1.0,False,0.0,0.0,LOW,Donut_20,Bakery,Prague_3
1103,5069.80001,1.0,28.0,0.0,1.0,False,0.0,0.0,LOW,Tortilla_2,Bakery,Brno_1
1171,5043.77606,1.0,28.0,0.0,1.0,False,0.0,0.0,LOW,Donut_8,Bakery,Prague_1
2426,4949.24439,1.0,28.0,0.0,1.0,False,0.0,0.0,LOW,Pretzel_8,Bakery,Frankfurt_1
1294,4783.20222,1.0,28.0,0.0,1.0,False,0.0,0.0,LOW,Pretzel_2,Bakery,Prague_2
750,4764.41108,1.0,28.0,0.0,1.0,False,0.0,0.0,LOW,Pastry_34,Bakery,Brno_1
3658,4741.56594,1.0,28.0,0.0,1.0,False,0.0,0.0,LOW,Pastry_136,Bakery,Prague_1
5134,4646.50762,1.0,28.0,0.0,1.0,False,0.0,0.0,LOW,Apple_132,Fruit and vegetable,Prague_1
2389,4612.526745,1.0,28.0,0.0,1.0,False,0.0,0.0,LOW,Tomato_49,Fruit and vegetable,Budapest_1
4513,4521.08726,1.0,28.0,0.0,1.0,False,0.0,0.0,LOW,Bread_188,Bakery,Prague_1
1295,4474.25535,1.0,28.0,0.0,1.0,False,0.0,0.0,LOW,Pretzel_2,Bakery,Brno_1
4512,4471.27494,1.0,28.0,0.0,1.0,False,0.0,0.0,LOW,Bread_188,Bakery,Brno_1
4753,4468.50299,1.0,28.0,0.0,1.0,False,0.0,0.0,LOW,Roll_52,Bakery,Brno_1
2100,4459.765506,1.0,28.0,0.0,1.0,False,0.0,0.0,LOW,Roll_18,Bakery,Munich_1
2162,4396.56352,1.0,28.0,0.0,1.0,False,0.0,0.0,LOW,Sweet Potato_6,Fruit and vegetable,Budapest_1
3796,4378.693048,1.0,28.0,0.0,1.0,False,0.0,0.0,LOW,Pastry_144,Bakery,Munich_1
5288,4370.19769,1.0,28.0,0.0,1.0,False,0.0,0.0,LOW,Onion_52,Fruit and vegetable,Prague_2
4727,4309.316306,1.0,28.0,0.0,1.0,False,0.0,0.0,LOW,Pastry_174,Bakery,Brno_1
3165,4299.440156,1.0,28.0,0.0,1.0,False,0.0,0.0,LOW,Grapefruit_2,Fruit and vegetable,Munich_1
4708,4259.768204,1.0,28.0,0.0,1.0,False,0.0,0.0,LOW,Bread_198,Bakery,Prague_3
3359,4243.65592,1.0,28.0,0.0,1.0,False,0.0,0.0,LOW,Donut_28,Bakery,Prague_3
4665,4228.64688,,,,1.0,True,0.0,0.0,LOW,Apple_124,Fruit and vegetable,Frankfurt_1
911,4224.41245,1.0,28.0,0.0,1.0,False,0.0,0.0,LOW,Leek_1,Fruit and vegetable,Prague_3
4949,4198.09954,,,,1.0,True,0.0,0.0,LOW,Lettuce_40,Fruit and vegetable,Munich_1
4222,4113.241,1.0,28.0,0.0,1.0,False,0.0,0.0,LOW,Bread_174,Bakery,Budapest_1
1018,4075.256987,,,,1.0,True,0.0,0.0,LOW,Melon_3,Fruit and vegetable,Budapest_1
4721,4058.062637,1.0,28.0,0.0,1.0,False,0.0,0.0,LOW,Pastry_173,Bakery,Munich_1
4598,4041.08329,,,,1.0,True,0.0,0.0,LOW,Watermelon_22,Fruit and vegetable,Budapest_1
4051,3983.1387760000002,1.0,28.0,0.0,1.0,False,0.0,0.0,LOW,Baguette_31,Bakery,Brno_1
3219,3974.2893750000003,1.0,28.0,0.0,1.0,False,0.0,0.0,LOW,Toust_20,Bakery,Prague_1
3241,3951.999165,1.0,28.0,0.0,1.0,False,0.0,0.0,LOW,Pastry_122,Bakery,Budapest_1
1755,3899.4225539999998,1.0,28.0,0.0,1.0,False,0.0,0.0,LOW,Cabbage_4,Fruit and vegetable,Brno_1
4961,3886.1923930000003,1.0,28.0,0.0,1.0,False,0.0,0.0,LOW,Pastry_181,Bakery,Prague_1
906,3869.3201759999997,1.0,28.0,0.0,1.0,False,0.0,0.0,LOW,Pear_8,Fruit and vegetable,Brno_1
904,3825.753016,1.0,28.0,0.0,1.0,False,0.0,0.0,LOW,Pear_8,Fruit and vegetable,Prague_1
4555,3791.251135,1.0,28.0,0.0,1.0,False,0.0,0.0,LOW,Beet_5,Fruit and vegetable,Prague_1
918,3783.5768160000002,1.0,28.0,0.0,1.0,False,0.0,0.0,LOW,Bread_38,Bakery,Budapest_1
3441,3783.326395,1.0,28.0,0.0,1.0,False,0.0,0.0,LOW,Apple_93,Fruit and vegetable,Brno_1
5287,3726.429691,1.0,28.0,0.0,1.0,False,0.0,0.0,LOW,Onion_52,Fruit and vegetable,Prague_3
600,3719.32088,1.0,28.0,0.0,1.0,False,0.0,0.0,LOW,Celery_4,Fruit and vegetable,Prague_2
3660,3713.56842,,,,1.0,True,0.0,0.0,LOW,Apple_99,Fruit and vegetable,Munich_1
121,3711.638696,1.0,28.0,0.0,1.0,False,0.0,0.0,LOW,Bread_4,Bakery,Frankfurt_1
715,3642.61209,1.0,28.0,0.0,1.0,False,0.0,0.0,LOW,Bagel_1,Bakery,Budapest_1
4726,3641.905111,1.0,28.0,0.0,1.0,False,0.0,0.0,LOW,Pastry_174,Bakery,Prague_1
2258,3565.851276,1.0,28.0,0.0,1.0,False,0.0,0.0,LOW,Toust_16,Bakery,Prague_2
3251,3523.407588,1.0,28.0,0.0,1.0,False,0.0,0.0,LOW,Baguette_24,Bakery,Brno_1
1412,3495.51507,1.0,28.0,0.0,1.0,False,0.0,0.0,LOW,Herb_4,Fruit and vegetable,Munich_1
3118,3476.018194,1.0,28.0,0.0,1.0,False,0.0,0.0,LOW,Donut_26,Bakery,Budapest_1
2257,3470.842859,1.0,28.0,0.0,1.0,False,0.0,0.0,LOW,Toust_16,Bakery,Prague_3
3488,3397.613254,1.0,28.0,0.0,1.0,False,0.0,0.0,LOW,Baguette_25,Bakery,Prague_2
4392,3389.728585,1.0,28.0,0.0,1.0,False,0.0,0.0,LOW,Herb_17,Fruit and vegetable,Prague_1
3668,3384.941271,1.0,28.0,0.0,1.0,False,0.0,0.0,LOW,Parsley_7,Fruit and vegetable,Brno_1
5102,3380.629444,1.0,28.0,0.0,1.0,False,0.0,0.0,LOW,Onion_48,Fruit and vegetable,Prague_1
445,3376.334637,1.0,28.0,0.0,1.0,False,0.0,0.0,LOW,Celery_3,Fruit and vegetable,Budapest_1
4101,3363.792786,,,,1.0,True,0.0,0.0,LOW,Pear_29,Fruit and vegetable,Munich_1
4119,3325.840979,1.0,28.0,0.0,1.0,False,0.0,0.0,LOW,Donut_32,Bakery,Budapest_1
2401,3306.837902,1.0,28.0,0.0,1.0,False,0.0,0.0,LOW,Snack_3,Bakery,Prague_1
351,3216.572423,1.0,28.0,0.0,1.0,False,0.0,0.0,LOW,Pastry_19,Bakery,Brno_1
625,3214.39451,1.0,28.0,0.0,1.0,False,0.0,0.0,LOW,Radish_3,Fruit and vegetable,Prague_2
1102,3185.506786,1.0,28.0,0.0,1.0,False,0.0,0.0,LOW,Tortilla_2,Bakery,Prague_2
719,3173.171405,1.0,28.0,0.0,1.0,False,0.0,0.0,LOW,Pastry_31,Bakery,Budapest_1
1075,3080.585915,1.0,28.0,0.0,1.0,False,0.0,0.0,LOW,Toust_9,Bakery,Brno_1
1929,3063.430824,1.0,28.0,0.0,1.0,False,0.0,0.0,LOW,Pretzel_6,Bakery,Munich_1
4701,3055.371985,1.0,28.0,0.0,1.0,False,0.0,0.0,LOW,Onion_44,Fruit and vegetable,Budapest_1
3490,3050.72156,1.0,28.0,0.0,1.0,False,0.0,0.0,LOW,Baguette_25,Bakery,Prague_3
2910,2982.57387,1.0,28.0,0.0,1.0,False,0.0,0.0,LOW,Mango_8,Fruit and vegetable,Prague_2
2103,2978.264609,1.0,28.0,0.0,1.0,False,0.0,0.0,LOW,Herb_7,Fruit and vegetable,Munich_1
5341,2956.030362,1.0,28.0,0.0,1.0,False,0.0,0.0,LOW,Tomato_117,Fruit and vegetable,Munich_1
375,2935.331736,1.0,28.0,0.0,1.0,False,0.0,0.0,LOW,Salad_4,Fruit and vegetable,Brno_1
4084,2926.680154,1.0,28.0,0.0,1.0,False,0.0,0.0,LOW,Potato_65,Fruit and vegetable,Budapest_1
4200,2915.083266,1.0,28.0,0.0,1.0,False,0.0,0.0,LOW,Pastry_154,Bakery,Prague_1
95,2913.00627,,,,1.0,True,0.0,0.0,LOW,Pepper_0,Fruit and vegetable,Prague_1
4036,2893.2463589999998,1.0,28.0,0.0,1.0,False,0.0,0.0,LOW,Bread_164,Bakery,Prague_2
2583,2891.174093,1.0,28.0,0.0,1.0,False,0.0,0.0,LOW,Pastry_111,Bakery,Budapest_1
3554,2876.853912,1.0,28.0,0.0,1.0,False,0.0,0.0,LOW,Grapefruit_4,Fruit and vegetable,Prague_1
1584,2871.456166,1.0,28.0,0.0,1.0,False,0.0,0.0,LOW,Bread_64,Bakery,Budapest_1
5104,2866.051989,1.0,28.0,0.0,1.0,False,0.0,0.0,LOW,Onion_48,Fruit and vegetable,Brno_1
354,2864.757172,1.0,28.0,0.0,1.0,False,0.0,0.0,LOW,Pastry_19,Bakery,Prague_1
1169,2842.693675,1.0,28.0,0.0,1.0,False,0.0,0.0,LOW,Donut_8,Bakery,Prague_2
4052,2836.273205,1.0,28.0,0.0,1.0,False,0.0,0.0,LOW,Baguette_31,Bakery,Prague_1
1905,2829.970231,1.0,28.0,0.0,1.0,False,0.0,0.0,LOW,Salmon_5,Meat and fish,Prague_1
1593,2825.145271,1.0,28.0,0.0,1.0,False,0.0,0.0,LOW,Roll_15,Bakery,Prague_1
1056,2783.069924,1.0,28.0,0.0,1.0,False,0.0,0.0,LOW,Broccoli_3,Fruit and vegetable,Frankfurt_1
4511,2778.305956,1.0,28.0,0.0,1.0,False,0.0,0.0,LOW,Bread_188,Bakery,Prague_2
1560,2770.796438,1.0,28.0,0.0,1.0,False,0.0,0.0,LOW,Toust_10,Bakery,Prague_1
5419,2744.979671,1.0,28.0,0.0,1.0,False,0.0,0.0,LOW,Pork_41,Meat and fish,Prague_1
3983,2735.281447,1.0,28.0,0.0,1.0,False,0.0,0.0,LOW,Toust_26,Bakery,Prague_1
3659,2726.030013,1.0,28.0,0.0,1.0,False,0.0,0.0,LOW,Pastry_136,Bakery,Prague_2
4644,2713.764063,1.0,28.0,0.0,1.0,False,0.0,0.0,LOW,Snack_9,Bakery,Brno_1
311,2713.549666,1.0,28.0,0.0,1.0,False,0.0,0.0,LOW,Pastry_18,Bakery,Budapest_1
5365,2703.444802,,,,1.0,True,0.0,0.0,LOW,Brioche_0,Bakery,Brno_1
2955,2680.115762,1.0,28.0,0.0,1.0,False,0.0,0.0,LOW,Toust_19,Bakery,Munich_1
3994,2668.088845,1.0,28.0,0.0,1.0,False,0.0,0.0,LOW,Bread_160,Bakery,Prague_1
3778,2660.87723,,,,1.0,True,0.0,0.0,LOW,Carrot_25,Fruit and vegetable,Munich_1
5406,2623.157661,,,,1.0,True,0.0,0.0,LOW,Pepper_31,Fruit and vegetable,Budapest_1
5367,2622.36038,,,,1.0,True,0.0,0.0,LOW,Brioche_0,Bakery,Prague_1
1105,2580.105848,1.0,28.0,0.0,1.0,False,0.0,0.0,LOW,Tortilla_2,Bakery,Prague_3
650,2570.403628,1.0,28.0,0.0,1.0,False,0.0,0.0,LOW,Bread_22,Bakery,Budapest_1
2023,2560.791212,1.0,28.0,0.0,1.0,False,0.0,0.0,LOW,Donut_17,Bakery,Budapest_1
1170,2520.451327,1.0,28.0,0.0,1.0,False,0.0,0.0,LOW,Donut_8,Bakery,Prague_3
2365,2490.868216,1.0,28.0,0.0,1.0,False,0.0,0.0,LOW,Muffin_3,Bakery,Brno_1
3736,2489.439896,1.0,28.0,0.0,1.0,False,0.0,0.0,LOW,Kiwi_18,Fruit and vegetable,Prague_2
5190,2432.954418,1.0,28.0,0.0,1.0,False,0.0,0.0,LOW,Pastry_195,Bakery,Brno_1
2167,2429.29313,1.0,28.0,0.0,1.0,False,0.0,0.0,LOW,Baguette_15,Bakery,Prague_1
3772,2417.738486,1.0,28.0,0.0,1.0,False,0.0,0.0,LOW,Bread_147,Bakery,Budapest_1
1561,2405.340628,1.0,28.0,0.0,1.0,False,0.0,0.0,LOW,Toust_10,Bakery,Brno_1
2138,2403.403554,1.0,28.0,0.0,1.0,False,0.0,0.0,LOW,Donut_19,Bakery,Budapest_1
3498,2390.89876,1.0,28.0,0.0,1.0,False,0.0,0.0,LOW,Bread_136,Bakery,Frankfurt_1
4002,2361.036977,1.0,28.0,0.0,1.0,False,0.0,0.0,LOW,Bun_2,Bakery,Munich_1
1158,2356.779025,1.0,28.0,0.0,1.0,False,0.0,0.0,LOW,Tortilla_3,Bakery,Prague_1
3656,2353.264105,1.0,28.0,0.0,1.0,False,0.0,0.0,LOW,Pastry_136,Bakery,Prague_3
4016,2353.232847,1.0,28.0,0.0,1.0,False,0.0,0.0,LOW,Beef_24,Meat and fish,Prague_1
2621,2327.301779,1.0,28.0,0.0,1.0,False,0.0,0.0,LOW,Donut_23,Bakery,Brno_1
4490,2319.921646,1.0,28.0,0.0,1.0,False,0.0,0.0,LOW,Herb_18,Fruit and vegetable,Prague_3
5159,2314.406375,1.0,28.0,0.0,1.0,False,0.0,0.0,LOW,Cress_0,Fruit and vegetable,Munich_1
699,2309.404924,1.0,28.0,0.0,1.0,False,0.0,0.0,LOW,Cheese_0,Bakery,Brno_1
2647,2295.03446,,,,1.0,True,0.0,0.0,LOW,Pomelo_2,Fruit and vegetable,Prague_1
4904,2285.0831630000002,1.0,28.0,0.0,1.0,False,0.0,0.0,LOW,Carrot_33,Fruit and vegetable,Prague_2
1159,2273.301277,1.0,28.0,0.0,1.0,False,0.0,0.0,LOW,Tortilla_3,Bakery,Brno_1
5369,2268.173894,1.0,28.0,0.0,1.0,False,0.0,0.0,LOW,Pastry_200,Bakery,Budapest_1
5133,2265.396204,1.0,28.0,0.0,1.0,False,0.0,0.0,LOW,Apple_132,Fruit and vegetable,Prague_2
1033,2258.335067,1.0,28.0,0.0,1.0,False,0.0,0.0,LOW,Bread_43,Bakery,Brno_1
3978,2255.030503,1.0,28.0,0.0,1.0,False,0.0,0.0,LOW,Celery_14,Fruit and vegetable,Munich_1
4510,2252.790727,1.0,28.0,0.0,1.0,False,0.0,0.0,LOW,Bread_188,Bakery,Prague_3
2289,2241.427218,1.0,28.0,0.0,1.0,False,0.0,0.0,LOW,Pastry_95,Bakery,Munich_1
4553,2234.190916,1.0,28.0,0.0,1.0,False,0.0,0.0,LOW,Beet_5,Fruit and vegetable,Prague_2
4722,2201.467552,1.0,28.0,0.0,1.0,False,0.0,0.0,LOW,Pastry_173,Bakery,Frankfurt_1
3151,2200.881956,1.0,28.0,0.0,1.0,False,0.0,0.0,LOW,Bread_123,Bakery,Munich_1
2168,2198.163632,1.0,28.0,0.0,1.0,False,0.0,0.0,LOW,Baguette_15,Bakery,Brno_1
3283,2184.144005,1.0,28.0,0.0,1.0,False,0.0,0.0,LOW,Pear_27,Fruit and vegetable,Prague_1
2962,2172.057728,1.0,28.0,0.0,1.0,False,0.0,0.0,LOW,Apple_86,Fruit and vegetable,Prague_1
4755,2166.718274,1.0,28.0,0.0,1.0,False,0.0,0.0,LOW,Roll_52,Bakery,Prague_1
4046,2157.814508,1.0,28.0,0.0,1.0,False,0.0,0.0,LOW,Bread_165,Bakery,Brno_1
3250,2150.781409,1.0,28.0,0.0,1.0,False,0.0,0.0,LOW,Baguette_24,Bakery,Prague_1
4406,2147.026848,1.0,28.0,0.0,1.0,False,0.0,0.0,LOW,Pastry_164,Bakery,Munich_1
3353,2146.032809,1.0,28.0,0.0,1.0,False,0.0,0.0,LOW,Cabbage_12,Fruit and vegetable,Prague_1
5161,2145.751697,,,,1.0,True,0.0,0.0,LOW,Tomato_114,Fruit and vegetable,Frankfurt_1
2601,2134.189849,1.0,28.0,0.0,1.0,False,0.0,0.0,LOW,Sweet Potato_9,Fruit and vegetable,Budapest_1
4407,2131.164531,1.0,28.0,0.0,1.0,False,0.0,0.0,LOW,Eggplant_7,Fruit and vegetable,Budapest_1
4663,2124.69887,1.0,28.0,0.0,1.0,False,0.0,0.0,LOW,Bagel_11,Bakery,Prague_1
3001,2114.85278,,,,1.0,True,0.0,0.0,LOW,Pear_24,Fruit and vegetable,Munich_1
1840,2099.290887,1.0,28.0,0.0,1.0,False,0.0,0.0,LOW,Tomato_38,Fruit and vegetable,Prague_2
4962,2082.023726,1.0,28.0,0.0,1.0,False,0.0,0.0,LOW,Pastry_181,Bakery,Prague_2
4394,2070.40964,1.0,28.0,0.0,1.0,False,0.0,0.0,LOW,Herb_17,Fruit and vegetable,Prague_2
1715,2070.358624,1.0,28.0,0.0,1.0,False,0.0,0.0,LOW,Bread_69,Bakery,Brno_1
3191,2068.683759,1.0,28.0,0.0,1.0,False,0.0,0.0,LOW,Plum_17,Fruit and vegetable,Prague_1
4044,2061.77438,1.0,28.0,0.0,1.0,False,0.0,0.0,LOW,Bread_165,Bakery,Prague_1
5105,2059.62293,1.0,28.0,0.0,1.0,False,0.0,0.0,LOW,Onion_48,Fruit and vegetable,Prague_2
5135,2043.131654,1.0,28.0,0.0,1.0,False,0.0,0.0,LOW,Apple_132,Fruit and vegetable,Prague_3
2648,2040.825143,1.0,28.0,0.0,1.0,False,0.0,0.0,LOW,Pastry_113,Bakery,Budapest_1
4645,2034.088052,1.0,28.0,0.0,1.0,False,0.0,0.0,LOW,Snack_9,Bakery,Prague_1
5267,2033.368729,1.0,28.0,0.0,1.0,False,0.0,0.0,LOW,Pretzel_15,Bakery,Frankfurt_1
2870,2028.1968470000002,,,,1.0,True,0.0,0.0,LOW,Kiwi_15,Fruit and vegetable,Munich_1
3776,2017.301454,1.0,28.0,0.0,1.0,False,0.0,0.0,LOW,Tomato_84,Fruit and vegetable,Budapest_1
753,2014.509951,1.0,28.0,0.0,1.0,False,0.0,0.0,LOW,Pastry_34,Bakery,Prague_3
3467,1989.740661,1.0,28.0,0.0,1.0,False,0.0,0.0,LOW,Snack_6,Bakery,Brno_1
1909,1947.845296,1.0,28.0,0.0,1.0,False,0.0,0.0,LOW,Bread_77,Bakery,Munich_1
376,1922.309582,1.0,28.0,0.0,1.0,False,0.0,0.0,LOW,Salad_4,Fruit and vegetable,Prague_2
7,1920.486836,1.0,28.0,0.0,1.0,False,0.0,0.0,LOW,Herb_0,Fruit and vegetable,Munich_1
4039,1919.554877,1.0,28.0,0.0,1.0,False,0.0,0.0,LOW,Tomato_91,Fruit and vegetable,Budapest_1
5192,1899.177825,1.0,28.0,0.0,1.0,False,0.0,0.0,LOW,Pastry_195,Bakery,Prague_1
2395,1899.048014,,,,1.0,True,0.0,0.0,LOW,Melon_7,Fruit and vegetable,Munich_1
1008,1891.183105,1.0,28.0,0.0,1.0,False,0.0,0.0,LOW,Avocado_2,Fruit and vegetable,Prague_1
2362,1888.834814,1.0,28.0,0.0,1.0,False,0.0,0.0,LOW,Muffin_3,Bakery,Prague_1
5049,1884.13321,,,,1.0,True,0.0,0.0,LOW,Lettuce_41,Fruit and vegetable,Munich_1
4552,1873.296296,1.0,28.0,0.0,1.0,False,0.0,0.0,LOW,Beet_5,Fruit and vegetable,Prague_3
2623,1863.856091,1.0,28.0,0.0,1.0,False,0.0,0.0,LOW,Donut_23,Bakery,Prague_1
53,1862.81683,,,,1.0,True,0.0,0.0,LOW,Raspberry_0,Fruit and vegetable,Brno_1
4964,1845.450309,1.0,28.0,0.0,1.0,False,0.0,0.0,LOW,Pastry_181,Bakery,Prague_3
570,1841.276438,1.0,28.0,0.0,1.0,False,0.0,0.0,LOW,Toust_3,Bakery,Prague_1
104,1840.327796,1.0,28.0,0.0,1.0,False,0.0,0.0,LOW,Bread_2,Bakery,Prague_1
4762,1838.636434,1.0,28.0,0.0,1.0,False,0.0,0.0,LOW,Waffle_1,Bakery,Brno_1
3367,1834.19103,1.0,28.0,0.0,1.0,False,0.0,0.0,LOW,Donut_29,Bakery,Budapest_1
5103,1832.880972,1.0,28.0,0.0,1.0,False,0.0,0.0,LOW,Onion_48,Fruit and vegetable,Prague_3
2024,1832.093193,1.0,28.0,0.0,1.0,False,0.0,0.0,LOW,Pastry_84,Bakery,Budapest_1
4752,1829.206635,1.0,28.0,0.0,1.0,False,0.0,0.0,LOW,Roll_52,Bakery,Prague_2
3586,1820.5705229999999,1.0,28.0,0.0,1.0,False,0.0,0.0,LOW,Croissant_25,Bakery,Prague_1
4696,1818.964122,1.0,28.0,0.0,1.0,False,0.0,0.0,LOW,Pretzel_14,Bakery,Munich_1
4198,1812.440579,1.0,28.0,0.0,1.0,False,0.0,0.0,LOW,Pastry_154,Bakery,Prague_2
4761,1802.439509,1.0,28.0,0.0,1.0,False,0.0,0.0,LOW,Waffle_1,Bakery,Prague_1
907,1802.225372,1.0,28.0,0.0,1.0,False,0.0,0.0,LOW,Pear_8,Fruit and vegetable,Prague_3
2868,1789.649083,1.0,28.0,0.0,1.0,False,0.0,0.0,LOW,Cucumber_20,Fruit and vegetable,Budapest_1
3627,1782.826268,1.0,28.0,0.0,1.0,False,0.0,0.0,LOW,Baguette_26,Bakery,Brno_1
2398,1776.453393,1.0,28.0,0.0,1.0,False,0.0,0.0,LOW,Snack_3,Bakery,Prague_3
353,1772.157906,1.0,28.0,0.0,1.0,False,0.0,0.0,LOW,Pastry_19,Bakery,Prague_2
4147,1769.392478,1.0,28.0,0.0,1.0,False,0.0,0.0,LOW,Salad_52,Fruit and vegetable,Brno_1
5093,1743.126983,,,,1.0,True,0.0,0.0,LOW,Pepper_29,Fruit and vegetable,Budapest_1
1185,1742.594959,1.0,28.0,0.0,1.0,False,0.0,0.0,LOW,Asparagus_4,Fruit and vegetable,Prague_1
509,1726.567233,1.0,28.0,0.0,1.0,False,0.0,0.0,LOW,Parsley_1,Fruit and vegetable,Frankfurt_1
917,1722.31207,,,,1.0,True,0.0,0.0,LOW,Strawberry_11,Fruit and vegetable,Brno_1
1766,1711.466484,1.0,28.0,0.0,1.0,False,0.0,0.0,LOW,Mandarin_8,Fruit and vegetable,Prague_3
1763,1698.88936,1.0,28.0,0.0,1.0,False,0.0,0.0,LOW,Mandarin_8,Fruit and vegetable,Prague_2
4728,1695.52872,1.0,28.0,0.0,1.0,False,0.0,0.0,LOW,Pastry_174,Bakery,Prague_2
1242,1688.576548,1.0,28.0,0.0,1.0,False,0.0,0.0,LOW,Snack_0,Bakery,Budapest_1
700,1687.76456,1.0,28.0,0.0,1.0,False,0.0,0.0,LOW,Cheese_0,Bakery,Prague_1
4395,1662.499724,1.0,28.0,0.0,1.0,False,0.0,0.0,LOW,Herb_17,Fruit and vegetable,Prague_3
4034,1657.2732349999999,1.0,28.0,0.0,1.0,False,0.0,0.0,LOW,Croissant_30,Bakery,Budapest_1
4717,1655.95987,1.0,28.0,0.0,1.0,False,0.0,0.0,LOW,Parsley_12,Fruit and vegetable,Prague_2
4866,1655.50579,1.0,28.0,0.0,1.0,False,0.0,0.0,LOW,Toust_39,Bakery,Budapest_1
1595,1648.21981,1.0,28.0,0.0,1.0,False,0.0,0.0,LOW,Roll_15,Bakery,Prague_2
2271,1644.814449,1.0,28.0,0.0,1.0,False,0.0,0.0,LOW,Roll_21,Bakery,Frankfurt_1
582,1640.621033,1.0,28.0,0.0,1.0,False,0.0,0.0,LOW,Tortilla_1,Bakery,Prague_1
902,1636.472297,1.0,28.0,0.0,1.0,False,0.0,0.0,LOW,Tomato_20,Fruit and vegetable,Munich_1
4199,1630.167655,1.0,28.0,0.0,1.0,False,0.0,0.0,LOW,Pastry_154,Bakery,Prague_3
438,1619.959916,1.0,28.0,0.0,1.0,False,0.0,0.0,LOW,Croissant_1,Bakery,Budapest_1
3468,1619.882855,1.0,28.0,0.0,1.0,False,0.0,0.0,LOW,Snack_6,Bakery,Prague_1
2940,1617.584077,1.0,28.0,0.0,1.0,False,0.0,0.0,LOW,Chicken_61,Meat and fish,Prague_1
1304,1617.510331,1.0,28.0,0.0,1.0,False,0.0,0.0,LOW,Pastry_57,Bakery,Brno_1
4566,1608.40839,1.0,28.0,0.0,1.0,False,0.0,0.0,LOW,Breadcrumb_9,Bakery,Budapest_1
317,1608.114842,,,,1.0,True,0.0,0.0,LOW,Cherry_1,Fruit and vegetable,Budapest_1
4847,1607.946257,1.0,28.0,0.0,1.0,False,0.0,0.0,LOW,Bread_204,Bakery,Budapest_1
2610,1607.903053,1.0,28.0,0.0,1.0,False,0.0,0.0,LOW,Bread_98,Bakery,Prague_1
2597,1607.524989,1.0,28.0,0.0,1.0,False,0.0,0.0,LOW,Rice Cake_1,Bakery,Budapest_1
4477,1607.453731,,,,1.0,True,0.0,0.0,LOW,Asparagus_22,Fruit and vegetable,Prague_1
1730,1601.554267,1.0,28.0,0.0,1.0,False,0.0,0.0,LOW,Muffin_1,Bakery,Munich_1
3795,1579.347466,1.0,28.0,0.0,1.0,False,0.0,0.0,LOW,Pastry_144,Bakery,Frankfurt_1
4642,1577.893511,1.0,28.0,0.0,1.0,False,0.0,0.0,LOW,Snack_9,Bakery,Prague_2
2616,1568.775289,,,,1.0,True,0.0,0.0,LOW,Kohlrabi_1,Fruit and vegetable,Frankfurt_1
2704,1568.698286,1.0,28.0,0.0,1.0,False,0.0,0.0,LOW,Potato_44,Fruit and vegetable,Prague_2
722,1561.764682,1.0,28.0,0.0,1.0,False,0.0,0.0,LOW,Donut_6,Bakery,Brno_1
4440,1556.16088,1.0,28.0,0.0,1.0,False,0.0,0.0,LOW,Bread_185,Bakery,Munich_1
3948,1551.351682,1.0,28.0,0.0,1.0,False,0.0,0.0,LOW,Breadcrumbs_0,Bakery,Brno_1
3553,1549.460126,1.0,28.0,0.0,1.0,False,0.0,0.0,LOW,Grapefruit_4,Fruit and vegetable,Prague_2
2438,1548.542777,1.0,28.0,0.0,1.0,False,0.0,0.0,LOW,Snack_4,Bakery,Budapest_1
4957,1544.608429,1.0,28.0,0.0,1.0,False,0.0,0.0,LOW,Cornmeal_0,Bakery,Prague_1
1505,1542.035844,1.0,28.0,0.0,1.0,False,0.0,0.0,LOW,Baguette_8,Bakery,Budapest_1
3982,1533.489297,1.0,28.0,0.0,1.0,False,0.0,0.0,LOW,Toust_26,Bakery,Prague_3
1562,1525.207231,1.0,28.0,0.0,1.0,False,0.0,0.0,LOW,Toust_10,Bakery,Prague_2
1036,1521.789256,1.0,28.0,0.0,1.0,False,0.0,0.0,LOW,Bread_43,Bakery,Prague_1
4054,1513.531849,1.0,28.0,0.0,1.0,False,0.0,0.0,LOW,Baguette_31,Bakery,Prague_3
4336,1513.139344,1.0,28.0,0.0,1.0,False,0.0,0.0,LOW,Tortilla_13,Bakery,Budapest_1
569,1506.8705929999999,1.0,28.0,0.0,1.0,False,0.0,0.0,LOW,Toust_3,Bakery,Brno_1
2115,1504.950304,1.0,28.0,0.0,1.0,False,0.0,0.0,LOW,Tortilla_4,Bakery,Budapest_1
2020,1503.730024,1.0,28.0,0.0,1.0,False,0.0,0.0,LOW,Baguette_13,Bakery,Brno_1
4476,1494.600677,,,,1.0,True,0.0,0.0,LOW,Asparagus_22,Fruit and vegetable,Prague_2
3106,1485.733618,1.0,28.0,0.0,1.0,False,0.0,0.0,LOW,Salmon_11,Meat and fish,Frankfurt_1
4208,1476.491914,1.0,28.0,0.0,1.0,False,0.0,0.0,LOW,Toust_29,Bakery,Prague_1
3628,1470.206774,1.0,28.0,0.0,1.0,False,0.0,0.0,LOW,Baguette_26,Bakery,Prague_1
4029,1458.574351,1.0,28.0,0.0,1.0,False,0.0,0.0,LOW,Baguette_29,Bakery,Munich_1
4445,1450.099772,,,,1.0,True,0.0,0.0,LOW,Apple_118,Fruit and vegetable,Brno_1
1301,1447.687752,1.0,28.0,0.0,1.0,False,0.0,0.0,LOW,Pastry_57,Bakery,Prague_2
5241,1446.95348,,,,1.0,True,0.0,0.0,LOW,Lettuce_44,Fruit and vegetable,Munich_1
3221,1442.608261,1.0,28.0,0.0,1.0,False,0.0,0.0,LOW,Toust_20,Bakery,Prague_3
4754,1436.414488,1.0,28.0,0.0,1.0,False,0.0,0.0,LOW,Roll_52,Bakery,Prague_3
484,1435.537842,1.0,28.0,0.0,1.0,False,0.0,0.0,LOW,Muffin_0,Bakery,Brno_1
1121,1429.924812,1.0,28.0,0.0,1.0,False,0.0,0.0,LOW,Bread_45,Bakery,Prague_1
1904,1421.824349,1.0,28.0,0.0,1.0,False,0.0,0.0,LOW,Salmon_5,Meat and fish,Prague_3
5041,1421.558508,,,,1.0,True,0.0,0.0,LOW,Kohlrabi_11,Fruit and vegetable,Munich_1
3985,1419.695025,1.0,28.0,0.0,1.0,False,0.0,0.0,LOW,Toust_26,Bakery,Prague_2
4134,1414.08372,1.0,28.0,0.0,1.0,False,0.0,0.0,LOW,Tortilla_11,Bakery,Budapest_1
1563,1408.101507,1.0,28.0,0.0,1.0,False,0.0,0.0,LOW,Toust_10,Bakery,Prague_3
2169,1407.744215,1.0,28.0,0.0,1.0,False,0.0,0.0,LOW,Baguette_15,Bakery,Prague_2
4053,1403.661263,1.0,28.0,0.0,1.0,False,0.0,0.0,LOW,Baguette_31,Bakery,Prague_2
4567,1399.423119,1.0,28.0,0.0,1.0,False,0.0,0.0,LOW,Soil_0,Fruit and vegetable,Budapest_1
388,1394.917485,1.0,28.0,0.0,1.0,False,0.0,0.0,LOW,Roll_6,Bakery,Munich_1
1858,1381.674983,1.0,28.0,0.0,1.0,False,0.0,0.0,LOW,Baguette_11,Bakery,Brno_1
3265,1379.853084,1.0,28.0,0.0,1.0,False,0.0,0.0,LOW,Muffin_4,Bakery,Munich_1
564,1374.669394,1.0,28.0,0.0,1.0,False,0.0,0.0,LOW,Tomato_13,Fruit and vegetable,Brno_1
4481,1368.089606,1.0,28.0,0.0,1.0,False,0.0,0.0,LOW,Roll_47,Bakery,Munich_1
4495,1366.938243,1.0,28.0,0.0,1.0,False,0.0,0.0,LOW,Bread_187,Bakery,Prague_1
1551,1355.235907,1.0,28.0,0.0,1.0,False,0.0,0.0,LOW,Wrap_1,Bakery,Munich_1
3028,1349.941976,1.0,28.0,0.0,1.0,False,0.0,0.0,LOW,Onion_28,Fruit and vegetable,Prague_1
581,1343.773436,1.0,28.0,0.0,1.0,False,0.0,0.0,LOW,Tortilla_1,Bakery,Brno_1
1594,1343.301435,1.0,28.0,0.0,1.0,False,0.0,0.0,LOW,Roll_15,Bakery,Prague_3
4774,1343.064317,1.0,28.0,0.0,1.0,False,0.0,0.0,LOW,Bread_201,Bakery,Prague_1
5147,1341.015506,1.0,28.0,0.0,1.0,False,0.0,0.0,LOW,Bread_217,Bakery,Frankfurt_1
3166,1340.598204,1.0,28.0,0.0,1.0,False,0.0,0.0,LOW,Grapefruit_2,Fruit and vegetable,Frankfurt_1
4017,1340.041866,1.0,28.0,0.0,1.0,False,0.0,0.0,LOW,Beef_24,Meat and fish,Prague_2
4417,1339.117646,1.0,27.0,0.0,1.0,False,0.0,0.0,LOW,Bread_184,Bakery,Munich_1
3588,1337.687766,1.0,28.0,0.0,1.0,False,0.0,0.0,LOW,Croissant_25,Bakery,Prague_2
352,1332.838962,1.0,28.0,0.0,1.0,False,0.0,0.0,LOW,Pastry_19,Bakery,Prague_3
3253,1322.541217,1.0,28.0,0.0,1.0,False,0.0,0.0,LOW,Baguette_24,Bakery,Prague_2
2182,1321.033223,1.0,28.0,0.0,1.0,False,0.0,0.0,LOW,Bread_84,Bakery,Budapest_1
5191,1320.115008,1.0,28.0,0.0,1.0,False,0.0,0.0,LOW,Pastry_195,Bakery,Prague_2
293,1307.719855,1.0,28.0,0.0,1.0,False,0.0,0.0,LOW,Toust_2,Bakery,Prague_1
74,1305.005623,1.0,28.0,0.0,1.0,False,0.0,0.0,LOW,Chicken_2,Meat and fish,Prague_1
3992,1302.066875,1.0,28.0,0.0,1.0,False,0.0,0.0,LOW,Bread_160,Bakery,Prague_3
4725,1300.153095,1.0,28.0,0.0,1.0,False,0.0,0.0,LOW,Pastry_174,Bakery,Prague_3
471,1299.753279,1.0,28.0,0.0,1.0,False,0.0,0.0,LOW,Croissant_2,Bakery,Budapest_1
3552,1296.018358,1.0,28.0,0.0,1.0,False,0.0,0.0,LOW,Grapefruit_4,Fruit and vegetable,Prague_3
1756,1294.548182,1.0,28.0,0.0,1.0,False,0.0,0.0,LOW,Cabbage_4,Fruit and vegetable,Prague_1
483,1290.390278,1.0,28.0,0.0,1.0,False,0.0,0.0,LOW,Muffin_0,Bakery,Prague_1
5188,1290.065579,1.0,28.0,0.0,1.0,False,0.0,0.0,LOW,Toust_40,Bakery,Frankfurt_1
4745,1282.988927,,,,1.0,True,0.0,0.0,LOW,Strawberry_35,Fruit and vegetable,Prague_1
1806,1277.794782,1.0,28.0,0.0,1.0,False,0.0,0.0,LOW,Bread_73,Bakery,Budapest_1
2019,1268.709314,1.0,28.0,0.0,1.0,False,0.0,0.0,LOW,Baguette_13,Bakery,Prague_1
1128,1264.285156,1.0,28.0,0.0,1.0,False,0.0,0.0,LOW,Pastry_48,Bakery,Prague_1
18,1260.89471,1.0,28.0,0.0,1.0,False,0.0,0.0,LOW,Baguette_0,Bakery,Prague_1
1673,1260.163732,1.0,28.0,0.0,1.0,False,0.0,0.0,LOW,Toust_11,Bakery,Frankfurt_1
2166,1243.576508,1.0,28.0,0.0,1.0,False,0.0,0.0,LOW,Baguette_15,Bakery,Prague_3
94,1242.2195,,,,1.0,True,0.0,0.0,LOW,Pepper_0,Fruit and vegetable,Prague_3
4494,1241.0333,1.0,28.0,0.0,1.0,False,0.0,0.0,LOW,Bread_187,Bakery,Brno_1
1323,1239.143838,1.0,28.0,0.0,1.0,False,0.0,0.0,LOW,Pastry_58,Bakery,Prague_1
1321,1231.328642,1.0,28.0,0.0,1.0,False,0.0,0.0,LOW,Pastry_58,Bakery,Brno_1
2965,1221.579301,1.0,28.0,0.0,1.0,False,0.0,0.0,LOW,Apple_86,Fruit and vegetable,Brno_1
831,1220.560171,1.0,28.0,0.0,1.0,False,0.0,0.0,LOW,Croissant_7,Bakery,Prague_1
4224,1218.427226,1.0,28.0,0.0,1.0,False,0.0,0.0,LOW,Apple_114,Fruit and vegetable,Brno_1
1005,1210.249248,,,,1.0,True,0.0,0.0,LOW,Apple_24,Fruit and vegetable,Munich_1
915,1204.668479,,,,1.0,True,0.0,0.0,LOW,Cantaloupe_2,Fruit and vegetable,Budapest_1
331,1204.130968,1.0,28.0,0.0,1.0,False,0.0,0.0,LOW,Roll_3,Bakery,Frankfurt_1
925,1196.689003,,,,1.0,True,0.0,0.0,LOW,Chicken_21,Meat and fish,Brno_1
4015,1184.050675,1.0,28.0,0.0,1.0,False,0.0,0.0,LOW,Beef_24,Meat and fish,Prague_3
3799,1179.927997,1.0,28.0,0.0,1.0,False,0.0,0.0,LOW,Bread_150,Bakery,Munich_1
4331,1173.877756,1.0,28.0,0.0,1.0,False,0.0,0.0,LOW,Bread_180,Bakery,Budapest_1
2733,1163.982166,1.0,28.0,0.0,1.0,False,0.0,0.0,LOW,Rice Cake_2,Bakery,Prague_1
2963,1155.410055,1.0,28.0,0.0,1.0,False,0.0,0.0,LOW,Apple_86,Fruit and vegetable,Prague_3
20,1153.752765,1.0,28.0,0.0,1.0,False,0.0,0.0,LOW,Baguette_0,Bakery,Brno_1
4045,1134.529468,1.0,28.0,0.0,1.0,False,0.0,0.0,LOW,Bread_165,Bakery,Prague_2
2413,1133.721872,1.0,28.0,0.0,1.0,False,0.0,0.0,LOW,Pumpkin_10,Fruit and vegetable,Prague_1
3621,1125.830592,1.0,28.0,0.0,1.0,False,0.0,0.0,LOW,Toust_23,Bakery,Prague_1
3072,1124.942309,1.0,28.0,0.0,1.0,False,0.0,0.0,LOW,Salad_33,Fruit and vegetable,Prague_2
4643,1124.432391,1.0,28.0,0.0,1.0,False,0.0,0.0,LOW,Snack_9,Bakery,Prague_3
4444,1118.803449,,,,1.0,True,0.0,0.0,LOW,Apple_118,Fruit and vegetable,Prague_1
773,1117.93918,,,,1.0,True,0.0,0.0,LOW,Watermelon_5,Fruit and vegetable,Budapest_1
2993,1117.579708,1.0,28.0,0.0,1.0,False,0.0,0.0,LOW,Cracker_2,Bakery,Brno_1
5321,1115.622105,,,,1.0,True,0.0,0.0,LOW,Strawberry_44,Fruit and vegetable,Prague_3
2674,1111.801996,1.0,28.0,0.0,1.0,False,0.0,0.0,LOW,Chicken_54,Meat and fish,Prague_2
2964,1111.548764,1.0,28.0,0.0,1.0,False,0.0,0.0,LOW,Apple_86,Fruit and vegetable,Prague_2
2132,1110.087496,1.0,28.0,0.0,1.0,False,0.0,0.0,LOW,Croissant_15,Bakery,Prague_3
4664,1107.97714,1.0,28.0,0.0,1.0,False,0.0,0.0,LOW,Bagel_11,Bakery,Prague_2
2363,1101.997393,1.0,28.0,0.0,1.0,False,0.0,0.0,LOW,Muffin_3,Bakery,Prague_2
698,1100.165743,1.0,28.0,0.0,1.0,False,0.0,0.0,LOW,Cheese_0,Bakery,Prague_2
2876,1099.57316,1.0,28.0,0.0,1.0,False,0.0,0.0,LOW,Herb_10,Fruit and vegetable,Prague_3
5368,1099.378298,,,,1.0,True,0.0,0.0,LOW,Brioche_0,Bakery,Prague_3
572,1097.286029,1.0,28.0,0.0,1.0,False,0.0,0.0,LOW,Toust_3,Bakery,Prague_2
4028,1095.887215,1.0,28.0,0.0,1.0,False,0.0,0.0,LOW,Toust_27,Bakery,Frankfurt_1
1816,1095.877331,1.0,28.0,0.0,1.0,False,0.0,0.0,LOW,Surimi_0,Meat and fish,Budapest_1
2273,1095.842866,1.0,28.0,0.0,1.0,False,0.0,0.0,LOW,Bread_86,Bakery,Budapest_1
4100,1092.636637,,,,1.0,True,0.0,0.0,LOW,Pear_29,Fruit and vegetable,Frankfurt_1
3475,1074.403147,,,,1.0,True,0.0,0.0,LOW,Nectarine_10,Fruit and vegetable,Brno_1
5275,1074.1325649999999,,,,1.0,True,0.0,0.0,LOW,Cauliflower_9,Fruit and vegetable,Frankfurt_1
2436,1071.962194,1.0,28.0,0.0,1.0,False,0.0,0.0,LOW,Pastry_104,Bakery,Frankfurt_1
3252,1068.782861,1.0,28.0,0.0,1.0,False,0.0,0.0,LOW,Baguette_24,Bakery,Prague_3
4379,1067.27482,1.0,28.0,0.0,1.0,False,0.0,0.0,LOW,Cake_9,Bakery,Prague_1
3354,1067.097783,1.0,28.0,0.0,1.0,False,0.0,0.0,LOW,Cabbage_12,Fruit and vegetable,Prague_2
3635,1065.687523,1.0,28.0,0.0,1.0,False,0.0,0.0,LOW,Croissant_26,Bakery,Prague_1
1156,1064.6381959999999,1.0,28.0,0.0,1.0,False,0.0,0.0,LOW,Tortilla_3,Bakery,Prague_3
899,1064.2629,1.0,28.0,0.0,1.0,False,0.0,0.0,LOW,Toust_7,Bakery,Prague_1
3622,1059.488256,1.0,28.0,0.0,1.0,False,0.0,0.0,LOW,Toust_23,Bakery,Prague_2
4161,1058.061298,1.0,28.0,0.0,1.0,False,0.0,0.0,LOW,Pork_28,Meat and fish,Prague_1
1009,1056.928435,1.0,28.0,0.0,1.0,False,0.0,0.0,LOW,Avocado_2,Fruit and vegetable,Prague_3
2364,1056.60645,1.0,28.0,0.0,1.0,False,0.0,0.0,LOW,Muffin_3,Bakery,Prague_3
3479,1044.647606,1.0,28.0,0.0,1.0,False,0.0,0.0,LOW,Breadcrumb_7,Bakery,Prague_1
668,1043.0181,1.0,28.0,0.0,1.0,False,0.0,0.0,LOW,Bread_23,Bakery,Budapest_1
1122,1042.813288,1.0,28.0,0.0,1.0,False,0.0,0.0,LOW,Bread_45,Bakery,Prague_3
1035,1035.871732,1.0,28.0,0.0,1.0,False,0.0,0.0,LOW,Bread_43,Bakery,Prague_2
1362,1035.523058,1.0,28.0,0.0,1.0,False,0.0,0.0,LOW,Yogurt_0,Bakery,Frankfurt_1
4148,1035.102812,1.0,28.0,0.0,1.0,False,0.0,0.0,LOW,Salad_52,Fruit and vegetable,Prague_2
50,1034.100349,1.0,28.0,0.0,1.0,False,0.0,0.0,LOW,Toust_1,Bakery,Prague_1
583,1033.341081,1.0,28.0,0.0,1.0,False,0.0,0.0,LOW,Tortilla_1,Bakery,Prague_2
4857,1031.477737,1.0,28.0,0.0,1.0,False,0.0,0.0,LOW,Bread_205,Bakery,Budapest_1
97,1027.112905,,,,1.0,True,0.0,0.0,LOW,Pepper_0,Fruit and vegetable,Prague_2
2775,1025.481672,1.0,28.0,0.0,1.0,False,0.0,0.0,LOW,Waffle_0,Bakery,Munich_1
2608,1025.154867,1.0,28.0,0.0,1.0,False,0.0,0.0,LOW,Bread_98,Bakery,Prague_3
3339,1022.740007,1.0,28.0,0.0,1.0,False,0.0,0.0,LOW,Sprout_3,Fruit and vegetable,Prague_1
3310,1022.622173,1.0,28.0,0.0,1.0,False,0.0,0.0,LOW,Bread_130,Bakery,Munich_1
4760,1021.3407010000001,1.0,28.0,0.0,1.0,False,0.0,0.0,LOW,Waffle_1,Bakery,Prague_2
3022,1013.07225,1.0,28.0,0.0,1.0,False,0.0,0.0,LOW,Cabbage_9,Fruit and vegetable,Budapest_1
571,1010.781381,1.0,28.0,0.0,1.0,False,0.0,0.0,LOW,Toust_3,Bakery,Prague_3
1034,1010.586922,1.0,28.0,0.0,1.0,False,0.0,0.0,LOW,Bread_43,Bakery,Prague_3
2624,1008.115519,1.0,28.0,0.0,1.0,False,0.0,0.0,LOW,Donut_23,Bakery,Prague_2
1998,1008.047212,1.0,28.0,0.0,1.0,False,0.0,0.0,LOW,Toust_13,Bakery,Prague_1
4212,1006.700376,1.0,28.0,0.0,1.0,False,0.0,0.0,LOW,Bread_172,Bakery,Prague_1
5314,1005.931828,1.0,28.0,0.0,1.0,False,0.0,0.0,LOW,Parsley_13,Fruit and vegetable,Prague_1
1074,1005.621037,1.0,28.0,0.0,1.0,False,0.0,0.0,LOW,Toust_9,Bakery,Prague_2
3056,1002.306076,,,,1.0,True,0.0,0.0,LOW,Tomato_65,Fruit and vegetable,Frankfurt_1
4057,996.791103,1.0,28.0,0.0,1.0,False,0.0,0.0,LOW,Herb_14,Fruit and vegetable,Prague_1
1073,995.502062,1.0,28.0,0.0,1.0,False,0.0,0.0,LOW,Toust_9,Bakery,Prague_3
573,993.8729565,1.0,28.0,0.0,1.0,False,0.0,0.0,LOW,Pretzel_1,Bakery,Munich_1
1932,991.706189,1.0,28.0,0.0,1.0,False,0.0,0.0,LOW,Donut_14,Bakery,Budapest_1
105,991.06568,1.0,28.0,0.0,1.0,False,0.0,0.0,LOW,Bread_2,Bakery,Prague_2
2971,990.715376,1.0,28.0,0.0,1.0,False,0.0,0.0,LOW,Pomegranate_3,Fruit and vegetable,Prague_1
3946,989.914388,1.0,28.0,0.0,1.0,False,0.0,0.0,LOW,Breadcrumbs_0,Bakery,Prague_2
675,988.102493,1.0,28.0,0.0,1.0,False,0.0,0.0,LOW,Breadcrumb_2,Bakery,Brno_1
2053,984.336303,1.0,28.0,0.0,1.0,False,0.0,0.0,LOW,Cabbage_5,Fruit and vegetable,Prague_1
54,983.99644,,,,1.0,True,0.0,0.0,LOW,Raspberry_0,Fruit and vegetable,Prague_1
2381,982.536254,,,,1.0,True,0.0,0.0,LOW,Watermelon_11,Fruit and vegetable,Prague_1
5193,980.315086,1.0,28.0,0.0,1.0,False,0.0,0.0,LOW,Pastry_195,Bakery,Prague_3
3634,976.197724,1.0,28.0,0.0,1.0,False,0.0,0.0,LOW,Croissant_26,Bakery,Brno_1
1537,970.500515,,,,1.0,True,0.0,0.0,LOW,Blueberry_9,Fruit and vegetable,Budapest_1
3695,964.120897,1.0,28.0,0.0,1.0,False,0.0,0.0,LOW,Bagel_9,Bakery,Budapest_1
2290,960.195553,1.0,28.0,0.0,1.0,False,0.0,0.0,LOW,Pastry_95,Bakery,Frankfurt_1
2196,959.698011,1.0,28.0,0.0,1.0,False,0.0,0.0,LOW,Ginger_4,Fruit and vegetable,Brno_1
2163,959.652599,1.0,28.0,0.0,1.0,False,0.0,0.0,LOW,Pastry_88,Bakery,Munich_1
1754,959.464642,1.0,28.0,0.0,1.0,False,0.0,0.0,LOW,Cabbage_4,Fruit and vegetable,Prague_3
2813,958.663971,1.0,28.0,0.0,1.0,False,0.0,0.0,LOW,Potato_46,Fruit and vegetable,Prague_3
3868,956.786243,1.0,28.0,0.0,1.0,False,0.0,0.0,LOW,Paprika_1,Fruit and vegetable,Budapest_1
3483,948.243371,1.0,28.0,0.0,1.0,False,0.0,0.0,LOW,Toust_21,Bakery,Budapest_1
580,944.685007,1.0,28.0,0.0,1.0,False,0.0,0.0,LOW,Tortilla_1,Bakery,Prague_3
1996,943.287746,1.0,28.0,0.0,1.0,False,0.0,0.0,LOW,Toust_13,Bakery,Brno_1
3900,943.273971,1.0,28.0,0.0,1.0,False,0.0,0.0,LOW,Melon_11,Fruit and vegetable,Prague_2
2695,943.150672,1.0,28.0,0.0,1.0,False,0.0,0.0,LOW,Baguette_22,Bakery,Budapest_1
4480,934.74677,,,,1.0,True,0.0,0.0,LOW,Strawberry_32,Fruit and vegetable,Budapest_1
1757,934.026045,1.0,28.0,0.0,1.0,False,0.0,0.0,LOW,Cabbage_4,Fruit and vegetable,Prague_2
2646,933.695749,,,,1.0,True,0.0,0.0,LOW,Pomelo_2,Fruit and vegetable,Prague_3
4023,931.0425,,,,1.0,True,0.0,0.0,LOW,Apricot_13,Fruit and vegetable,Prague_3
1836,927.30595,,,,1.0,True,0.0,0.0,LOW,Kiwi_10,Fruit and vegetable,Frankfurt_1
2860,926.861484,1.0,28.0,0.0,1.0,False,0.0,0.0,LOW,Breadcrumb_4,Bakery,Brno_1
3947,925.483354,1.0,28.0,0.0,1.0,False,0.0,0.0,LOW,Breadcrumbs_0,Bakery,Prague_1
3698,925.133762,1.0,28.0,0.0,1.0,False,0.0,0.0,LOW,Pastry_139,Bakery,Brno_1
4763,924.831177,1.0,28.0,0.0,1.0,False,0.0,0.0,LOW,Waffle_1,Bakery,Prague_3
4043,923.415106,1.0,28.0,0.0,1.0,False,0.0,0.0,LOW,Bread_165,Bakery,Prague_3
5208,923.374544,1.0,28.0,0.0,1.0,False,0.0,0.0,LOW,Pumpkin_21,Fruit and vegetable,Prague_1
2184,922.939195,1.0,28.0,0.0,1.0,False,0.0,0.0,LOW,Pastry_91,Bakery,Prague_1
2382,921.824012,,,,1.0,True,0.0,0.0,LOW,Watermelon_11,Fruit and vegetable,Brno_1
2644,920.846056,,,,1.0,True,0.0,0.0,LOW,Pomelo_2,Fruit and vegetable,Prague_2
2767,919.072482,1.0,28.0,0.0,1.0,False,0.0,0.0,LOW,Croissant_20,Bakery,Budapest_1
3076,914.405071,1.0,28.0,0.0,1.0,False,0.0,0.0,LOW,Potato_51,Fruit and vegetable,Prague_2
4493,911.696779,1.0,28.0,0.0,1.0,False,0.0,0.0,LOW,Bread_187,Bakery,Prague_2
5264,908.942294,1.0,28.0,0.0,1.0,False,0.0,0.0,LOW,Shrimp_1,Meat and fish,Munich_1
4451,907.971956,1.0,28.0,0.0,1.0,False,0.0,0.0,LOW,Toust_32,Bakery,Budapest_1
2097,899.022691,1.0,28.0,0.0,1.0,False,0.0,0.0,LOW,Beet_1,Fruit and vegetable,Budapest_1
4540,898.281041,1.0,28.0,0.0,1.0,False,0.0,0.0,LOW,Bread_189,Bakery,Budapest_1
1520,890.305971,1.0,28.0,0.0,1.0,False,0.0,0.0,LOW,Baguette_9,Bakery,Budapest_1
1390,887.183869,1.0,28.0,0.0,1.0,False,0.0,0.0,LOW,Wrap_0,Bakery,Budapest_1
4235,885.728489,1.0,28.0,0.0,1.0,False,0.0,0.0,LOW,Date_1,Fruit and vegetable,Prague_1
697,883.073252,1.0,28.0,0.0,1.0,False,0.0,0.0,LOW,Cheese_0,Bakery,Prague_3
4223,874.489031,1.0,28.0,0.0,1.0,False,0.0,0.0,LOW,Apple_114,Fruit and vegetable,Prague_2
1606,865.330021,1.0,28.0,0.0,1.0,False,0.0,0.0,LOW,Croissant_13,Bakery,Budapest_1
1402,863.607362,,,,1.0,True,0.0,0.0,LOW,Apricot_3,Fruit and vegetable,Budapest_1
4854,861.085561,1.0,28.0,0.0,1.0,False,0.0,0.0,LOW,Croissant_36,Bakery,Brno_1
3351,860.550403,1.0,28.0,0.0,1.0,False,0.0,0.0,LOW,Cabbage_12,Fruit and vegetable,Prague_3
3030,856.976569,1.0,28.0,0.0,1.0,False,0.0,0.0,LOW,Onion_28,Fruit and vegetable,Prague_2
3015,856.292958,1.0,28.0,0.0,1.0,False,0.0,0.0,LOW,Tortilla_10,Bakery,Munich_1
3626,853.261438,1.0,28.0,0.0,1.0,False,0.0,0.0,LOW,Baguette_26,Bakery,Prague_2
287,849.342113,1.0,28.0,0.0,1.0,False,0.0,0.0,LOW,Pastry_15,Bakery,Prague_1
4210,840.44004,1.0,28.0,0.0,1.0,False,0.0,0.0,LOW,Bread_172,Bakery,Brno_1
3691,838.858626,1.0,28.0,0.0,1.0,False,0.0,0.0,LOW,Bread_145,Bakery,Munich_1
5366,837.9143,,,,1.0,True,0.0,0.0,LOW,Brioche_0,Bakery,Prague_2
208,837.389645,1.0,28.0,0.0,1.0,False,0.0,0.0,LOW,Pork_1,Meat and fish,Prague_1
3409,834.044775,1.0,28.0,0.0,1.0,False,0.0,0.0,LOW,Apple_91,Fruit and vegetable,Munich_1
4747,832.194179,,,,1.0,True,0.0,0.0,LOW,Strawberry_35,Fruit and vegetable,Prague_3
4377,816.07317,1.0,28.0,0.0,1.0,False,0.0,0.0,LOW,Cake_9,Bakery,Brno_1
3080,815.644948,1.0,28.0,0.0,1.0,False,0.0,0.0,LOW,Shallot_1,Fruit and vegetable,Prague_1
4231,808.167339,1.0,28.0,0.0,1.0,False,0.0,0.0,LOW,Breadcrumb_8,Bakery,Budapest_1
696,805.813742,1.0,28.0,0.0,1.0,False,0.0,0.0,LOW,Herb_1,Fruit and vegetable,Frankfurt_1
52,805.60622,,,,1.0,True,0.0,0.0,LOW,Raspberry_0,Fruit and vegetable,Prague_2
1512,796.892716,1.0,28.0,0.0,1.0,False,0.0,0.0,LOW,Pastry_64,Bakery,Budapest_1
2739,794.9291,1.0,28.0,0.0,1.0,False,0.0,0.0,LOW,Dessert_0,Bakery,Prague_1
4662,794.015443,1.0,28.0,0.0,1.0,False,0.0,0.0,LOW,Bagel_11,Bakery,Prague_3
1320,793.496979,1.0,28.0,0.0,1.0,False,0.0,0.0,LOW,Pastry_58,Bakery,Prague_2
51,790.27857,,,,1.0,True,0.0,0.0,LOW,Raspberry_0,Fruit and vegetable,Prague_3
723,790.179008,1.0,28.0,0.0,1.0,False,0.0,0.0,LOW,Donut_6,Bakery,Prague_2
1313,790.032508,1.0,28.0,0.0,1.0,False,0.0,0.0,LOW,Vegetable_7,Fruit and vegetable,Budapest_1
174,787.4681420000001,,,,1.0,True,0.0,0.0,LOW,Watermelon_2,Fruit and vegetable,Prague_1
4848,780.908411,1.0,28.0,0.0,1.0,False,0.0,0.0,LOW,Toust_38,Bakery,Budapest_1
897,779.685609,1.0,28.0,0.0,1.0,False,0.0,0.0,LOW,Toust_7,Bakery,Brno_1
4559,778.187069,1.0,28.0,0.0,1.0,False,0.0,0.0,LOW,Cabbage_17,Fruit and vegetable,Prague_1
2857,777.024958,1.0,28.0,0.0,1.0,False,0.0,0.0,LOW,Bread_107,Bakery,Munich_1
1716,769.15993,1.0,28.0,0.0,1.0,False,0.0,0.0,LOW,Bread_69,Bakery,Prague_1
3675,766.488461,1.0,28.0,0.0,1.0,False,0.0,0.0,LOW,Fennel_2,Fruit and vegetable,Prague_1
3469,764.544416,1.0,28.0,0.0,1.0,False,0.0,0.0,LOW,Snack_6,Bakery,Prague_2
5216,763.98265,1.0,28.0,0.0,1.0,False,0.0,0.0,LOW,Toust_41,Bakery,Prague_1
4443,761.470525,,,,1.0,True,0.0,0.0,LOW,Apple_118,Fruit and vegetable,Prague_2
1943,760.621652,1.0,28.0,0.0,1.0,False,0.0,0.0,LOW,Beef_10,Meat and fish,Prague_3
521,759.6487099999999,,,,1.0,True,0.0,0.0,LOW,Potato_8,Fruit and vegetable,Budapest_1
5171,758.464515,1.0,28.0,0.0,1.0,False,0.0,0.0,LOW,Bread_219,Bakery,Budapest_1
2749,758.300119,1.0,28.0,0.0,1.0,False,0.0,0.0,LOW,Pastry_115,Bakery,Budapest_1
2463,758.29595,,,,1.0,True,0.0,0.0,LOW,Strawberry_18,Fruit and vegetable,Brno_1
4865,756.382883,,,,1.0,True,0.0,0.0,LOW,Mango_11,Fruit and vegetable,Munich_1
21,754.996641,1.0,28.0,0.0,1.0,False,0.0,0.0,LOW,Baguette_0,Bakery,Prague_2
3625,752.194013,1.0,28.0,0.0,1.0,False,0.0,0.0,LOW,Baguette_26,Bakery,Prague_3
2018,750.761635,1.0,28.0,0.0,1.0,False,0.0,0.0,LOW,Baguette_13,Bakery,Prague_2
4405,748.45465,1.0,28.0,0.0,1.0,False,0.0,0.0,LOW,Pastry_164,Bakery,Frankfurt_1
2970,746.95591,1.0,28.0,0.0,1.0,False,0.0,0.0,LOW,Pomegranate_3,Fruit and vegetable,Brno_1
989,745.236758,1.0,28.0,0.0,1.0,False,0.0,0.0,LOW,Pastry_42,Bakery,Brno_1
3390,740.817077,1.0,28.0,0.0,1.0,False,0.0,0.0,LOW,Pork_23,Meat and fish,Prague_1
3268,740.3379385,1.0,28.0,0.0,1.0,False,0.0,0.0,LOW,Pretzel_11,Bakery,Munich_1
1519,737.693362,1.0,28.0,0.0,1.0,False,0.0,0.0,LOW,Pepper_8,Fruit and vegetable,Prague_1
702,737.08705,1.0,28.0,0.0,1.0,False,0.0,0.0,LOW,Turkey_3,Meat and fish,Prague_3
1302,735.078783,1.0,28.0,0.0,1.0,False,0.0,0.0,LOW,Pastry_57,Bakery,Prague_1
292,730.633063,1.0,28.0,0.0,1.0,False,0.0,0.0,LOW,Toust_2,Bakery,Brno_1
27,730.583266,1.0,28.0,0.0,1.0,False,0.0,0.0,LOW,Baguette_1,Bakery,Frankfurt_1
3608,726.055254,1.0,28.0,0.0,1.0,False,0.0,0.0,LOW,Pastry_135,Bakery,Frankfurt_1
1533,725.555391,1.0,28.0,0.0,1.0,False,0.0,0.0,LOW,Corn_1,Fruit and vegetable,Frankfurt_1
1895,725.199205,1.0,28.0,0.0,1.0,False,0.0,0.0,LOW,Turkey_7,Meat and fish,Prague_2
3587,724.627792,1.0,28.0,0.0,1.0,False,0.0,0.0,LOW,Croissant_25,Bakery,Prague_3
2622,722.48514,1.0,28.0,0.0,1.0,False,0.0,0.0,LOW,Donut_23,Bakery,Prague_3
4823,719.521787,1.0,28.0,0.0,1.0,False,0.0,0.0,LOW,Croissant_34,Bakery,Brno_1
5281,718.4353,1.0,28.0,0.0,1.0,False,0.0,0.0,LOW,Pita_2,Bakery,Prague_1
1645,716.055437,1.0,28.0,0.0,1.0,False,0.0,0.0,LOW,Cracker_0,Bakery,Brno_1
1940,711.973629,,,,1.0,True,0.0,0.0,LOW,Eggplant_3,Fruit and vegetable,Munich_1
4855,711.330916,1.0,28.0,0.0,1.0,False,0.0,0.0,LOW,Croissant_36,Bakery,Prague_1
4595,710.3612420000001,1.0,28.0,0.0,1.0,False,0.0,0.0,LOW,Pastry_168,Bakery,Frankfurt_1
106,705.299445,1.0,28.0,0.0,1.0,False,0.0,0.0,LOW,Bread_2,Bakery,Prague_3
3466,702.887477,1.0,28.0,0.0,1.0,False,0.0,0.0,LOW,Snack_6,Bakery,Prague_3
1875,702.67607,1.0,28.0,0.0,1.0,False,0.0,0.0,LOW,Pastry_80,Bakery,Brno_1
3480,698.202765,1.0,28.0,0.0,1.0,False,0.0,0.0,LOW,Breadcrumb_7,Bakery,Prague_2
4826,697.938848,1.0,28.0,0.0,1.0,False,0.0,0.0,LOW,Croissant_34,Bakery,Prague_1
4746,697.74935,,,,1.0,True,0.0,0.0,LOW,Strawberry_35,Fruit and vegetable,Prague_2
4442,694.509665,,,,1.0,True,0.0,0.0,LOW,Apple_118,Fruit and vegetable,Prague_3
1646,693.362877,1.0,28.0,0.0,1.0,False,0.0,0.0,LOW,Cracker_0,Bakery,Prague_1
4058,691.126653,1.0,28.0,0.0,1.0,False,0.0,0.0,LOW,Herb_14,Fruit and vegetable,Prague_2
1514,688.117514,1.0,28.0,0.0,1.0,False,0.0,0.0,LOW,Pastry_65,Bakery,Frankfurt_1
2633,687.897885,1.0,28.0,0.0,1.0,False,0.0,0.0,LOW,Vegetable_14,Fruit and vegetable,Brno_1
4955,687.060937,1.0,28.0,0.0,1.0,False,0.0,0.0,LOW,Cornmeal_0,Bakery,Prague_2
4588,685.915296,,,,1.0,True,0.0,0.0,LOW,Kohlrabi_7,Fruit and vegetable,Munich_1
2038,683.9819665,1.0,28.0,0.0,1.0,False,0.0,0.0,LOW,Chicken_45,Meat and fish,Prague_2
3029,683.086923,1.0,28.0,0.0,1.0,False,0.0,0.0,LOW,Onion_28,Fruit and vegetable,Brno_1
747,682.679327,1.0,28.0,0.0,1.0,False,0.0,0.0,LOW,Bread_27,Bakery,Budapest_1
3633,682.672031,1.0,28.0,0.0,1.0,False,0.0,0.0,LOW,Croissant_26,Bakery,Prague_2
3699,679.892295,1.0,28.0,0.0,1.0,False,0.0,0.0,LOW,Pastry_139,Bakery,Prague_1
4496,675.233908,1.0,28.0,0.0,1.0,False,0.0,0.0,LOW,Bread_187,Bakery,Prague_3
486,675.002069,1.0,28.0,0.0,1.0,False,0.0,0.0,LOW,Muffin_0,Bakery,Prague_2
3642,673.677558,,,,1.0,True,0.0,0.0,LOW,Salad_42,Fruit and vegetable,Munich_1
1207,672.254135,1.0,28.0,0.0,1.0,False,0.0,0.0,LOW,Asparagus_5,Fruit and vegetable,Prague_1
4030,667.746635,1.0,28.0,0.0,1.0,False,0.0,0.0,LOW,Baguette_29,Bakery,Frankfurt_1
2828,667.119239,1.0,28.0,0.0,1.0,False,0.0,0.0,LOW,Bread_106,Bakery,Budapest_1
3527,659.829674,1.0,28.0,0.0,1.0,False,0.0,0.0,LOW,Pomegranate_4,Fruit and vegetable,Frankfurt_1
997,659.315597,1.0,28.0,0.0,1.0,False,0.0,0.0,LOW,Bread_42,Bakery,Brno_1
1650,658.8485009999999,1.0,28.0,0.0,1.0,False,0.0,0.0,LOW,Pastry_67,Bakery,Munich_1
2198,657.436087,1.0,28.0,0.0,1.0,False,0.0,0.0,LOW,Ginger_4,Fruit and vegetable,Prague_3
2915,656.235647,1.0,28.0,0.0,1.0,False,0.0,0.0,LOW,Bread_111,Bakery,Budapest_1
2055,655.845047,1.0,28.0,0.0,1.0,False,0.0,0.0,LOW,Cabbage_5,Fruit and vegetable,Prague_3
1322,652.3745985,1.0,28.0,0.0,1.0,False,0.0,0.0,LOW,Pastry_58,Bakery,Prague_3
1734,651.244623,1.0,28.0,0.0,1.0,False,0.0,0.0,LOW,Donut_11,Bakery,Budapest_1
1144,646.16094,1.0,28.0,0.0,1.0,False,0.0,0.0,LOW,Bagel_2,Bakery,Budapest_1
19,645.331168,1.0,28.0,0.0,1.0,False,0.0,0.0,LOW,Baguette_0,Bakery,Prague_3
47,643.906638,1.0,28.0,0.0,1.0,False,0.0,0.0,LOW,Toust_1,Bakery,Brno_1
4270,636.158217,1.0,28.0,0.0,1.0,False,0.0,0.0,LOW,Toust_30,Bakery,Prague_2
263,632.842753,1.0,28.0,0.0,1.0,False,0.0,0.0,LOW,Bread_10,Bakery,Frankfurt_1
5309,632.000223,1.0,28.0,0.0,1.0,False,0.0,0.0,LOW,Chili_1,Fruit and vegetable,Budapest_1
4092,631.546533,1.0,28.0,0.0,1.0,False,0.0,0.0,LOW,Bean_1,Fruit and vegetable,Prague_3
4631,624.70939,1.0,28.0,0.0,1.0,False,0.0,0.0,LOW,Pastry_171,Bakery,Brno_1
2645,623.223571,,,,1.0,True,0.0,0.0,LOW,Pomelo_2,Fruit and vegetable,Brno_1
3027,621.948578,1.0,28.0,0.0,1.0,False,0.0,0.0,LOW,Onion_28,Fruit and vegetable,Prague_3
967,611.604597,1.0,28.0,0.0,1.0,False,0.0,0.0,LOW,Pastry_40,Bakery,Brno_1
295,610.037011,1.0,28.0,0.0,1.0,False,0.0,0.0,LOW,Toust_2,Bakery,Prague_2
4956,609.392357,1.0,28.0,0.0,1.0,False,0.0,0.0,LOW,Cornmeal_0,Bakery,Prague_3
3550,608.90351,,,,1.0,True,0.0,0.0,LOW,Tomato_73,Fruit and vegetable,Munich_1
5230,605.2253775,1.0,28.0,0.0,1.0,False,0.0,0.0,LOW,Muffin_5,Bakery,Prague_1
2480,602.175726,1.0,28.0,0.0,1.0,False,0.0,0.0,LOW,Tortilla_7,Bakery,Brno_1
3036,602.111328,1.0,28.0,0.0,1.0,False,0.0,0.0,LOW,Bread_117,Bakery,Budapest_1
2720,601.8944084999999,1.0,28.0,0.0,1.0,False,0.0,0.0,LOW,Tortilla_8,Bakery,Brno_1
5377,601.04879,1.0,28.0,0.0,1.0,False,0.0,0.0,LOW,Tortilla_16,Bakery,Prague_1
2321,596.666961,1.0,28.0,0.0,1.0,False,0.0,0.0,LOW,Pastry_97,Bakery,Prague_1
898,595.782341,1.0,28.0,0.0,1.0,False,0.0,0.0,LOW,Toust_7,Bakery,Prague_2
2988,594.555923,1.0,28.0,0.0,1.0,False,0.0,0.0,LOW,Garlic_8,Fruit and vegetable,Prague_3
1126,593.201153,1.0,28.0,0.0,1.0,False,0.0,0.0,LOW,Pastry_48,Bakery,Prague_2
3761,587.0928285,1.0,28.0,0.0,1.0,False,0.0,0.0,LOW,Pastry_140,Bakery,Budapest_1
294,583.834108,1.0,28.0,0.0,1.0,False,0.0,0.0,LOW,Toust_2,Bakery,Prague_3
1735,582.742237,1.0,28.0,0.0,1.0,False,0.0,0.0,LOW,Pastry_72,Bakery,Budapest_1
4291,582.415183,1.0,28.0,0.0,1.0,False,0.0,0.0,LOW,Tortilla_12,Bakery,Budapest_1
3116,582.162843,1.0,28.0,0.0,1.0,False,0.0,0.0,LOW,Breadcrumb_5,Bakery,Prague_1
772,582.124963,,,,1.0,True,0.0,0.0,LOW,Cherry_3,Fruit and vegetable,Brno_1
2776,581.1504155,1.0,28.0,0.0,1.0,False,0.0,0.0,LOW,Waffle_0,Bakery,Frankfurt_1
5182,581.118464,1.0,28.0,0.0,1.0,False,0.0,0.0,LOW,Bread_220,Bakery,Frankfurt_1
3575,581.016755,1.0,28.0,0.0,1.0,False,0.0,0.0,LOW,Croissant_24,Bakery,Budapest_1
2943,580.984651,1.0,28.0,0.0,1.0,False,0.0,0.0,LOW,Pastry_118,Bakery,Frankfurt_1
2248,576.5707,,,,1.0,True,0.0,0.0,LOW,Asparagus_11,Fruit and vegetable,Brno_1
3375,573.521806,1.0,28.0,0.0,1.0,False,0.0,0.0,LOW,Snack_5,Bakery,Brno_1
4475,571.386626,,,,1.0,True,0.0,0.0,LOW,Asparagus_22,Fruit and vegetable,Prague_3
544,567.6821625,1.0,28.0,0.0,1.0,False,0.0,0.0,LOW,Pastry_23,Bakery,Frankfurt_1
2183,565.363318,1.0,28.0,0.0,1.0,False,0.0,0.0,LOW,Pastry_91,Bakery,Prague_2
4401,564.885894,1.0,28.0,0.0,1.0,False,0.0,0.0,LOW,Bread_183,Bakery,Brno_1
4678,562.7696985,1.0,28.0,0.0,1.0,False,0.0,0.0,LOW,Tortilla_15,Bakery,Brno_1
4681,562.307939,1.0,28.0,0.0,1.0,False,0.0,0.0,LOW,Toust_37,Bakery,Budapest_1
485,561.450094,1.0,28.0,0.0,1.0,False,0.0,0.0,LOW,Muffin_0,Bakery,Prague_3
1550,560.256145,1.0,28.0,0.0,1.0,False,0.0,0.0,LOW,Wrap_1,Bakery,Frankfurt_1
2912,558.759017,1.0,28.0,0.0,1.0,False,0.0,0.0,LOW,Wrap_2,Bakery,Budapest_1
3591,556.9664315,1.0,28.0,0.0,1.0,False,0.0,0.0,LOW,Bread_141,Bakery,Brno_1
2021,555.169369,1.0,28.0,0.0,1.0,False,0.0,0.0,LOW,Baguette_13,Bakery,Prague_3
2922,553.393452,1.0,28.0,0.0,1.0,False,0.0,0.0,LOW,Croissant_21,Bakery,Prague_1
2729,548.898323,1.0,28.0,0.0,1.0,False,0.0,0.0,LOW,Beef_13,Meat and fish,Prague_1
2973,547.695521,1.0,28.0,0.0,1.0,False,0.0,0.0,LOW,Pomegranate_3,Fruit and vegetable,Prague_3
3037,546.279243,1.0,28.0,0.0,1.0,False,0.0,0.0,LOW,Garlic_9,Fruit and vegetable,Prague_1
4021,545.878458,,,,1.0,True,0.0,0.0,LOW,Apricot_13,Fruit and vegetable,Prague_2
473,545.635105,1.0,28.0,0.0,1.0,False,0.0,0.0,LOW,Leek_0,Fruit and vegetable,Budapest_1
2972,545.413547,1.0,28.0,0.0,1.0,False,0.0,0.0,LOW,Pomegranate_3,Fruit and vegetable,Prague_2
1099,544.297028,1.0,28.0,0.0,1.0,False,0.0,0.0,LOW,Pork_11,Meat and fish,Prague_2
2269,538.785818,1.0,28.0,0.0,1.0,False,0.0,0.0,LOW,Tortilla_5,Bakery,Budapest_1
166,537.508888,1.0,28.0,0.0,1.0,False,0.0,0.0,LOW,Biscuit_0,Bakery,Prague_1
721,536.0980500000001,1.0,28.0,0.0,1.0,False,0.0,0.0,LOW,Donut_6,Bakery,Prague_3
3807,536.0124509999999,1.0,28.0,0.0,1.0,False,0.0,0.0,LOW,Bread_152,Bakery,Budapest_1
4775,535.52527,1.0,28.0,0.0,1.0,False,0.0,0.0,LOW,Bread_201,Bakery,Prague_3
49,535.17347,1.0,28.0,0.0,1.0,False,0.0,0.0,LOW,Toust_1,Bakery,Prague_3
954,535.03937,1.0,28.0,0.0,1.0,False,0.0,0.0,LOW,Donut_7,Bakery,Frankfurt_1
3176,534.775174,1.0,28.0,0.0,1.0,False,0.0,0.0,LOW,Chicken_65,Meat and fish,Budapest_1
2715,534.302262,1.0,28.0,0.0,1.0,False,0.0,0.0,LOW,Bread_101,Bakery,Budapest_1
522,532.9098765,1.0,28.0,0.0,1.0,False,0.0,0.0,LOW,Vegetable_1,Fruit and vegetable,Frankfurt_1
4380,532.750032,1.0,28.0,0.0,1.0,False,0.0,0.0,LOW,Cake_9,Bakery,Prague_2
4403,531.517469,1.0,28.0,0.0,1.0,False,0.0,0.0,LOW,Bread_183,Bakery,Prague_1
4056,531.172226,1.0,28.0,0.0,1.0,False,0.0,0.0,LOW,Herb_14,Fruit and vegetable,Prague_3
5215,530.702292,1.0,28.0,0.0,1.0,False,0.0,0.0,LOW,Toust_41,Bakery,Brno_1
4872,529.335946,1.0,28.0,0.0,1.0,False,0.0,0.0,LOW,Pomegranate_7,Fruit and vegetable,Brno_1
2632,528.6626444999999,1.0,28.0,0.0,1.0,False,0.0,0.0,LOW,Vegetable_14,Fruit and vegetable,Prague_1
2165,525.632235,,,,1.0,True,0.0,0.0,LOW,Apricot_7,Fruit and vegetable,Budapest_1
48,523.66607,1.0,28.0,0.0,1.0,False,0.0,0.0,LOW,Toust_1,Bakery,Prague_2
4676,522.7224434999999,1.0,28.0,0.0,1.0,False,0.0,0.0,LOW,Tortilla_15,Bakery,Prague_1
3636,519.641236,1.0,28.0,0.0,1.0,False,0.0,0.0,LOW,Croissant_26,Bakery,Prague_3
2150,518.986202,1.0,28.0,0.0,1.0,False,0.0,0.0,LOW,Cabbage_7,Fruit and vegetable,Prague_3
4162,518.651473,1.0,28.0,0.0,1.0,False,0.0,0.0,LOW,Pork_28,Meat and fish,Prague_3
4206,518.6377939,1.0,28.0,0.0,1.0,False,0.0,0.0,LOW,Toust_29,Bakery,Prague_3
2602,514.5624685,1.0,28.0,0.0,1.0,False,0.0,0.0,LOW,Bread_96,Bakery,Budapest_1
1928,514.488733,,,,1.0,True,0.0,0.0,LOW,Lettuce_21,Fruit and vegetable,Munich_1
1340,513.052605,1.0,28.0,0.0,1.0,False,0.0,0.0,LOW,Herb_2,Fruit and vegetable,Brno_1
324,507.998274,1.0,28.0,0.0,1.0,False,0.0,0.0,LOW,Tortilla_0,Bakery,Prague_1
2180,507.871988,1.0,28.0,0.0,1.0,False,0.0,0.0,LOW,Toust_14,Bakery,Prague_1
2954,506.291534,1.0,28.0,0.0,1.0,False,0.0,0.0,LOW,Toust_19,Bakery,Frankfurt_1
2810,503.173089,1.0,28.0,0.0,1.0,False,0.0,0.0,LOW,Salmon_8,Meat and fish,Budapest_1
24,501.009481,1.0,28.0,0.0,1.0,False,0.0,0.0,LOW,Melon_0,Fruit and vegetable,Prague_2
1101,500.503556,1.0,28.0,0.0,1.0,False,0.0,0.0,LOW,Pork_11,Meat and fish,Prague_3
4452,499.700473,,,,1.0,True,0.0,0.0,LOW,Pepper_25,Fruit and vegetable,Budapest_1
896,497.506242,1.0,28.0,0.0,1.0,False,0.0,0.0,LOW,Toust_7,Bakery,Prague_3
239,493.898216,1.0,28.0,0.0,1.0,False,0.0,0.0,LOW,Baguette_3,Bakery,Prague_1
288,490.947745,1.0,28.0,0.0,1.0,False,0.0,0.0,LOW,Pastry_15,Bakery,Prague_2
4209,489.230864,1.0,28.0,0.0,1.0,False,0.0,0.0,LOW,Bread_172,Bakery,Prague_2
3266,487.806967,1.0,28.0,0.0,1.0,False,0.0,0.0,LOW,Muffin_4,Bakery,Frankfurt_1
4335,487.80696,,,,1.0,True,0.0,0.0,LOW,Potato_67,Fruit and vegetable,Prague_1
1999,486.000091,1.0,28.0,0.0,1.0,False,0.0,0.0,LOW,Toust_13,Bakery,Prague_2
5150,481.57797,1.0,28.0,0.0,1.0,False,0.0,0.0,LOW,Salmon_18,Meat and fish,Budapest_1
3556,479.1455365,1.0,28.0,0.0,1.0,False,0.0,0.0,LOW,Bread_138,Bakery,Budapest_1
2478,478.454565,,,,1.0,True,0.0,0.0,LOW,Tomato_50,Fruit and vegetable,Budapest_1
5154,475.274521,1.0,28.0,0.0,1.0,False,0.0,0.0,LOW,Rice Cake_3,Bakery,Budapest_1
1626,474.348955,1.0,28.0,0.0,1.0,False,0.0,0.0,LOW,Cake_2,Bakery,Frankfurt_1
1997,470.785591,1.0,28.0,0.0,1.0,False,0.0,0.0,LOW,Toust_13,Bakery,Prague_3
3355,470.411155,,,,1.0,True,0.0,0.0,LOW,Garlic_11,Fruit and vegetable,Budapest_1
557,465.856611,1.0,28.0,0.0,1.0,False,0.0,0.0,LOW,Radish_2,Fruit and vegetable,Prague_3
938,464.2959165,1.0,28.0,0.0,1.0,False,0.0,0.0,LOW,Pork_9,Meat and fish,Prague_3
4824,462.4260105,1.0,28.0,0.0,1.0,False,0.0,0.0,LOW,Croissant_34,Bakery,Prague_2
3213,460.069058,1.0,28.0,0.0,1.0,False,0.0,0.0,LOW,Breadcrumb_6,Bakery,Budapest_1
5327,459.3054975,1.0,28.0,0.0,1.0,False,0.0,0.0,LOW,Beef_28,Meat and fish,Prague_2
4378,455.895295,1.0,28.0,0.0,1.0,False,0.0,0.0,LOW,Cake_9,Bakery,Prague_3
4626,455.004977,1.0,28.0,0.0,1.0,False,0.0,0.0,LOW,Shallot_2,Fruit and vegetable,Prague_1
1127,453.4918745,1.0,28.0,0.0,1.0,False,0.0,0.0,LOW,Pastry_48,Bakery,Prague_3
2994,448.6758715,1.0,28.0,0.0,1.0,False,0.0,0.0,LOW,Cracker_2,Bakery,Prague_1
173,448.451719,,,,1.0,True,0.0,0.0,LOW,Watermelon_2,Fruit and vegetable,Brno_1
3217,446.90153499999997,1.0,28.0,0.0,1.0,False,0.0,0.0,LOW,Bread_125,Bakery,Frankfurt_1
2178,446.0177485,1.0,28.0,0.0,1.0,False,0.0,0.0,LOW,Toust_14,Bakery,Brno_1
3513,445.76430500000004,1.0,28.0,0.0,1.0,False,0.0,0.0,LOW,Bagel_8,Bakery,Prague_3
3593,443.0457465,1.0,28.0,0.0,1.0,False,0.0,0.0,LOW,Bread_141,Bakery,Prague_1
1647,442.717781,1.0,28.0,0.0,1.0,False,0.0,0.0,LOW,Cracker_0,Bakery,Prague_3
3127,439.5989865,1.0,28.0,0.0,1.0,False,0.0,0.0,LOW,Bread_121,Bakery,Frankfurt_1
5214,435.8886955,1.0,28.0,0.0,1.0,False,0.0,0.0,LOW,Toust_41,Bakery,Prague_2
4825,431.2075686,1.0,28.0,0.0,1.0,False,0.0,0.0,LOW,Croissant_34,Bakery,Prague_3
2737,430.45475700000003,1.0,28.0,0.0,1.0,False,0.0,0.0,LOW,Dessert_0,Bakery,Prague_2
2812,428.271111,1.0,28.0,0.0,1.0,False,0.0,0.0,LOW,Tortilla_9,Bakery,Budapest_1
3817,425.26457,1.0,28.0,0.0,1.0,False,0.0,0.0,LOW,Toust_25,Bakery,Prague_1
325,422.343201,1.0,28.0,0.0,1.0,False,0.0,0.0,LOW,Tortilla_0,Bakery,Brno_1
4234,422.1324845,1.0,28.0,0.0,1.0,False,0.0,0.0,LOW,Date_1,Fruit and vegetable,Prague_3
4569,418.02028,1.0,28.0,0.0,1.0,False,0.0,0.0,LOW,Tomato_103,Fruit and vegetable,Munich_1
1303,416.37909,1.0,28.0,0.0,1.0,False,0.0,0.0,LOW,Pastry_57,Bakery,Prague_3
3537,414.75901999999996,,,,1.0,True,0.0,0.0,LOW,Raspberry_7,Fruit and vegetable,Budapest_1
4211,412.0545425,1.0,28.0,0.0,1.0,False,0.0,0.0,LOW,Bread_172,Bakery,Prague_3
4382,411.342512,1.0,28.0,0.0,1.0,False,0.0,0.0,LOW,Tortilla_14,Bakery,Frankfurt_1
2722,408.511643,1.0,28.0,0.0,1.0,False,0.0,0.0,LOW,Tortilla_8,Bakery,Prague_2
1859,406.6082765,1.0,28.0,0.0,1.0,False,0.0,0.0,LOW,Baguette_11,Bakery,Prague_3
2738,405.1538995,1.0,28.0,0.0,1.0,False,0.0,0.0,LOW,Dessert_0,Bakery,Prague_3
238,404.74289450000003,1.0,28.0,0.0,1.0,False,0.0,0.0,LOW,Baguette_3,Bakery,Brno_1
5205,403.123675,1.0,28.0,0.0,1.0,False,0.0,0.0,LOW,Bread_221,Bakery,Budapest_1
3064,402.2165565,1.0,28.0,0.0,1.0,False,0.0,0.0,LOW,Bread_119,Bakery,Budapest_1
5378,400.116133,1.0,28.0,0.0,1.0,False,0.0,0.0,LOW,Tortilla_16,Bakery,Prague_2
3762,397.760016,1.0,28.0,0.0,1.0,False,0.0,0.0,LOW,Pork_26,Meat and fish,Prague_2
3081,395.197965,1.0,28.0,0.0,1.0,False,0.0,0.0,LOW,Shallot_1,Fruit and vegetable,Prague_2
2474,394.2385025,1.0,28.0,0.0,1.0,False,0.0,0.0,LOW,Tortilla_6,Bakery,Budapest_1
3697,391.8037345,1.0,28.0,0.0,1.0,False,0.0,0.0,LOW,Pastry_139,Bakery,Prague_3
3378,390.8411645,1.0,28.0,0.0,1.0,False,0.0,0.0,LOW,Snack_5,Bakery,Prague_1
678,390.191874,,,,1.0,True,0.0,0.0,LOW,Eggplant_0,Fruit and vegetable,Budapest_1
282,386.972542,,,,1.0,True,0.0,0.0,LOW,Nectarine_0,Fruit and vegetable,Prague_1
711,386.6193245,1.0,28.0,0.0,1.0,False,0.0,0.0,LOW,Pastry_30,Bakery,Budapest_1
4969,379.098061,1.0,28.0,0.0,1.0,False,0.0,0.0,LOW,Cabbage_22,Fruit and vegetable,Prague_3
1239,378.461123,,,,1.0,True,0.0,0.0,LOW,Cucumber_12,Fruit and vegetable,Munich_1
5058,377.801848,1.0,28.0,0.0,1.0,False,0.0,0.0,LOW,Bread_214,Bakery,Budapest_1
1796,375.730907,1.0,28.0,0.0,1.0,False,0.0,0.0,LOW,Tomato_37,Fruit and vegetable,Prague_2
1644,374.4825835,1.0,28.0,0.0,1.0,False,0.0,0.0,LOW,Cracker_0,Bakery,Prague_2
1717,373.877489,1.0,28.0,0.0,1.0,False,0.0,0.0,LOW,Bread_69,Bakery,Prague_2
1286,373.685434,1.0,28.0,0.0,1.0,False,0.0,0.0,LOW,Salmon_4,Meat and fish,Frankfurt_1
5019,372.657967,1.0,28.0,0.0,1.0,False,0.0,0.0,LOW,Pork_36,Meat and fish,Brno_1
4233,370.9540575,1.0,28.0,0.0,1.0,False,0.0,0.0,LOW,Date_1,Fruit and vegetable,Prague_2
996,368.399084,1.0,28.0,0.0,1.0,False,0.0,0.0,LOW,Bread_42,Bakery,Prague_1
1442,366.8168155,1.0,28.0,0.0,1.0,False,0.0,0.0,LOW,Hot Dog_0,Bakery,Budapest_1
4675,359.9984278,1.0,28.0,0.0,1.0,False,0.0,0.0,LOW,Tortilla_15,Bakery,Prague_3
658,354.38730499999997,,,,1.0,True,0.0,0.0,LOW,Apricot_0,Fruit and vegetable,Prague_1
679,351.778712,,,,1.0,True,0.0,0.0,LOW,Nectarine_2,Fruit and vegetable,Budapest_1
2631,351.3046715,1.0,28.0,0.0,1.0,False,0.0,0.0,LOW,Vegetable_14,Fruit and vegetable,Prague_2
207,347.106347,1.0,28.0,0.0,1.0,False,0.0,0.0,LOW,Pork_1,Meat and fish,Prague_3
3690,346.9596325,1.0,28.0,0.0,1.0,False,0.0,0.0,LOW,Bread_145,Bakery,Frankfurt_1
3789,343.085034,,,,1.0,True,0.0,0.0,LOW,Potato_59,Fruit and vegetable,Munich_1
3389,341.078101,1.0,28.0,0.0,1.0,False,0.0,0.0,LOW,Pork_23,Meat and fish,Prague_3
4856,337.2333075,1.0,28.0,0.0,1.0,False,0.0,0.0,LOW,Croissant_36,Bakery,Prague_2
4467,335.5623915,1.0,28.0,0.0,1.0,False,0.0,0.0,LOW,Toust_34,Bakery,Prague_3
2717,334.89199,,,,1.0,True,0.0,0.0,LOW,Peach_9,Fruit and vegetable,Brno_1
96,331.061105,,,,1.0,True,0.0,0.0,LOW,Pepper_0,Fruit and vegetable,Brno_1
4334,330.18534999999997,,,,1.0,True,0.0,0.0,LOW,Potato_67,Fruit and vegetable,Prague_2
4677,330.0115214,1.0,28.0,0.0,1.0,False,0.0,0.0,LOW,Tortilla_15,Bakery,Prague_2
2380,325.586364,,,,1.0,True,0.0,0.0,LOW,Watermelon_11,Fruit and vegetable,Prague_2
2322,324.590256,1.0,28.0,0.0,1.0,False,0.0,0.0,LOW,Pastry_97,Bakery,Prague_3
2718,324.493789,,,,1.0,True,0.0,0.0,LOW,Peach_9,Fruit and vegetable,Prague_1
756,324.4760675,1.0,28.0,0.0,1.0,False,0.0,0.0,LOW,Corn_0,Fruit and vegetable,Frankfurt_1
3311,324.2789314,1.0,28.0,0.0,1.0,False,0.0,0.0,LOW,Bread_130,Bakery,Frankfurt_1
5379,323.060714,1.0,28.0,0.0,1.0,False,0.0,0.0,LOW,Tortilla_16,Bakery,Prague_3
2921,321.12231429999997,1.0,28.0,0.0,1.0,False,0.0,0.0,LOW,Croissant_21,Bakery,Prague_2
5282,318.8909585,1.0,28.0,0.0,1.0,False,0.0,0.0,LOW,Pita_2,Bakery,Prague_3
2376,318.8230461,1.0,28.0,0.0,1.0,False,0.0,0.0,LOW,Chicken_51,Meat and fish,Prague_2
169,315.1267863,1.0,28.0,0.0,1.0,False,0.0,0.0,LOW,Biscuit_0,Bakery,Brno_1
3079,314.8235,1.0,28.0,0.0,1.0,False,0.0,0.0,LOW,Shallot_1,Fruit and vegetable,Prague_3
5229,311.773932,1.0,28.0,0.0,1.0,False,0.0,0.0,LOW,Muffin_5,Bakery,Prague_2
4853,311.2374205,1.0,28.0,0.0,1.0,False,0.0,0.0,LOW,Croissant_36,Bakery,Prague_3
3912,308.667635,,,,1.0,True,0.0,0.0,LOW,Strawberry_29,Fruit and vegetable,Prague_1
1714,305.44806800000003,1.0,28.0,0.0,1.0,False,0.0,0.0,LOW,Bread_69,Bakery,Prague_3
3577,304.815774,1.0,28.0,0.0,1.0,False,0.0,0.0,LOW,Salmon_13,Meat and fish,Prague_1
4988,304.385039,1.0,28.0,0.0,1.0,False,0.0,0.0,LOW,Bread_210,Bakery,Munich_1
4333,304.3679,,,,1.0,True,0.0,0.0,LOW,Potato_67,Fruit and vegetable,Brno_1
2992,302.268747,1.0,28.0,0.0,1.0,False,0.0,0.0,LOW,Cracker_2,Bakery,Prague_2
3700,301.4426782,1.0,28.0,0.0,1.0,False,0.0,0.0,LOW,Pastry_139,Bakery,Prague_2
2995,299.2823413,1.0,28.0,0.0,1.0,False,0.0,0.0,LOW,Cracker_2,Bakery,Prague_3
168,297.607667,1.0,28.0,0.0,1.0,False,0.0,0.0,LOW,Biscuit_0,Bakery,Prague_3
3737,297.40500499999996,1.0,28.0,0.0,1.0,False,0.0,0.0,LOW,Leek_5,Fruit and vegetable,Munich_1
2324,296.7396255,1.0,28.0,0.0,1.0,False,0.0,0.0,LOW,Pastry_97,Bakery,Prague_2
3910,294.894099,,,,1.0,True,0.0,0.0,LOW,Strawberry_29,Fruit and vegetable,Prague_3
5217,294.576407,1.0,28.0,0.0,1.0,False,0.0,0.0,LOW,Toust_41,Bakery,Prague_3
2723,289.0948405,1.0,28.0,0.0,1.0,False,0.0,0.0,LOW,Tortilla_8,Bakery,Prague_3
5017,288.9495553,1.0,28.0,0.0,1.0,False,0.0,0.0,LOW,Pork_36,Meat and fish,Prague_1
3377,286.688645,1.0,28.0,0.0,1.0,False,0.0,0.0,LOW,Snack_5,Bakery,Prague_2
4404,286.6775656,1.0,28.0,0.0,1.0,False,0.0,0.0,LOW,Bread_183,Bakery,Prague_2
167,283.7489176,1.0,28.0,0.0,1.0,False,0.0,0.0,LOW,Biscuit_0,Bakery,Prague_2
2179,283.0888355,1.0,28.0,0.0,1.0,False,0.0,0.0,LOW,Toust_14,Bakery,Prague_2
3703,276.5417415,1.0,28.0,0.0,1.0,False,0.0,0.0,LOW,Orange_22,Fruit and vegetable,Prague_3
656,274.720484,,,,1.0,True,0.0,0.0,LOW,Apricot_0,Fruit and vegetable,Prague_3
5263,271.9992754,1.0,28.0,0.0,1.0,False,0.0,0.0,LOW,Shrimp_1,Meat and fish,Frankfurt_1
4627,271.7586372,1.0,28.0,0.0,1.0,False,0.0,0.0,LOW,Shallot_2,Fruit and vegetable,Prague_3
4402,268.8173608,1.0,28.0,0.0,1.0,False,0.0,0.0,LOW,Bread_183,Bakery,Prague_3
3038,267.3298049,1.0,28.0,0.0,1.0,False,0.0,0.0,LOW,Garlic_9,Fruit and vegetable,Prague_3
2923,267.09979169999997,1.0,28.0,0.0,1.0,False,0.0,0.0,LOW,Croissant_21,Bakery,Prague_3
4831,256.148346,1.0,28.0,0.0,1.0,False,0.0,0.0,LOW,Cabbage_19,Fruit and vegetable,Budapest_1
237,254.4537911,1.0,28.0,0.0,1.0,False,0.0,0.0,LOW,Baguette_3,Bakery,Prague_2
3590,246.9812385,1.0,28.0,0.0,1.0,False,0.0,0.0,LOW,Bread_141,Bakery,Prague_2
3290,246.88513,,,,1.0,True,0.0,0.0,LOW,Cherry_8,Fruit and vegetable,Budapest_1
2373,244.189979,1.0,28.0,0.0,1.0,False,0.0,0.0,LOW,Pork_20,Meat and fish,Prague_3
3100,241.80238500000002,,,,1.0,True,0.0,0.0,LOW,Broccoli_7,Fruit and vegetable,Frankfurt_1
3732,240.6054767,1.0,28.0,0.0,1.0,False,0.0,0.0,LOW,Pork_25,Meat and fish,Prague_3
3730,239.2944205,1.0,28.0,0.0,1.0,False,0.0,0.0,LOW,Pork_25,Meat and fish,Prague_2
2379,238.690087,,,,1.0,True,0.0,0.0,LOW,Watermelon_11,Fruit and vegetable,Prague_3
3016,238.5747675,1.0,28.0,0.0,1.0,False,0.0,0.0,LOW,Tortilla_10,Bakery,Frankfurt_1
2359,237.7422114,1.0,28.0,0.0,1.0,False,0.0,0.0,LOW,Pastry_103,Bakery,Frankfurt_1
5020,237.2125638,1.0,28.0,0.0,1.0,False,0.0,0.0,LOW,Pork_36,Meat and fish,Prague_2
1874,235.35441500000002,1.0,28.0,0.0,1.0,False,0.0,0.0,LOW,Pastry_80,Bakery,Prague_1
3959,232.124428,,,,1.0,True,0.0,0.0,LOW,Kohlrabi_5,Fruit and vegetable,Frankfurt_1
3533,227.11387100000002,,,,1.0,True,0.0,0.0,LOW,Cabbage_14,Fruit and vegetable,Munich_1
2211,224.28341,,,,1.0,True,0.0,0.0,LOW,Strawberry_16,Fruit and vegetable,Prague_3
4106,222.5338965,,,,1.0,True,0.0,0.0,LOW,Pepper_21,Fruit and vegetable,Budapest_1
3376,221.8191362,1.0,28.0,0.0,1.0,False,0.0,0.0,LOW,Snack_5,Bakery,Prague_3
3884,221.286596,,,,1.0,True,0.0,0.0,LOW,Cabbage_15,Fruit and vegetable,Budapest_1
1343,212.9279046,1.0,28.0,0.0,1.0,False,0.0,0.0,LOW,Herb_2,Fruit and vegetable,Prague_3
3039,210.9432519,1.0,28.0,0.0,1.0,False,0.0,0.0,LOW,Garlic_9,Fruit and vegetable,Prague_2
236,206.0544978,1.0,28.0,0.0,1.0,False,0.0,0.0,LOW,Baguette_3,Bakery,Prague_3
326,205.5060575,1.0,28.0,0.0,1.0,False,0.0,0.0,LOW,Tortilla_0,Bakery,Prague_2
5228,201.8305126,1.0,28.0,0.0,1.0,False,0.0,0.0,LOW,Muffin_5,Bakery,Prague_3
2482,200.924544,1.0,28.0,0.0,1.0,False,0.0,0.0,LOW,Tortilla_7,Bakery,Prague_3
2181,198.1921867,1.0,28.0,0.0,1.0,False,0.0,0.0,LOW,Toust_14,Bakery,Prague_3
1564,194.6487348,,,,1.0,True,0.0,0.0,LOW,Lettuce_16,Fruit and vegetable,Prague_2
4215,191.69112,,,,1.0,True,0.0,0.0,LOW,Onion_41,Fruit and vegetable,Budapest_1
5018,189.17509470000002,1.0,28.0,0.0,1.0,False,0.0,0.0,LOW,Pork_36,Meat and fish,Prague_3
4205,188.18878,1.0,28.0,0.0,1.0,False,0.0,0.0,LOW,Toust_29,Bakery,Prague_2
323,182.4414432,1.0,28.0,0.0,1.0,False,0.0,0.0,LOW,Tortilla_0,Bakery,Prague_3
3592,181.6766974,1.0,28.0,0.0,1.0,False,0.0,0.0,LOW,Bread_141,Bakery,Prague_3
2886,181.132828,1.0,28.0,0.0,1.0,False,0.0,0.0,LOW,Easter decoration_0,Fruit and vegetable,Brno_1
5320,178.774903,,,,1.0,True,0.0,0.0,LOW,Strawberry_44,Fruit and vegetable,Prague_2
995,178.6102739,1.0,28.0,0.0,1.0,False,0.0,0.0,LOW,Bread_42,Bakery,Prague_3
3181,168.12423,,,,1.0,True,0.0,0.0,LOW,Peach_12,Fruit and vegetable,Budapest_1
659,164.482293,,,,1.0,True,0.0,0.0,LOW,Apricot_0,Fruit and vegetable,Prague_2
4329,162.8316415,,,,1.0,True,0.0,0.0,LOW,Melon_13,Fruit and vegetable,Prague_1
4776,162.66165949999998,,,,1.0,True,0.0,0.0,LOW,Bread_201,Bakery,Prague_2
5168,162.2562727,1.0,28.0,0.0,1.0,False,0.0,0.0,LOW,Pastry_193,Bakery,Prague_2
998,161.7378087,1.0,28.0,0.0,1.0,False,0.0,0.0,LOW,Bread_42,Bakery,Prague_2
3432,158.642392,,,,1.0,True,0.0,0.0,LOW,Apricot_11,Fruit and vegetable,Budapest_1
2044,152.4632716,1.0,28.0,0.0,1.0,False,0.0,0.0,LOW,Bagel_5,Bakery,Prague_3
3578,150.3127296,1.0,28.0,0.0,1.0,False,0.0,0.0,LOW,Salmon_13,Meat and fish,Prague_3
3913,149.36414200000002,,,,1.0,True,0.0,0.0,LOW,Strawberry_29,Fruit and vegetable,Brno_1
2066,146.710413,,,,1.0,True,0.0,0.0,LOW,Bagel_6,Bakery,Prague_1
4634,142.7925418,1.0,28.0,0.0,1.0,False,0.0,0.0,LOW,Pastry_171,Bakery,Prague_2
4633,131.9135211,1.0,28.0,0.0,1.0,False,0.0,0.0,LOW,Pastry_171,Bakery,Prague_3
3115,130.66956389999999,1.0,28.0,0.0,1.0,False,0.0,0.0,LOW,Breadcrumb_5,Bakery,Prague_3
4131,129.18196,,,,1.0,True,0.0,0.0,LOW,Tomato_93,Fruit and vegetable,Munich_1
1877,128.6718367,1.0,28.0,0.0,1.0,False,0.0,0.0,LOW,Pastry_80,Bakery,Prague_3
2209,124.978962,,,,1.0,True,0.0,0.0,LOW,Strawberry_16,Fruit and vegetable,Prague_1
2449,122.156261,,,,1.0,True,0.0,0.0,LOW,Apple_70,Fruit and vegetable,Budapest_1
1876,113.807762,1.0,28.0,0.0,1.0,False,0.0,0.0,LOW,Pastry_80,Bakery,Prague_2
56,111.040192,,,,1.0,True,0.0,0.0,LOW,Lettuce_0,Fruit and vegetable,Prague_1
4327,108.0407032,,,,1.0,True,0.0,0.0,LOW,Melon_13,Fruit and vegetable,Brno_1
4515,106.58901900000001,1.0,28.0,0.0,1.0,False,0.0,0.0,LOW,Toust_35,Bakery,Prague_1
57,98.953447,,,,1.0,True,0.0,0.0,LOW,Lettuce_0,Fruit and vegetable,Prague_2
2719,98.2782516,,,,1.0,True,0.0,0.0,LOW,Peach_9,Fruit and vegetable,Prague_3
2716,96.2072604,,,,1.0,True,0.0,0.0,LOW,Peach_9,Fruit and vegetable,Prague_2
489,89.723449,,,,1.0,True,0.0,0.0,LOW,Cantaloupe_0,Fruit and vegetable,Budapest_1
3405,81.93407499999999,,,,1.0,True,0.0,0.0,LOW,Tomato_70,Fruit and vegetable,Frankfurt_1
1637,81.44953,,,,1.0,True,0.0,0.0,LOW,Carrot_14,Fruit and vegetable,Munich_1
4328,81.236664,,,,1.0,True,0.0,0.0,LOW,Melon_13,Fruit and vegetable,Prague_2
3815,79.621688,1.0,28.0,0.0,1.0,False,0.0,0.0,LOW,Toust_25,Bakery,Prague_3
4326,67.80340580000001,,,,1.0,True,0.0,0.0,LOW,Melon_13,Fruit and vegetable,Prague_3
1986,65.54579199999999,,,,1.0,True,0.0,0.0,LOW,Onion_16,Fruit and vegetable,Munich_1
3911,64.82260099999999,,,,1.0,True,0.0,0.0,LOW,Strawberry_29,Fruit and vegetable,Prague_2
5322,63.4841758,,,,1.0,True,0.0,0.0,LOW,Strawberry_44,Fruit and vegetable,Prague_1
3816,62.374725,1.0,28.0,0.0,1.0,False,0.0,0.0,LOW,Toust_25,Bakery,Brno_1
4304,57.840431,,,,1.0,True,0.0,0.0,LOW,Mandarin_15,Fruit and vegetable,Budapest_1
4517,53.193901499999996,1.0,28.0,0.0,1.0,False,0.0,0.0,LOW,Toust_35,Bakery,Prague_3
4518,50.710076,1.0,28.0,0.0,1.0,False,0.0,0.0,LOW,Toust_35,Bakery,Prague_2
58,44.4261173,,,,1.0,True,0.0,0.0,LOW,Lettuce_0,Fruit and vegetable,Prague_3
4516,37.617905,1.0,28.0,0.0,1.0,False,0.0,0.0,LOW,Toust_35,Bakery,Brno_1
4332,35.64585099999999,,,,1.0,True,0.0,0.0,LOW,Potato_67,Fruit and vegetable,Prague_3
765,33.021942,,,,1.0,True,0.0,0.0,LOW,Apricot_1,Fruit and vegetable,Prague_3
657,23.8065724,,,,1.0,True,0.0,0.0,LOW,Apricot_0,Fruit and vegetable,Brno_1
768,23.2758635,,,,1.0,True,0.0,0.0,LOW,Apricot_1,Fruit and vegetable,Prague_2
3818,16.105103,1.0,28.0,0.0,1.0,False,0.0,0.0,LOW,Toust_25,Bakery,Prague_2
1638,13.5518875,,,,1.0,True,0.0,0.0,LOW,Carrot_14,Fruit and vegetable,Frankfurt_1
